usage_id,customer_id,usage_date,feature,session_minutes,actions_count
USG00001,CUST0469,2022-07-08,Reporting,2.8,5
USG00002,CUST0142,2022-06-01,API Access,19.2,18
USG00003,CUST0017,2024-11-05,API Access,1.5,50
USG00004,CUST0400,2022-03-07,API Access,6.2,14
USG00005,CUST0112,2025-10-02,API Access,3.2,30
USG00006,CUST0381,2022-01-03,Bulk Import,35.3,58
USG00007,CUST0392,2024-02-01,Reporting,17.2,6
USG00008,CUST0163,2022-11-21,Analytics,0.5,31
USG00009,CUST0227,2024-08-08,Bulk Import,24.7,31
USG00010,CUST0121,2024-08-15,User Management,38.3,40
USG00011,CUST0328,2025-07-26,Automation,1.5,8
USG00012,CUST0251,2023-03-04,Integrations,4.4,30
USG00013,CUST0423,2025-09-21,API Access,30.0,32
USG00014,CUST0346,2024-06-09,Notifications,4.8,46
USG00015,CUST0426,2025-01-06,Integrations,1.4,55
USG00016,CUST0344,2023-07-23,API Access,16.6,79
USG00017,CUST0327,2022-11-01,Integrations,5.7,12
USG00018,CUST0380,2025-10-25,Reporting,2.9,47
USG00019,CUST0422,2024-10-24,Audit Logs,13.2,79
USG00020,CUST0130,2023-02-26,Dashboard,11.7,16
USG00021,CUST0212,2022-09-19,API Access,11.3,53
USG00022,CUST0350,2022-04-30,Notifications,12.4,80
USG00023,CUST0096,2025-08-28,Integrations,33.2,39
USG00024,CUST0199,2025-12-30,API Access,6.4,61
USG00025,CUST0254,2025-05-18,Notifications,1.3,30
USG00026,CUST0282,2024-02-05,Analytics,29.0,63
USG00027,CUST0169,2025-10-11,Dashboard,2.5,21
USG00028,CUST0304,2023-08-29,API Access,16.6,55
USG00029,CUST0345,2025-03-17,User Management,61.1,68
USG00030,CUST0227,2024-11-17,Automation,22.2,2
USG00031,CUST0228,2022-01-30,Automation,35.0,72
USG00032,CUST0063,2024-10-28,Notifications,2.6,25
USG00033,CUST0066,2025-11-24,Notifications,7.8,24
USG00034,CUST0382,2022-05-26,Audit Logs,3.0,40
USG00035,CUST0144,2022-01-14,Integrations,4.8,57
USG00036,CUST0247,2024-11-23,Bulk Import,0.6,32
USG00037,CUST0337,2024-04-28,User Management,15.2,64
USG00038,CUST0029,2025-08-21,Audit Logs,31.3,75
USG00039,CUST0106,2022-01-06,Reporting,14.9,52
USG00040,CUST0041,2023-07-02,Automation,24.6,31
USG00041,CUST0267,2022-10-21,Automation,15.7,4
USG00042,CUST0133,2022-06-08,Reporting,38.6,66
USG00043,CUST0369,2025-11-06,Dashboard,58.2,6
USG00044,CUST0419,2022-10-14,Integrations,2.5,8
USG00045,CUST0279,2022-09-26,Integrations,0.8,76
USG00046,CUST0185,2024-01-06,Analytics,76.7,7
USG00047,CUST0414,2024-12-18,Dashboard,6.2,50
USG00048,CUST0055,2024-07-04,Reporting,32.5,2
USG00049,CUST0316,2023-08-09,Notifications,35.8,24
USG00050,CUST0209,2024-08-11,API Access,40.9,79
USG00051,CUST0120,2022-09-07,Notifications,3.8,6
USG00052,CUST0215,2024-05-07,API Access,1.1,52
USG00053,CUST0403,2025-07-13,Bulk Import,8.2,55
USG00054,CUST0199,2023-01-10,Notifications,53.3,26
USG00055,CUST0092,2022-02-10,Automation,31.8,45
USG00056,CUST0043,2025-11-11,User Management,41.4,44
USG00057,CUST0012,2023-02-13,Integrations,24.4,8
USG00058,CUST0409,2025-11-24,API Access,3.0,36
USG00059,CUST0384,2025-09-15,Analytics,16.9,33
USG00060,CUST0198,2025-07-25,API Access,10.2,39
USG00061,CUST0300,2024-05-01,Analytics,11.3,33
USG00062,CUST0321,2022-09-03,User Management,3.3,65
USG00063,CUST0240,2022-02-05,Dashboard,49.1,2
USG00064,CUST0278,2022-08-13,Automation,25.7,57
USG00065,CUST0209,2024-07-05,Bulk Import,5.7,13
USG00066,CUST0013,2024-08-30,Automation,12.8,23
USG00067,CUST0153,2023-01-05,Integrations,7.1,70
USG00068,CUST0078,2023-04-03,Notifications,10.0,22
USG00069,CUST0013,2022-10-17,Automation,23.0,35
USG00070,CUST0256,2022-08-25,API Access,5.8,61
USG00071,CUST0386,2024-01-26,Notifications,13.9,54
USG00072,CUST0499,2024-06-14,Reporting,0.8,7
USG00073,CUST0025,2023-12-21,Audit Logs,1.6,16
USG00074,CUST0414,2024-02-20,Integrations,18.6,35
USG00075,CUST0392,2023-05-04,Audit Logs,4.4,27
USG00076,CUST0442,2024-11-06,Audit Logs,1.6,8
USG00077,CUST0102,2025-04-20,Analytics,59.7,29
USG00078,CUST0068,2023-10-18,API Access,18.1,68
USG00079,CUST0035,2022-02-08,Bulk Import,11.8,64
USG00080,CUST0190,2024-08-01,API Access,1.9,28
USG00081,CUST0085,2023-04-03,Bulk Import,2.6,25
USG00082,CUST0385,2025-09-24,Bulk Import,5.9,33
USG00083,CUST0304,2025-07-31,API Access,0.3,26
USG00084,CUST0499,2022-06-29,Automation,12.7,39
USG00085,CUST0300,2025-01-29,User Management,3.5,29
USG00086,CUST0121,2024-04-05,User Management,84.4,59
USG00087,CUST0033,2024-08-20,Notifications,5.2,63
USG00088,CUST0038,2022-05-17,Dashboard,9.9,25
USG00089,CUST0314,2023-12-10,User Management,28.1,73
USG00090,CUST0380,2023-01-12,Notifications,15.5,11
USG00091,CUST0495,2024-12-29,Integrations,37.9,22
USG00092,CUST0020,2024-09-11,Notifications,6.8,77
USG00093,CUST0479,2025-06-11,Dashboard,10.3,3
USG00094,CUST0235,2024-11-01,Analytics,17.2,50
USG00095,CUST0008,2024-01-07,Analytics,9.3,13
USG00096,CUST0067,2025-02-12,Integrations,14.4,17
USG00097,CUST0314,2025-12-17,Dashboard,78.2,41
USG00098,CUST0396,2023-09-16,Automation,8.1,31
USG00099,CUST0017,2024-10-06,API Access,4.5,26
USG00100,CUST0079,2023-02-10,Reporting,57.0,75
USG00101,CUST0316,2022-10-03,Bulk Import,17.9,53
USG00102,CUST0485,2022-07-13,Bulk Import,20.9,16
USG00103,CUST0036,2023-10-17,Analytics,14.2,28
USG00104,CUST0197,2023-10-12,User Management,28.8,49
USG00105,CUST0414,2025-09-29,Integrations,3.4,54
USG00106,CUST0240,2025-03-08,Audit Logs,19.7,44
USG00107,CUST0192,2024-12-18,Automation,1.0,26
USG00108,CUST0228,2023-12-18,Bulk Import,1.1,71
USG00109,CUST0197,2024-01-25,Analytics,17.7,32
USG00110,CUST0199,2023-08-17,Audit Logs,1.8,6
USG00111,CUST0399,2023-12-14,Automation,6.2,72
USG00112,CUST0384,2023-05-07,Reporting,40.3,24
USG00113,CUST0342,2022-12-02,Notifications,33.6,57
USG00114,CUST0398,2023-03-06,User Management,0.9,75
USG00115,CUST0276,2025-07-06,Automation,2.7,65
USG00116,CUST0062,2025-02-14,Reporting,8.8,61
USG00117,CUST0068,2024-10-02,Notifications,19.7,16
USG00118,CUST0004,2023-08-06,Dashboard,3.5,63
USG00119,CUST0326,2024-06-13,Reporting,12.4,41
USG00120,CUST0352,2023-06-20,Reporting,11.6,79
USG00121,CUST0051,2023-07-12,Bulk Import,0.1,8
USG00122,CUST0020,2022-02-01,Reporting,4.6,8
USG00123,CUST0274,2025-11-08,Integrations,23.0,36
USG00124,CUST0261,2025-04-20,Dashboard,5.3,2
USG00125,CUST0062,2023-05-22,Audit Logs,3.2,46
USG00126,CUST0038,2025-02-17,Reporting,15.6,60
USG00127,CUST0184,2022-10-29,User Management,6.1,58
USG00128,CUST0106,2023-08-15,API Access,8.5,67
USG00129,CUST0134,2023-09-28,Analytics,14.8,13
USG00130,CUST0295,2025-11-10,Bulk Import,24.6,26
USG00131,CUST0163,2024-03-24,API Access,17.5,57
USG00132,CUST0242,2022-04-02,Audit Logs,2.0,66
USG00133,CUST0358,2025-11-09,Reporting,16.6,78
USG00134,CUST0165,2024-11-12,Automation,4.5,67
USG00135,CUST0348,2024-02-09,API Access,9.9,73
USG00136,CUST0368,2025-07-24,Audit Logs,8.6,10
USG00137,CUST0106,2024-04-05,Analytics,20.7,75
USG00138,CUST0091,2025-03-21,Audit Logs,37.0,59
USG00139,CUST0322,2025-10-12,Dashboard,20.2,65
USG00140,CUST0244,2024-05-19,Analytics,7.9,38
USG00141,CUST0400,2024-05-18,API Access,33.0,58
USG00142,CUST0343,2023-10-17,Audit Logs,43.1,60
USG00143,CUST0382,2024-09-14,Automation,21.2,65
USG00144,CUST0012,2024-08-04,API Access,0.6,53
USG00145,CUST0411,2023-01-29,Automation,27.3,31
USG00146,CUST0279,2023-04-04,Audit Logs,4.9,60
USG00147,CUST0190,2025-11-16,Reporting,47.0,23
USG00148,CUST0337,2025-02-25,Bulk Import,9.3,44
USG00149,CUST0348,2024-07-03,Automation,18.6,70
USG00150,CUST0371,2024-01-24,User Management,33.0,1
USG00151,CUST0151,2024-01-07,Integrations,1.5,59
USG00152,CUST0494,2023-03-07,Integrations,1.2,28
USG00153,CUST0002,2023-11-12,Bulk Import,28.8,72
USG00154,CUST0464,2025-07-11,Bulk Import,13.4,2
USG00155,CUST0478,2025-10-16,Integrations,16.0,45
USG00156,CUST0258,2024-10-20,Analytics,17.3,28
USG00157,CUST0044,2024-12-06,Bulk Import,4.4,5
USG00158,CUST0340,2025-04-07,Reporting,32.2,77
USG00159,CUST0206,2022-01-21,Analytics,2.5,11
USG00160,CUST0268,2023-08-01,Automation,26.7,38
USG00161,CUST0492,2025-02-26,Notifications,6.7,59
USG00162,CUST0002,2025-01-23,User Management,14.0,51
USG00163,CUST0381,2022-08-17,Notifications,25.3,21
USG00164,CUST0231,2024-12-18,API Access,31.8,49
USG00165,CUST0188,2023-02-18,Analytics,8.4,7
USG00166,CUST0459,2023-05-29,Reporting,9.7,19
USG00167,CUST0499,2025-11-22,Analytics,59.8,23
USG00168,CUST0211,2024-11-01,Audit Logs,8.6,72
USG00169,CUST0043,2022-04-27,Reporting,39.8,32
USG00170,CUST0111,2022-07-26,API Access,37.4,51
USG00171,CUST0329,2022-05-07,Reporting,20.3,80
USG00172,CUST0058,2024-08-10,Reporting,11.3,1
USG00173,CUST0212,2023-11-15,Audit Logs,15.3,77
USG00174,CUST0120,2022-04-03,Notifications,29.9,67
USG00175,CUST0318,2025-02-01,Dashboard,2.9,11
USG00176,CUST0191,2025-02-11,Audit Logs,18.8,5
USG00177,CUST0244,2023-01-26,User Management,8.7,12
USG00178,CUST0370,2023-08-28,Reporting,50.1,62
USG00179,CUST0363,2023-06-10,Reporting,5.9,45
USG00180,CUST0286,2023-11-03,Reporting,29.6,24
USG00181,CUST0444,2023-02-27,API Access,8.2,10
USG00182,CUST0323,2023-09-10,Audit Logs,1.6,53
USG00183,CUST0317,2022-02-18,Automation,8.7,30
USG00184,CUST0402,2023-09-23,Bulk Import,9.2,3
USG00185,CUST0043,2023-08-27,User Management,4.2,23
USG00186,CUST0363,2023-10-12,Dashboard,1.2,73
USG00187,CUST0069,2024-01-20,Automation,9.1,60
USG00188,CUST0014,2024-03-15,Analytics,17.1,62
USG00189,CUST0379,2025-07-04,Reporting,31.1,27
USG00190,CUST0210,2023-09-25,API Access,2.9,36
USG00191,CUST0424,2024-06-06,User Management,26.5,9
USG00192,CUST0071,2023-10-10,Automation,7.6,4
USG00193,CUST0450,2025-10-01,User Management,3.9,45
USG00194,CUST0139,2022-06-05,Bulk Import,5.8,49
USG00195,CUST0416,2025-05-10,Integrations,16.5,33
USG00196,CUST0006,2024-04-07,API Access,1.9,27
USG00197,CUST0112,2024-07-22,Reporting,0.9,39
USG00198,CUST0489,2025-04-08,Reporting,36.1,55
USG00199,CUST0181,2023-07-28,Automation,60.9,34
USG00200,CUST0168,2025-12-27,Dashboard,23.8,72
USG00201,CUST0077,2022-11-21,Dashboard,8.1,78
USG00202,CUST0074,2024-02-24,Automation,4.9,20
USG00203,CUST0035,2024-03-11,Integrations,6.9,29
USG00204,CUST0105,2025-02-05,Analytics,8.1,16
USG00205,CUST0085,2025-11-23,Audit Logs,3.3,38
USG00206,CUST0471,2022-08-10,Integrations,12.9,28
USG00207,CUST0002,2022-02-24,Analytics,3.4,31
USG00208,CUST0171,2022-08-19,Bulk Import,4.3,80
USG00209,CUST0132,2024-01-16,Reporting,9.6,74
USG00210,CUST0070,2024-07-10,Analytics,2.3,74
USG00211,CUST0339,2024-10-03,Audit Logs,29.9,13
USG00212,CUST0369,2025-06-09,Integrations,4.9,42
USG00213,CUST0443,2023-05-25,Automation,8.1,11
USG00214,CUST0372,2023-05-22,API Access,10.2,70
USG00215,CUST0307,2022-10-09,User Management,71.9,3
USG00216,CUST0189,2025-11-18,Dashboard,15.4,14
USG00217,CUST0211,2024-07-03,Notifications,1.7,55
USG00218,CUST0427,2024-12-25,Audit Logs,13.9,10
USG00219,CUST0418,2022-09-21,User Management,6.0,71
USG00220,CUST0122,2022-07-18,Analytics,3.9,17
USG00221,CUST0475,2022-01-09,Automation,13.3,37
USG00222,CUST0015,2025-11-27,Notifications,37.9,19
USG00223,CUST0461,2022-11-29,Automation,42.6,18
USG00224,CUST0198,2024-06-05,Automation,10.9,72
USG00225,CUST0126,2024-03-15,Bulk Import,24.7,21
USG00226,CUST0264,2022-08-02,User Management,7.5,18
USG00227,CUST0410,2024-09-20,Bulk Import,5.9,45
USG00228,CUST0484,2023-07-23,User Management,11.3,12
USG00229,CUST0343,2023-10-02,Automation,5.7,10
USG00230,CUST0003,2024-07-27,Audit Logs,6.4,5
USG00231,CUST0303,2023-10-21,Integrations,25.4,28
USG00232,CUST0137,2023-05-21,Integrations,5.6,35
USG00233,CUST0041,2023-04-21,User Management,23.4,16
USG00234,CUST0457,2025-04-17,API Access,6.9,1
USG00235,CUST0164,2025-08-28,Audit Logs,10.7,41
USG00236,CUST0394,2023-06-25,Notifications,2.6,70
USG00237,CUST0206,2023-10-22,Notifications,0.5,55
USG00238,CUST0329,2023-12-11,Dashboard,2.0,55
USG00239,CUST0417,2023-01-19,Dashboard,6.4,58
USG00240,CUST0344,2022-09-13,User Management,17.1,37
USG00241,CUST0426,2024-09-01,Integrations,6.0,33
USG00242,CUST0464,2022-09-22,Analytics,2.2,23
USG00243,CUST0399,2025-11-03,Automation,0.1,55
USG00244,CUST0427,2022-04-16,Bulk Import,34.8,66
USG00245,CUST0136,2024-08-28,Bulk Import,34.6,77
USG00246,CUST0396,2023-01-09,Integrations,113.5,75
USG00247,CUST0265,2023-12-31,Integrations,17.7,1
USG00248,CUST0019,2025-04-30,User Management,26.2,26
USG00249,CUST0003,2025-10-22,User Management,12.2,11
USG00250,CUST0169,2022-11-18,Notifications,36.1,75
USG00251,CUST0103,2025-04-03,Dashboard,3.3,12
USG00252,CUST0017,2025-10-09,Integrations,3.3,77
USG00253,CUST0437,2022-10-06,API Access,32.7,74
USG00254,CUST0467,2025-03-14,Bulk Import,41.5,32
USG00255,CUST0258,2025-06-08,User Management,47.5,22
USG00256,CUST0335,2022-03-11,Automation,3.5,22
USG00257,CUST0235,2025-02-02,Dashboard,34.8,60
USG00258,CUST0370,2022-03-07,Dashboard,4.8,69
USG00259,CUST0080,2022-08-05,API Access,0.9,49
USG00260,CUST0421,2022-10-31,User Management,8.6,65
USG00261,CUST0401,2025-02-25,Audit Logs,8.3,74
USG00262,CUST0122,2025-10-13,Dashboard,14.0,15
USG00263,CUST0427,2022-06-22,Integrations,2.7,66
USG00264,CUST0324,2024-02-24,Dashboard,0.4,74
USG00265,CUST0461,2024-07-24,User Management,15.5,15
USG00266,CUST0080,2024-06-24,Reporting,8.4,75
USG00267,CUST0362,2023-04-26,Analytics,6.3,65
USG00268,CUST0120,2023-05-24,Notifications,2.4,45
USG00269,CUST0486,2025-09-19,Dashboard,25.3,19
USG00270,CUST0246,2025-03-25,Analytics,12.7,67
USG00271,CUST0077,2023-07-06,Automation,21.6,73
USG00272,CUST0407,2025-11-09,Notifications,14.0,55
USG00273,CUST0496,2022-06-02,API Access,6.7,24
USG00274,CUST0241,2025-03-07,API Access,20.1,77
USG00275,CUST0172,2023-10-26,Notifications,1.5,75
USG00276,CUST0236,2025-10-07,Notifications,1.0,60
USG00277,CUST0480,2025-05-14,Reporting,24.4,7
USG00278,CUST0183,2023-01-22,Automation,9.2,29
USG00279,CUST0368,2025-07-02,Integrations,2.2,61
USG00280,CUST0139,2023-06-29,Dashboard,56.9,12
USG00281,CUST0294,2024-12-27,Bulk Import,18.7,56
USG00282,CUST0327,2022-08-14,User Management,19.8,70
USG00283,CUST0365,2024-02-08,Reporting,1.2,39
USG00284,CUST0113,2022-08-26,Reporting,33.5,67
USG00285,CUST0173,2025-06-25,API Access,17.0,77
USG00286,CUST0104,2022-08-23,Audit Logs,2.9,50
USG00287,CUST0254,2025-04-04,API Access,2.3,27
USG00288,CUST0184,2025-09-01,Analytics,9.9,71
USG00289,CUST0092,2023-04-02,Reporting,4.4,58
USG00290,CUST0366,2022-02-17,Dashboard,21.7,73
USG00291,CUST0424,2022-08-28,Reporting,0.1,53
USG00292,CUST0195,2022-12-04,Integrations,5.8,35
USG00293,CUST0185,2024-02-27,API Access,26.7,73
USG00294,CUST0259,2023-10-06,Reporting,19.7,78
USG00295,CUST0494,2024-10-23,Reporting,18.5,63
USG00296,CUST0393,2025-09-21,API Access,35.2,9
USG00297,CUST0488,2025-05-09,Reporting,7.7,31
USG00298,CUST0314,2025-02-16,Dashboard,40.1,28
USG00299,CUST0216,2025-05-18,User Management,13.7,77
USG00300,CUST0162,2023-08-04,Audit Logs,5.7,68
USG00301,CUST0035,2022-05-23,Dashboard,56.2,54
USG00302,CUST0465,2024-03-31,Audit Logs,14.0,78
USG00303,CUST0418,2023-03-19,Automation,49.0,25
USG00304,CUST0068,2024-08-21,Audit Logs,57.7,22
USG00305,CUST0305,2024-02-28,User Management,0.3,31
USG00306,CUST0102,2024-07-04,API Access,0.1,73
USG00307,CUST0253,2025-03-06,Dashboard,19.2,56
USG00308,CUST0221,2024-11-22,Reporting,1.1,58
USG00309,CUST0085,2025-03-24,Reporting,10.5,49
USG00310,CUST0291,2022-02-06,API Access,16.7,4
USG00311,CUST0420,2023-11-04,Automation,23.2,38
USG00312,CUST0459,2023-12-26,API Access,22.5,26
USG00313,CUST0472,2022-06-24,Bulk Import,8.2,56
USG00314,CUST0303,2023-11-12,User Management,38.8,32
USG00315,CUST0202,2024-08-04,Bulk Import,2.0,19
USG00316,CUST0186,2024-04-20,Bulk Import,14.3,16
USG00317,CUST0005,2025-07-09,Bulk Import,37.2,31
USG00318,CUST0136,2022-06-15,Audit Logs,11.2,28
USG00319,CUST0017,2025-07-09,Bulk Import,2.3,55
USG00320,CUST0102,2022-12-20,API Access,7.4,68
USG00321,CUST0423,2022-06-23,Audit Logs,18.9,22
USG00322,CUST0143,2024-08-06,Analytics,1.9,47
USG00323,CUST0298,2025-01-22,Dashboard,10.8,65
USG00324,CUST0309,2023-09-30,Integrations,5.5,60
USG00325,CUST0338,2025-12-04,Dashboard,1.1,18
USG00326,CUST0234,2023-12-08,Audit Logs,10.6,53
USG00327,CUST0246,2022-07-09,Integrations,7.4,39
USG00328,CUST0329,2025-01-21,User Management,28.7,57
USG00329,CUST0446,2023-12-24,Reporting,16.3,9
USG00330,CUST0199,2025-06-14,Dashboard,63.3,9
USG00331,CUST0482,2025-09-12,User Management,0.5,76
USG00332,CUST0442,2023-11-17,User Management,48.1,39
USG00333,CUST0243,2025-03-16,Analytics,3.4,48
USG00334,CUST0112,2022-08-13,Analytics,7.7,71
USG00335,CUST0369,2025-06-13,Notifications,30.5,28
USG00336,CUST0220,2025-10-10,Dashboard,11.0,52
USG00337,CUST0306,2024-04-03,Notifications,7.9,20
USG00338,CUST0292,2025-08-12,User Management,3.6,31
USG00339,CUST0080,2023-10-19,Notifications,16.0,64
USG00340,CUST0007,2023-12-12,Bulk Import,1.2,17
USG00341,CUST0221,2022-04-30,Notifications,10.4,30
USG00342,CUST0338,2023-11-02,Dashboard,20.3,80
USG00343,CUST0328,2024-11-13,Dashboard,37.3,73
USG00344,CUST0109,2022-10-27,Notifications,2.3,54
USG00345,CUST0323,2023-02-27,Audit Logs,18.7,46
USG00346,CUST0141,2024-05-09,Dashboard,1.6,58
USG00347,CUST0134,2024-05-03,API Access,7.4,9
USG00348,CUST0279,2023-02-22,Integrations,28.3,56
USG00349,CUST0077,2023-11-19,User Management,50.0,58
USG00350,CUST0392,2022-01-12,Reporting,20.0,71
USG00351,CUST0099,2023-02-19,Integrations,18.6,8
USG00352,CUST0042,2023-10-27,Automation,0.8,52
USG00353,CUST0369,2023-09-25,Dashboard,27.3,13
USG00354,CUST0423,2024-02-02,Automation,4.8,10
USG00355,CUST0264,2023-08-28,Bulk Import,4.5,54
USG00356,CUST0137,2025-02-11,Notifications,7.5,14
USG00357,CUST0196,2023-06-14,Bulk Import,48.8,31
USG00358,CUST0187,2023-08-13,Audit Logs,2.9,45
USG00359,CUST0115,2025-12-12,Audit Logs,9.6,47
USG00360,CUST0434,2024-08-14,Reporting,8.6,25
USG00361,CUST0023,2023-03-05,Dashboard,4.2,17
USG00362,CUST0122,2024-06-07,Bulk Import,22.5,66
USG00363,CUST0035,2022-01-07,Reporting,12.9,11
USG00364,CUST0271,2023-11-16,API Access,12.1,12
USG00365,CUST0361,2024-01-24,Reporting,3.5,70
USG00366,CUST0424,2025-11-19,Automation,6.2,10
USG00367,CUST0368,2025-12-31,Reporting,16.2,39
USG00368,CUST0211,2025-11-29,API Access,17.9,61
USG00369,CUST0358,2024-03-06,Audit Logs,25.3,49
USG00370,CUST0115,2023-02-17,Analytics,10.8,14
USG00371,CUST0079,2022-09-09,Integrations,0.8,40
USG00372,CUST0467,2025-11-14,Notifications,21.2,16
USG00373,CUST0500,2024-06-29,API Access,8.6,80
USG00374,CUST0120,2022-12-20,Automation,93.5,7
USG00375,CUST0412,2023-01-14,User Management,68.7,17
USG00376,CUST0182,2024-07-10,Reporting,9.3,50
USG00377,CUST0243,2023-03-21,Automation,24.0,46
USG00378,CUST0386,2025-05-12,Audit Logs,17.4,21
USG00379,CUST0388,2022-05-16,Reporting,6.9,79
USG00380,CUST0122,2022-01-18,Audit Logs,48.2,75
USG00381,CUST0170,2022-04-24,Analytics,30.1,55
USG00382,CUST0499,2022-09-15,Dashboard,18.1,15
USG00383,CUST0129,2022-07-11,Notifications,45.5,32
USG00384,CUST0057,2022-06-09,Dashboard,17.1,15
USG00385,CUST0023,2025-10-26,User Management,9.0,7
USG00386,CUST0256,2023-01-16,Dashboard,6.7,44
USG00387,CUST0266,2024-05-05,Bulk Import,30.0,45
USG00388,CUST0069,2023-02-15,Bulk Import,33.2,46
USG00389,CUST0169,2025-11-05,Integrations,2.6,68
USG00390,CUST0182,2025-03-20,Integrations,24.1,2
USG00391,CUST0128,2023-03-16,Integrations,6.6,68
USG00392,CUST0422,2022-02-15,Notifications,26.7,53
USG00393,CUST0475,2025-12-26,Analytics,7.9,61
USG00394,CUST0220,2023-10-07,User Management,4.3,46
USG00395,CUST0450,2022-12-03,Bulk Import,15.1,33
USG00396,CUST0329,2022-05-30,Integrations,37.2,38
USG00397,CUST0266,2023-04-30,User Management,10.9,75
USG00398,CUST0096,2022-05-15,Reporting,9.4,66
USG00399,CUST0211,2024-08-11,Bulk Import,20.5,16
USG00400,CUST0435,2022-10-24,Integrations,4.3,35
USG00401,CUST0063,2025-07-23,Audit Logs,28.8,36
USG00402,CUST0352,2025-09-29,User Management,13.8,68
USG00403,CUST0276,2025-09-23,Analytics,27.1,40
USG00404,CUST0235,2023-11-04,Reporting,21.7,23
USG00405,CUST0090,2024-01-24,Notifications,2.7,76
USG00406,CUST0072,2022-09-29,Analytics,22.8,62
USG00407,CUST0050,2023-02-20,Audit Logs,1.6,30
USG00408,CUST0369,2022-09-23,Notifications,9.3,37
USG00409,CUST0041,2022-08-25,Integrations,4.3,77
USG00410,CUST0272,2023-06-25,API Access,24.2,19
USG00411,CUST0359,2025-03-15,Reporting,32.5,57
USG00412,CUST0133,2022-01-22,Analytics,28.4,57
USG00413,CUST0008,2025-09-28,Automation,1.1,80
USG00414,CUST0449,2024-08-01,Bulk Import,0.5,79
USG00415,CUST0484,2023-03-14,User Management,9.2,51
USG00416,CUST0122,2024-09-07,API Access,62.3,28
USG00417,CUST0438,2025-05-12,Reporting,25.7,75
USG00418,CUST0435,2025-01-29,Integrations,13.1,73
USG00419,CUST0259,2024-11-10,Automation,38.7,42
USG00420,CUST0009,2023-04-29,Audit Logs,12.5,69
USG00421,CUST0008,2023-10-22,API Access,0.2,5
USG00422,CUST0306,2022-09-01,API Access,1.8,12
USG00423,CUST0210,2022-09-30,Notifications,62.6,43
USG00424,CUST0309,2025-07-23,Analytics,3.2,61
USG00425,CUST0412,2025-12-17,Analytics,46.9,60
USG00426,CUST0331,2022-12-29,User Management,4.7,65
USG00427,CUST0266,2023-09-17,User Management,37.0,53
USG00428,CUST0321,2023-12-20,Reporting,22.2,35
USG00429,CUST0471,2024-07-15,API Access,4.1,5
USG00430,CUST0054,2023-06-16,Analytics,24.9,32
USG00431,CUST0422,2023-10-21,API Access,6.0,1
USG00432,CUST0070,2025-09-04,Integrations,2.7,79
USG00433,CUST0465,2024-12-03,Bulk Import,6.3,13
USG00434,CUST0162,2022-09-20,Dashboard,57.8,78
USG00435,CUST0194,2025-02-07,Audit Logs,13.2,30
USG00436,CUST0017,2025-03-04,Integrations,19.1,24
USG00437,CUST0116,2022-03-23,Integrations,22.8,40
USG00438,CUST0333,2024-10-20,Analytics,9.4,76
USG00439,CUST0340,2025-10-24,Analytics,36.8,26
USG00440,CUST0087,2022-11-22,Bulk Import,3.2,53
USG00441,CUST0347,2022-05-04,Dashboard,19.8,77
USG00442,CUST0426,2025-09-20,Notifications,12.0,42
USG00443,CUST0079,2023-08-25,Audit Logs,19.3,24
USG00444,CUST0288,2025-05-09,API Access,16.1,15
USG00445,CUST0110,2023-03-22,API Access,7.3,25
USG00446,CUST0042,2022-11-28,API Access,4.5,26
USG00447,CUST0336,2023-06-14,Analytics,10.1,29
USG00448,CUST0364,2024-05-22,Notifications,18.1,56
USG00449,CUST0234,2022-02-16,Automation,17.9,35
USG00450,CUST0403,2023-01-11,Reporting,1.4,34
USG00451,CUST0377,2023-11-08,Notifications,3.6,45
USG00452,CUST0297,2023-04-11,Integrations,1.9,71
USG00453,CUST0282,2023-12-22,API Access,0.0,50
USG00454,CUST0260,2025-05-05,User Management,28.8,2
USG00455,CUST0274,2024-12-06,Automation,23.4,7
USG00456,CUST0362,2022-11-01,Bulk Import,12.6,75
USG00457,CUST0457,2025-04-02,Integrations,28.4,69
USG00458,CUST0002,2025-02-18,Analytics,37.6,65
USG00459,CUST0459,2022-01-30,Reporting,0.6,44
USG00460,CUST0420,2023-01-04,Bulk Import,7.6,40
USG00461,CUST0138,2022-03-07,API Access,3.5,28
USG00462,CUST0155,2024-05-20,Reporting,53.4,13
USG00463,CUST0336,2023-04-24,Notifications,0.3,21
USG00464,CUST0389,2023-06-18,Integrations,40.8,6
USG00465,CUST0330,2025-09-11,API Access,1.0,80
USG00466,CUST0231,2022-01-10,Notifications,15.2,30
USG00467,CUST0477,2024-06-25,Notifications,23.8,66
USG00468,CUST0289,2022-04-07,User Management,12.8,75
USG00469,CUST0078,2023-12-14,Audit Logs,0.5,46
USG00470,CUST0315,2022-12-16,User Management,14.6,58
USG00471,CUST0410,2025-07-20,Dashboard,6.6,40
USG00472,CUST0392,2022-08-02,User Management,0.1,66
USG00473,CUST0309,2024-11-27,Notifications,12.0,74
USG00474,CUST0172,2022-06-08,API Access,21.6,52
USG00475,CUST0483,2022-11-25,Integrations,16.1,26
USG00476,CUST0353,2025-04-07,Dashboard,17.8,51
USG00477,CUST0432,2023-08-01,Dashboard,6.6,62
USG00478,CUST0292,2025-11-13,Automation,4.7,80
USG00479,CUST0080,2025-04-06,User Management,11.5,77
USG00480,CUST0078,2022-07-29,API Access,19.1,74
USG00481,CUST0146,2024-10-23,User Management,2.7,49
USG00482,CUST0382,2024-07-24,User Management,1.9,44
USG00483,CUST0191,2024-06-29,User Management,44.9,49
USG00484,CUST0178,2024-06-21,Bulk Import,7.6,54
USG00485,CUST0163,2024-06-26,Reporting,8.5,31
USG00486,CUST0312,2025-08-30,Reporting,1.8,52
USG00487,CUST0235,2024-01-26,Audit Logs,30.0,18
USG00488,CUST0243,2024-10-09,Reporting,10.1,64
USG00489,CUST0235,2025-01-26,Integrations,6.8,32
USG00490,CUST0218,2023-02-22,Integrations,7.1,2
USG00491,CUST0093,2022-06-17,Dashboard,3.3,72
USG00492,CUST0410,2025-11-21,Reporting,27.7,74
USG00493,CUST0046,2022-05-19,User Management,1.4,11
USG00494,CUST0070,2022-09-22,Dashboard,29.6,59
USG00495,CUST0245,2024-08-15,User Management,21.7,12
USG00496,CUST0494,2025-11-07,Notifications,15.1,13
USG00497,CUST0492,2023-07-16,Integrations,3.8,65
USG00498,CUST0045,2022-05-19,Integrations,5.4,69
USG00499,CUST0118,2024-09-05,Dashboard,12.8,4
USG00500,CUST0159,2022-03-30,Audit Logs,3.6,67
USG00501,CUST0015,2024-01-14,Notifications,5.6,25
USG00502,CUST0319,2023-08-14,Integrations,7.2,23
USG00503,CUST0060,2025-10-22,Notifications,1.1,23
USG00504,CUST0303,2022-08-10,API Access,31.3,38
USG00505,CUST0312,2024-06-12,Audit Logs,17.7,1
USG00506,CUST0377,2025-12-02,Integrations,15.3,20
USG00507,CUST0103,2023-04-28,Reporting,22.9,67
USG00508,CUST0021,2022-02-22,Bulk Import,38.1,31
USG00509,CUST0164,2023-09-12,User Management,7.8,75
USG00510,CUST0340,2024-01-08,Dashboard,14.3,73
USG00511,CUST0355,2022-02-11,Automation,55.6,42
USG00512,CUST0305,2025-05-03,Bulk Import,0.8,18
USG00513,CUST0433,2023-07-25,Dashboard,48.8,20
USG00514,CUST0350,2023-02-14,Analytics,21.2,49
USG00515,CUST0429,2023-07-20,Audit Logs,40.9,14
USG00516,CUST0071,2025-10-21,User Management,29.7,59
USG00517,CUST0476,2023-06-25,User Management,10.9,11
USG00518,CUST0268,2024-10-01,Audit Logs,3.3,3
USG00519,CUST0278,2024-06-02,Dashboard,40.7,17
USG00520,CUST0196,2024-11-25,Integrations,0.2,3
USG00521,CUST0010,2025-07-27,Integrations,16.2,69
USG00522,CUST0007,2025-07-30,Notifications,23.6,71
USG00523,CUST0109,2023-07-04,Analytics,6.8,41
USG00524,CUST0161,2025-06-02,Integrations,2.9,22
USG00525,CUST0092,2024-11-18,Bulk Import,2.0,80
USG00526,CUST0016,2023-10-18,Bulk Import,30.8,23
USG00527,CUST0115,2022-11-03,Automation,3.3,19
USG00528,CUST0177,2023-06-15,Integrations,5.6,51
USG00529,CUST0296,2024-11-22,Automation,14.6,11
USG00530,CUST0199,2025-01-17,Audit Logs,18.8,35
USG00531,CUST0421,2025-10-02,Integrations,84.4,22
USG00532,CUST0171,2023-01-28,Integrations,3.5,39
USG00533,CUST0331,2024-03-20,Reporting,16.6,73
USG00534,CUST0344,2022-04-03,Bulk Import,22.1,66
USG00535,CUST0313,2022-10-28,Reporting,4.9,30
USG00536,CUST0346,2025-11-19,API Access,22.6,23
USG00537,CUST0064,2023-06-17,API Access,19.5,39
USG00538,CUST0204,2022-09-26,Integrations,11.7,7
USG00539,CUST0328,2024-11-22,Audit Logs,45.1,80
USG00540,CUST0488,2023-06-24,User Management,3.3,23
USG00541,CUST0034,2025-06-10,Notifications,4.0,28
USG00542,CUST0385,2024-11-20,API Access,18.8,68
USG00543,CUST0169,2024-06-15,User Management,33.7,19
USG00544,CUST0138,2022-04-17,Analytics,19.4,71
USG00545,CUST0195,2025-08-01,Notifications,12.0,56
USG00546,CUST0155,2024-02-21,Notifications,25.7,65
USG00547,CUST0276,2024-11-28,Notifications,42.3,12
USG00548,CUST0129,2023-10-12,Notifications,33.0,29
USG00549,CUST0183,2023-04-01,Bulk Import,4.3,76
USG00550,CUST0455,2023-01-13,Automation,13.8,76
USG00551,CUST0384,2023-08-20,Dashboard,7.1,77
USG00552,CUST0134,2025-10-22,Notifications,8.6,14
USG00553,CUST0435,2022-12-12,Notifications,50.4,68
USG00554,CUST0091,2025-10-17,Dashboard,11.1,52
USG00555,CUST0118,2025-01-12,Dashboard,38.1,79
USG00556,CUST0274,2022-11-24,User Management,19.3,59
USG00557,CUST0255,2022-08-26,Notifications,22.7,58
USG00558,CUST0116,2022-06-11,Notifications,34.3,3
USG00559,CUST0050,2024-07-02,API Access,18.3,43
USG00560,CUST0083,2024-07-20,Notifications,37.1,62
USG00561,CUST0195,2022-08-18,Dashboard,39.7,59
USG00562,CUST0113,2023-09-01,User Management,21.2,78
USG00563,CUST0214,2025-02-28,Dashboard,27.7,63
USG00564,CUST0431,2025-12-06,Analytics,12.1,63
USG00565,CUST0408,2025-12-28,Bulk Import,1.0,3
USG00566,CUST0242,2023-08-10,Audit Logs,34.0,29
USG00567,CUST0057,2022-01-04,Dashboard,14.8,29
USG00568,CUST0236,2024-12-28,Notifications,29.5,16
USG00569,CUST0200,2025-12-18,API Access,28.1,3
USG00570,CUST0490,2023-02-06,Audit Logs,17.7,8
USG00571,CUST0197,2023-04-16,Bulk Import,51.6,2
USG00572,CUST0153,2024-01-27,User Management,4.1,32
USG00573,CUST0342,2023-03-27,Reporting,2.9,74
USG00574,CUST0291,2025-11-23,Dashboard,28.5,35
USG00575,CUST0427,2024-11-20,Bulk Import,2.1,79
USG00576,CUST0421,2025-12-08,API Access,15.0,73
USG00577,CUST0362,2022-10-10,Integrations,18.5,18
USG00578,CUST0330,2024-09-12,Bulk Import,0.7,76
USG00579,CUST0111,2024-12-04,Automation,38.6,74
USG00580,CUST0288,2024-03-22,Automation,37.3,13
USG00581,CUST0496,2024-05-09,Integrations,0.6,55
USG00582,CUST0269,2025-02-24,Analytics,43.5,6
USG00583,CUST0185,2025-01-16,Reporting,34.3,75
USG00584,CUST0052,2025-03-16,User Management,14.2,62
USG00585,CUST0027,2025-08-22,Analytics,21.6,69
USG00586,CUST0159,2023-06-10,User Management,31.4,76
USG00587,CUST0050,2025-01-22,API Access,1.5,14
USG00588,CUST0266,2025-10-01,Integrations,10.4,23
USG00589,CUST0250,2024-07-29,Automation,0.3,14
USG00590,CUST0489,2022-04-06,Bulk Import,12.3,44
USG00591,CUST0396,2022-12-26,Automation,0.3,21
USG00592,CUST0011,2024-08-31,Integrations,11.9,48
USG00593,CUST0120,2025-11-08,API Access,33.3,22
USG00594,CUST0380,2025-09-27,Integrations,5.0,16
USG00595,CUST0093,2023-03-30,User Management,1.3,50
USG00596,CUST0302,2023-04-24,Bulk Import,3.1,60
USG00597,CUST0340,2024-01-19,Audit Logs,10.4,60
USG00598,CUST0342,2022-08-13,Audit Logs,12.8,36
USG00599,CUST0318,2023-12-23,Automation,21.8,39
USG00600,CUST0436,2023-11-10,Notifications,6.1,8
USG00601,CUST0486,2025-01-07,Automation,5.4,69
USG00602,CUST0438,2025-07-05,Audit Logs,12.6,13
USG00603,CUST0332,2023-08-18,Analytics,28.0,79
USG00604,CUST0097,2022-07-11,Notifications,11.8,25
USG00605,CUST0305,2022-02-09,API Access,5.0,77
USG00606,CUST0002,2025-01-18,Reporting,1.6,2
USG00607,CUST0017,2024-09-14,Notifications,14.0,15
USG00608,CUST0490,2024-11-27,Integrations,23.7,27
USG00609,CUST0373,2023-05-28,Reporting,15.9,63
USG00610,CUST0063,2022-04-08,Automation,43.7,24
USG00611,CUST0247,2024-11-21,Reporting,17.6,30
USG00612,CUST0494,2022-11-04,Integrations,11.6,34
USG00613,CUST0021,2024-01-27,User Management,19.4,45
USG00614,CUST0128,2023-08-04,User Management,43.8,21
USG00615,CUST0344,2024-10-09,Audit Logs,32.6,38
USG00616,CUST0225,2024-06-15,Notifications,46.0,10
USG00617,CUST0353,2022-02-18,Analytics,46.7,72
USG00618,CUST0304,2025-03-10,Audit Logs,24.6,17
USG00619,CUST0320,2025-10-26,Analytics,2.3,61
USG00620,CUST0333,2024-12-25,Integrations,3.8,49
USG00621,CUST0067,2025-02-22,Integrations,6.9,78
USG00622,CUST0305,2023-02-23,Dashboard,14.2,67
USG00623,CUST0309,2024-10-08,Audit Logs,0.5,9
USG00624,CUST0137,2022-06-07,Integrations,52.7,21
USG00625,CUST0362,2023-03-21,API Access,28.8,72
USG00626,CUST0086,2024-06-08,Notifications,1.4,23
USG00627,CUST0446,2024-03-07,Integrations,3.4,42
USG00628,CUST0168,2022-07-29,Audit Logs,4.0,41
USG00629,CUST0325,2024-11-05,User Management,6.2,63
USG00630,CUST0054,2025-01-13,Integrations,38.7,65
USG00631,CUST0199,2022-07-23,Integrations,7.9,17
USG00632,CUST0046,2023-06-28,Automation,3.7,73
USG00633,CUST0474,2025-01-12,Integrations,12.5,16
USG00634,CUST0117,2024-09-13,Audit Logs,9.1,54
USG00635,CUST0335,2025-09-15,Notifications,13.0,4
USG00636,CUST0154,2022-07-19,Notifications,3.3,35
USG00637,CUST0041,2025-06-02,Automation,37.5,61
USG00638,CUST0271,2023-03-13,Notifications,9.7,69
USG00639,CUST0426,2023-06-13,Bulk Import,2.1,14
USG00640,CUST0109,2024-02-19,Notifications,14.9,13
USG00641,CUST0433,2023-10-31,Reporting,17.6,1
USG00642,CUST0400,2023-07-11,Audit Logs,24.9,45
USG00643,CUST0196,2024-11-16,API Access,1.7,73
USG00644,CUST0209,2024-02-04,Analytics,14.0,45
USG00645,CUST0001,2025-04-06,Automation,21.3,7
USG00646,CUST0413,2022-07-23,Dashboard,32.5,47
USG00647,CUST0316,2025-01-28,Notifications,22.1,78
USG00648,CUST0488,2022-12-04,Integrations,35.9,44
USG00649,CUST0370,2025-09-10,API Access,0.9,23
USG00650,CUST0260,2023-05-24,Reporting,19.5,24
USG00651,CUST0444,2022-12-12,API Access,5.6,37
USG00652,CUST0061,2025-03-13,API Access,47.7,2
USG00653,CUST0195,2022-01-28,Notifications,15.5,70
USG00654,CUST0104,2023-05-30,Analytics,11.4,57
USG00655,CUST0114,2025-06-21,Analytics,10.5,63
USG00656,CUST0408,2025-02-28,Dashboard,57.9,41
USG00657,CUST0356,2024-04-13,Automation,14.1,52
USG00658,CUST0332,2024-04-08,Notifications,17.5,39
USG00659,CUST0009,2025-11-23,Audit Logs,32.5,5
USG00660,CUST0356,2024-08-13,Integrations,3.4,15
USG00661,CUST0392,2023-07-16,Bulk Import,0.3,52
USG00662,CUST0054,2025-07-23,API Access,6.5,4
USG00663,CUST0063,2023-01-09,Audit Logs,1.5,79
USG00664,CUST0282,2023-11-13,Dashboard,19.7,42
USG00665,CUST0156,2023-07-30,Bulk Import,6.4,35
USG00666,CUST0450,2022-09-17,Bulk Import,4.6,42
USG00667,CUST0109,2022-03-11,Integrations,2.6,76
USG00668,CUST0184,2024-01-01,Reporting,1.5,63
USG00669,CUST0191,2024-11-12,Analytics,3.8,80
USG00670,CUST0191,2025-01-11,Dashboard,7.8,33
USG00671,CUST0306,2022-03-10,Notifications,0.1,34
USG00672,CUST0181,2025-10-05,Reporting,12.0,78
USG00673,CUST0153,2024-06-15,Integrations,9.9,9
USG00674,CUST0337,2022-03-10,Bulk Import,20.1,34
USG00675,CUST0254,2023-02-16,Reporting,25.4,33
USG00676,CUST0347,2025-04-26,Analytics,2.0,23
USG00677,CUST0328,2022-04-13,Bulk Import,13.8,78
USG00678,CUST0479,2024-01-08,API Access,12.7,41
USG00679,CUST0155,2024-08-26,Audit Logs,16.5,62
USG00680,CUST0493,2024-11-13,Reporting,10.0,54
USG00681,CUST0403,2022-03-30,Audit Logs,9.3,10
USG00682,CUST0081,2025-01-29,Bulk Import,14.5,37
USG00683,CUST0015,2025-12-15,Notifications,3.9,24
USG00684,CUST0066,2025-08-04,Notifications,92.4,42
USG00685,CUST0231,2024-08-02,User Management,40.6,60
USG00686,CUST0017,2022-03-23,Bulk Import,26.4,44
USG00687,CUST0143,2025-02-04,Bulk Import,19.9,40
USG00688,CUST0420,2024-02-04,Analytics,6.0,30
USG00689,CUST0403,2024-08-13,API Access,6.6,10
USG00690,CUST0127,2023-10-21,Analytics,8.1,61
USG00691,CUST0352,2022-06-22,API Access,30.5,50
USG00692,CUST0122,2024-04-01,Audit Logs,15.0,11
USG00693,CUST0420,2024-01-23,Integrations,10.8,76
USG00694,CUST0115,2022-04-03,Bulk Import,7.1,51
USG00695,CUST0188,2022-07-28,Analytics,22.9,36
USG00696,CUST0408,2024-04-17,Dashboard,9.2,52
USG00697,CUST0002,2025-03-01,Automation,35.7,31
USG00698,CUST0379,2023-11-05,Bulk Import,4.3,67
USG00699,CUST0160,2023-04-06,Automation,19.1,34
USG00700,CUST0460,2025-08-25,Integrations,8.0,37
USG00701,CUST0401,2025-03-29,Integrations,12.5,23
USG00702,CUST0153,2024-03-17,Analytics,10.3,27
USG00703,CUST0205,2025-06-04,Notifications,44.6,12
USG00704,CUST0025,2022-02-13,Dashboard,3.0,69
USG00705,CUST0409,2022-01-01,Dashboard,0.4,22
USG00706,CUST0156,2024-03-28,Analytics,34.0,60
USG00707,CUST0436,2024-11-06,Bulk Import,31.4,33
USG00708,CUST0242,2025-07-03,Audit Logs,40.2,51
USG00709,CUST0464,2022-10-22,Notifications,21.4,53
USG00710,CUST0267,2022-10-30,Audit Logs,25.9,21
USG00711,CUST0276,2022-06-24,Integrations,2.6,74
USG00712,CUST0090,2023-02-17,API Access,4.1,42
USG00713,CUST0482,2022-11-17,Notifications,1.4,76
USG00714,CUST0364,2024-03-20,Analytics,43.0,49
USG00715,CUST0128,2022-10-07,Audit Logs,25.1,25
USG00716,CUST0170,2022-02-20,Reporting,30.9,7
USG00717,CUST0179,2024-08-29,Dashboard,2.2,60
USG00718,CUST0166,2023-08-25,User Management,9.1,70
USG00719,CUST0175,2025-02-19,Analytics,5.6,15
USG00720,CUST0380,2023-10-25,Dashboard,11.0,26
USG00721,CUST0074,2022-09-28,Automation,4.5,41
USG00722,CUST0301,2023-04-09,User Management,16.4,49
USG00723,CUST0134,2024-09-30,User Management,1.3,4
USG00724,CUST0282,2025-07-29,Automation,10.8,14
USG00725,CUST0234,2024-02-17,User Management,14.8,53
USG00726,CUST0084,2024-12-17,Audit Logs,14.8,25
USG00727,CUST0483,2024-07-18,Automation,55.1,17
USG00728,CUST0346,2024-03-16,Dashboard,3.1,68
USG00729,CUST0229,2025-07-02,Analytics,4.4,47
USG00730,CUST0289,2023-12-30,Dashboard,1.3,9
USG00731,CUST0034,2025-10-05,Audit Logs,29.8,34
USG00732,CUST0397,2025-04-27,Audit Logs,7.7,42
USG00733,CUST0153,2023-11-21,Audit Logs,8.2,1
USG00734,CUST0067,2025-03-18,Analytics,8.2,73
USG00735,CUST0133,2022-04-29,API Access,28.2,80
USG00736,CUST0309,2023-06-09,API Access,20.4,76
USG00737,CUST0446,2023-06-17,API Access,2.9,10
USG00738,CUST0003,2022-03-18,Automation,12.6,61
USG00739,CUST0001,2024-07-14,Reporting,5.1,55
USG00740,CUST0016,2023-08-13,Integrations,1.2,13
USG00741,CUST0234,2022-01-13,Dashboard,6.1,70
USG00742,CUST0379,2024-08-23,API Access,2.8,6
USG00743,CUST0361,2024-12-13,User Management,14.4,41
USG00744,CUST0235,2023-12-12,API Access,22.1,67
USG00745,CUST0302,2022-10-19,Integrations,3.3,8
USG00746,CUST0436,2025-08-10,API Access,29.6,37
USG00747,CUST0237,2024-07-31,Reporting,0.3,49
USG00748,CUST0389,2025-05-14,Integrations,17.4,53
USG00749,CUST0165,2022-03-09,Notifications,81.8,49
USG00750,CUST0197,2024-11-23,Notifications,2.8,31
USG00751,CUST0259,2024-12-10,Automation,52.9,74
USG00752,CUST0046,2025-09-13,API Access,1.6,47
USG00753,CUST0004,2022-04-22,User Management,11.2,3
USG00754,CUST0028,2024-12-03,Automation,21.5,58
USG00755,CUST0306,2024-08-04,Automation,37.8,47
USG00756,CUST0266,2025-01-23,Integrations,11.1,40
USG00757,CUST0172,2023-04-25,Integrations,21.5,51
USG00758,CUST0177,2022-11-27,Integrations,7.4,55
USG00759,CUST0326,2023-03-03,User Management,13.6,59
USG00760,CUST0185,2025-10-24,Integrations,40.6,30
USG00761,CUST0305,2022-05-27,User Management,40.7,53
USG00762,CUST0202,2024-09-15,API Access,47.2,4
USG00763,CUST0196,2022-04-26,Audit Logs,68.6,38
USG00764,CUST0363,2022-06-24,Bulk Import,6.8,22
USG00765,CUST0049,2025-04-12,Notifications,2.0,6
USG00766,CUST0247,2022-09-05,Dashboard,5.8,35
USG00767,CUST0172,2022-03-15,API Access,26.0,75
USG00768,CUST0420,2025-04-04,Audit Logs,40.6,31
USG00769,CUST0255,2022-03-26,Audit Logs,32.9,3
USG00770,CUST0044,2024-12-19,Notifications,37.7,52
USG00771,CUST0397,2025-09-27,Bulk Import,9.0,42
USG00772,CUST0409,2023-09-13,Integrations,3.2,24
USG00773,CUST0295,2024-06-19,Analytics,13.3,60
USG00774,CUST0260,2025-11-20,Analytics,33.2,38
USG00775,CUST0244,2022-10-17,Audit Logs,3.5,64
USG00776,CUST0265,2022-06-27,Audit Logs,4.2,47
USG00777,CUST0103,2024-04-15,Notifications,6.7,36
USG00778,CUST0107,2023-01-19,Integrations,1.7,50
USG00779,CUST0045,2023-12-29,Integrations,3.8,14
USG00780,CUST0467,2025-06-01,Bulk Import,10.8,37
USG00781,CUST0142,2022-02-14,Automation,19.7,59
USG00782,CUST0339,2024-07-09,Audit Logs,4.5,23
USG00783,CUST0199,2023-08-17,Audit Logs,5.1,50
USG00784,CUST0107,2023-03-13,Analytics,2.9,30
USG00785,CUST0493,2024-10-01,API Access,18.4,27
USG00786,CUST0173,2024-08-14,Automation,18.0,62
USG00787,CUST0477,2025-08-24,Analytics,4.4,56
USG00788,CUST0249,2025-01-03,API Access,12.8,59
USG00789,CUST0340,2024-06-01,API Access,6.4,50
USG00790,CUST0305,2025-06-27,Audit Logs,79.1,45
USG00791,CUST0059,2025-02-09,Audit Logs,12.1,4
USG00792,CUST0010,2025-12-30,Notifications,25.2,42
USG00793,CUST0500,2022-07-30,User Management,19.9,40
USG00794,CUST0006,2022-09-17,Audit Logs,13.4,26
USG00795,CUST0318,2024-08-15,Analytics,2.2,3
USG00796,CUST0356,2022-02-18,API Access,9.1,13
USG00797,CUST0405,2023-12-12,API Access,8.1,13
USG00798,CUST0031,2023-09-05,Audit Logs,17.7,16
USG00799,CUST0437,2024-04-02,Audit Logs,37.1,14
USG00800,CUST0068,2025-02-10,Bulk Import,16.9,9
USG00801,CUST0381,2024-10-26,Notifications,32.3,76
USG00802,CUST0353,2022-01-17,Reporting,23.5,54
USG00803,CUST0399,2025-08-07,Reporting,7.9,52
USG00804,CUST0130,2023-06-19,Integrations,1.1,7
USG00805,CUST0295,2022-05-22,Reporting,9.3,62
USG00806,CUST0324,2022-01-22,API Access,5.6,43
USG00807,CUST0179,2024-04-10,Bulk Import,27.9,9
USG00808,CUST0479,2023-09-02,Notifications,1.6,1
USG00809,CUST0081,2025-09-26,Automation,3.4,14
USG00810,CUST0023,2025-11-28,Notifications,27.4,17
USG00811,CUST0264,2024-07-14,API Access,17.6,18
USG00812,CUST0092,2023-01-06,Automation,30.1,26
USG00813,CUST0310,2024-11-07,Audit Logs,14.9,8
USG00814,CUST0252,2025-12-30,User Management,55.9,27
USG00815,CUST0492,2022-06-17,Notifications,2.7,11
USG00816,CUST0142,2025-08-16,User Management,33.0,51
USG00817,CUST0165,2022-05-17,Reporting,13.4,50
USG00818,CUST0176,2024-07-20,Dashboard,19.0,73
USG00819,CUST0418,2024-12-30,Automation,7.7,41
USG00820,CUST0235,2023-08-28,API Access,17.4,14
USG00821,CUST0424,2023-04-01,Reporting,2.9,38
USG00822,CUST0367,2022-01-08,Audit Logs,15.6,25
USG00823,CUST0202,2022-07-31,Automation,8.0,3
USG00824,CUST0408,2023-07-24,Dashboard,10.7,53
USG00825,CUST0199,2024-09-15,Reporting,18.9,50
USG00826,CUST0080,2025-07-14,Audit Logs,5.7,53
USG00827,CUST0426,2022-08-15,Automation,1.7,43
USG00828,CUST0370,2023-04-25,Audit Logs,5.9,2
USG00829,CUST0199,2022-10-01,Dashboard,30.7,57
USG00830,CUST0179,2023-05-28,API Access,19.8,67
USG00831,CUST0220,2025-01-02,User Management,1.0,17
USG00832,CUST0122,2024-09-17,Analytics,20.8,17
USG00833,CUST0074,2022-04-22,Analytics,25.5,63
USG00834,CUST0097,2022-12-29,Notifications,16.1,37
USG00835,CUST0199,2023-07-10,API Access,39.5,16
USG00836,CUST0108,2025-04-20,Dashboard,9.4,63
USG00837,CUST0233,2022-10-22,Reporting,23.7,1
USG00838,CUST0297,2025-02-14,Automation,0.3,27
USG00839,CUST0124,2023-08-28,Automation,32.4,63
USG00840,CUST0080,2025-10-30,Bulk Import,5.3,43
USG00841,CUST0344,2023-12-10,User Management,3.7,30
USG00842,CUST0356,2023-05-04,API Access,4.3,34
USG00843,CUST0443,2024-07-23,Integrations,68.4,67
USG00844,CUST0327,2025-06-21,Bulk Import,32.9,25
USG00845,CUST0127,2023-11-12,Automation,7.4,24
USG00846,CUST0442,2023-01-08,Notifications,49.0,34
USG00847,CUST0025,2025-08-03,Audit Logs,0.1,30
USG00848,CUST0406,2024-10-04,Reporting,4.5,62
USG00849,CUST0346,2023-11-27,Bulk Import,38.4,63
USG00850,CUST0130,2022-10-15,Integrations,3.6,11
USG00851,CUST0295,2025-07-07,Integrations,69.4,6
USG00852,CUST0024,2023-09-18,Dashboard,18.1,28
USG00853,CUST0039,2023-07-30,Integrations,60.6,7
USG00854,CUST0148,2025-10-20,Bulk Import,11.7,27
USG00855,CUST0430,2024-02-03,Automation,8.0,5
USG00856,CUST0219,2022-09-14,Reporting,6.8,53
USG00857,CUST0189,2023-02-11,Analytics,8.5,73
USG00858,CUST0222,2023-01-22,Analytics,36.9,65
USG00859,CUST0297,2025-06-29,User Management,17.2,78
USG00860,CUST0458,2025-01-15,API Access,34.4,15
USG00861,CUST0282,2025-12-24,User Management,6.3,41
USG00862,CUST0127,2023-05-23,Integrations,16.3,64
USG00863,CUST0389,2024-10-03,API Access,15.7,20
USG00864,CUST0421,2022-07-01,Bulk Import,18.8,68
USG00865,CUST0033,2022-08-11,Analytics,54.0,52
USG00866,CUST0182,2023-09-06,Integrations,28.3,5
USG00867,CUST0478,2022-07-19,API Access,5.4,15
USG00868,CUST0299,2022-12-19,User Management,16.7,60
USG00869,CUST0353,2023-12-31,User Management,19.8,15
USG00870,CUST0055,2025-10-13,User Management,38.8,55
USG00871,CUST0293,2023-07-08,Notifications,9.1,13
USG00872,CUST0469,2024-05-18,Notifications,20.8,36
USG00873,CUST0468,2022-02-05,Notifications,7.9,29
USG00874,CUST0269,2023-02-15,Bulk Import,5.1,47
USG00875,CUST0322,2025-03-03,Automation,4.5,77
USG00876,CUST0254,2023-11-09,Reporting,7.3,69
USG00877,CUST0117,2025-12-14,Automation,33.7,77
USG00878,CUST0258,2023-09-06,Notifications,9.2,44
USG00879,CUST0446,2024-07-05,Analytics,70.8,47
USG00880,CUST0051,2024-06-05,Reporting,3.3,73
USG00881,CUST0385,2025-10-31,Automation,4.7,39
USG00882,CUST0204,2023-10-02,Analytics,12.0,75
USG00883,CUST0287,2025-04-05,Automation,12.8,20
USG00884,CUST0294,2022-12-04,Audit Logs,1.9,37
USG00885,CUST0013,2023-04-04,Notifications,56.1,44
USG00886,CUST0009,2025-09-09,Integrations,17.1,67
USG00887,CUST0411,2022-06-22,Reporting,21.8,66
USG00888,CUST0328,2025-11-13,User Management,39.1,34
USG00889,CUST0199,2024-07-06,Bulk Import,78.0,68
USG00890,CUST0387,2023-02-13,Integrations,0.1,9
USG00891,CUST0415,2022-07-18,Analytics,17.3,33
USG00892,CUST0278,2025-09-20,Bulk Import,75.8,51
USG00893,CUST0164,2024-10-17,Reporting,12.6,60
USG00894,CUST0073,2022-08-22,API Access,4.7,74
USG00895,CUST0432,2024-08-04,User Management,54.8,3
USG00896,CUST0271,2023-07-11,Reporting,15.5,75
USG00897,CUST0236,2025-04-14,Audit Logs,6.4,78
USG00898,CUST0417,2023-10-15,Reporting,33.7,62
USG00899,CUST0228,2024-03-10,Reporting,6.7,19
USG00900,CUST0356,2023-09-28,Dashboard,6.3,11
USG00901,CUST0481,2022-12-07,Bulk Import,20.5,65
USG00902,CUST0443,2023-03-24,Notifications,0.5,15
USG00903,CUST0040,2023-04-29,API Access,10.9,36
USG00904,CUST0176,2022-06-28,Bulk Import,15.0,15
USG00905,CUST0026,2023-09-30,Audit Logs,47.6,33
USG00906,CUST0314,2022-09-04,Integrations,14.1,46
USG00907,CUST0205,2025-09-02,Audit Logs,15.4,59
USG00908,CUST0366,2024-03-30,Automation,1.9,43
USG00909,CUST0042,2022-05-27,Dashboard,14.5,56
USG00910,CUST0343,2022-04-19,User Management,47.5,17
USG00911,CUST0142,2024-01-06,Notifications,16.4,28
USG00912,CUST0250,2025-10-05,Dashboard,31.9,50
USG00913,CUST0217,2025-08-30,Bulk Import,3.1,47
USG00914,CUST0449,2024-10-22,User Management,29.7,65
USG00915,CUST0379,2024-03-26,Audit Logs,19.6,69
USG00916,CUST0116,2024-05-07,User Management,60.9,67
USG00917,CUST0083,2023-08-02,Reporting,84.2,11
USG00918,CUST0114,2023-07-31,Audit Logs,8.6,45
USG00919,CUST0477,2025-08-10,Automation,25.5,6
USG00920,CUST0100,2022-10-27,Notifications,2.8,43
USG00921,CUST0109,2023-07-08,Automation,8.6,15
USG00922,CUST0194,2024-11-27,Bulk Import,11.6,42
USG00923,CUST0368,2024-06-04,Integrations,32.7,65
USG00924,CUST0222,2024-02-05,User Management,12.6,6
USG00925,CUST0144,2022-04-18,Audit Logs,10.1,53
USG00926,CUST0090,2024-02-08,Audit Logs,16.9,66
USG00927,CUST0194,2024-11-15,API Access,9.3,6
USG00928,CUST0093,2024-05-15,Bulk Import,7.4,53
USG00929,CUST0352,2024-06-19,Bulk Import,16.6,30
USG00930,CUST0137,2023-09-21,Audit Logs,10.8,44
USG00931,CUST0226,2025-06-09,Automation,0.8,51
USG00932,CUST0408,2025-06-07,Audit Logs,14.9,17
USG00933,CUST0298,2022-02-14,Automation,27.6,51
USG00934,CUST0479,2025-07-19,API Access,23.0,37
USG00935,CUST0479,2023-01-23,Analytics,13.8,58
USG00936,CUST0141,2022-01-18,Automation,10.8,60
USG00937,CUST0056,2024-06-06,API Access,13.9,70
USG00938,CUST0016,2023-08-07,Analytics,27.5,19
USG00939,CUST0027,2024-04-27,API Access,6.5,49
USG00940,CUST0247,2024-03-09,Automation,21.1,27
USG00941,CUST0306,2025-12-16,Bulk Import,19.8,15
USG00942,CUST0165,2025-06-21,Integrations,28.6,18
USG00943,CUST0343,2023-03-08,Dashboard,42.4,24
USG00944,CUST0075,2023-04-18,Notifications,16.2,74
USG00945,CUST0426,2023-01-16,Dashboard,6.5,69
USG00946,CUST0346,2023-03-17,Notifications,23.1,12
USG00947,CUST0134,2023-02-16,API Access,26.6,73
USG00948,CUST0244,2023-03-22,Notifications,17.9,45
USG00949,CUST0473,2022-06-15,Integrations,16.5,76
USG00950,CUST0273,2025-06-25,Integrations,17.4,4
USG00951,CUST0052,2023-03-05,Notifications,0.3,37
USG00952,CUST0249,2024-08-29,User Management,22.5,71
USG00953,CUST0349,2022-04-12,Notifications,22.0,78
USG00954,CUST0008,2022-06-15,Automation,16.7,69
USG00955,CUST0105,2024-04-22,Audit Logs,9.9,40
USG00956,CUST0492,2025-01-23,Integrations,26.7,72
USG00957,CUST0177,2023-05-04,Bulk Import,0.3,3
USG00958,CUST0111,2023-03-23,Automation,14.9,31
USG00959,CUST0388,2024-07-22,Automation,52.0,52
USG00960,CUST0054,2022-05-08,User Management,12.4,53
USG00961,CUST0058,2023-08-14,API Access,39.5,54
USG00962,CUST0068,2025-10-03,API Access,13.8,65
USG00963,CUST0085,2022-06-03,Dashboard,9.1,79
USG00964,CUST0477,2025-09-16,Integrations,28.9,75
USG00965,CUST0144,2023-04-29,Reporting,24.4,63
USG00966,CUST0150,2025-04-01,API Access,22.5,67
USG00967,CUST0487,2023-03-07,Integrations,0.8,5
USG00968,CUST0495,2025-02-19,Audit Logs,28.4,10
USG00969,CUST0389,2024-09-11,Integrations,4.7,19
USG00970,CUST0029,2025-10-09,Notifications,6.4,57
USG00971,CUST0408,2022-03-12,Reporting,17.6,40
USG00972,CUST0212,2022-01-13,Bulk Import,52.7,27
USG00973,CUST0241,2023-07-06,User Management,3.0,32
USG00974,CUST0379,2022-10-11,User Management,16.4,39
USG00975,CUST0071,2024-10-12,Bulk Import,7.3,34
USG00976,CUST0372,2024-10-19,Dashboard,3.0,75
USG00977,CUST0103,2025-10-04,Automation,1.5,78
USG00978,CUST0051,2024-06-18,Reporting,16.4,12
USG00979,CUST0008,2025-08-06,Automation,24.2,57
USG00980,CUST0186,2025-12-12,Integrations,47.5,31
USG00981,CUST0459,2022-07-05,Dashboard,19.9,20
USG00982,CUST0477,2023-09-09,Integrations,7.7,42
USG00983,CUST0481,2024-03-09,Automation,2.0,49
USG00984,CUST0177,2024-05-17,Bulk Import,6.3,9
USG00985,CUST0427,2024-08-17,Notifications,27.9,70
USG00986,CUST0483,2022-06-29,Notifications,46.9,69
USG00987,CUST0339,2023-01-18,Audit Logs,56.7,17
USG00988,CUST0124,2022-02-10,User Management,3.4,76
USG00989,CUST0385,2025-12-23,Bulk Import,17.8,8
USG00990,CUST0431,2025-11-11,User Management,1.2,4
USG00991,CUST0412,2022-11-04,API Access,45.7,23
USG00992,CUST0169,2024-03-03,API Access,1.8,62
USG00993,CUST0322,2022-11-26,API Access,40.8,41
USG00994,CUST0347,2024-10-31,Bulk Import,0.5,6
USG00995,CUST0243,2024-05-03,Dashboard,31.3,36
USG00996,CUST0325,2022-02-19,API Access,33.3,65
USG00997,CUST0235,2025-08-11,Audit Logs,24.3,12
USG00998,CUST0372,2022-01-30,User Management,2.4,7
USG00999,CUST0173,2024-09-08,Automation,33.0,68
USG01000,CUST0267,2025-02-18,Bulk Import,31.1,43
USG01001,CUST0403,2024-03-02,Automation,3.2,67
USG01002,CUST0327,2023-08-29,Reporting,4.8,25
USG01003,CUST0249,2025-08-28,Dashboard,35.6,10
USG01004,CUST0046,2024-09-10,Notifications,0.3,19
USG01005,CUST0188,2023-03-16,API Access,14.1,26
USG01006,CUST0257,2022-02-18,Analytics,3.4,40
USG01007,CUST0050,2024-01-28,Notifications,41.0,66
USG01008,CUST0417,2024-12-23,Automation,3.3,51
USG01009,CUST0300,2023-06-25,Reporting,8.6,40
USG01010,CUST0177,2023-07-27,Automation,29.8,39
USG01011,CUST0464,2022-08-18,Bulk Import,15.3,40
USG01012,CUST0261,2025-09-22,API Access,10.8,37
USG01013,CUST0025,2025-07-06,User Management,23.1,26
USG01014,CUST0486,2022-04-26,User Management,30.5,28
USG01015,CUST0365,2022-04-01,API Access,14.3,11
USG01016,CUST0393,2024-01-08,Bulk Import,76.2,31
USG01017,CUST0266,2024-05-30,Integrations,16.6,47
USG01018,CUST0434,2025-01-01,Dashboard,23.8,77
USG01019,CUST0233,2023-07-20,Audit Logs,1.2,73
USG01020,CUST0030,2023-05-31,Automation,10.5,26
USG01021,CUST0188,2022-05-18,Integrations,30.3,79
USG01022,CUST0326,2025-11-28,Bulk Import,8.6,46
USG01023,CUST0260,2025-02-03,API Access,36.4,8
USG01024,CUST0304,2022-10-08,Dashboard,18.3,3
USG01025,CUST0295,2025-01-19,User Management,25.4,74
USG01026,CUST0331,2022-11-10,Notifications,16.2,9
USG01027,CUST0170,2023-01-13,User Management,9.1,10
USG01028,CUST0424,2025-10-31,API Access,37.9,77
USG01029,CUST0078,2024-06-09,Reporting,17.9,6
USG01030,CUST0087,2023-06-28,Dashboard,23.5,76
USG01031,CUST0370,2023-04-08,User Management,0.3,58
USG01032,CUST0257,2022-06-04,Analytics,18.0,13
USG01033,CUST0141,2025-02-24,Automation,26.9,57
USG01034,CUST0235,2023-09-25,Audit Logs,23.3,56
USG01035,CUST0161,2022-07-15,API Access,8.0,31
USG01036,CUST0296,2024-08-08,API Access,4.1,64
USG01037,CUST0476,2022-09-26,Bulk Import,8.5,24
USG01038,CUST0412,2022-11-21,User Management,120.0,7
USG01039,CUST0024,2023-10-03,Audit Logs,4.0,43
USG01040,CUST0305,2022-06-21,Bulk Import,4.7,5
USG01041,CUST0008,2023-01-14,Integrations,14.8,35
USG01042,CUST0009,2025-10-06,Bulk Import,16.1,48
USG01043,CUST0474,2024-09-26,Bulk Import,23.1,18
USG01044,CUST0385,2023-12-11,Reporting,17.8,5
USG01045,CUST0102,2022-11-24,Analytics,6.7,15
USG01046,CUST0004,2025-04-13,Integrations,37.0,66
USG01047,CUST0233,2024-03-04,Automation,50.7,36
USG01048,CUST0331,2024-10-02,Notifications,18.9,24
USG01049,CUST0379,2025-06-26,Analytics,17.0,26
USG01050,CUST0488,2022-11-05,Dashboard,7.6,11
USG01051,CUST0277,2024-01-22,Notifications,0.1,33
USG01052,CUST0245,2023-01-22,Automation,0.2,29
USG01053,CUST0197,2023-07-12,Bulk Import,2.1,73
USG01054,CUST0437,2024-11-13,Integrations,21.1,67
USG01055,CUST0368,2023-08-20,Automation,4.9,64
USG01056,CUST0373,2023-02-27,Reporting,66.2,2
USG01057,CUST0111,2022-02-13,Automation,70.7,7
USG01058,CUST0423,2025-11-08,Dashboard,4.5,12
USG01059,CUST0055,2025-08-09,User Management,0.2,45
USG01060,CUST0295,2025-03-15,Notifications,13.9,56
USG01061,CUST0130,2024-05-02,Automation,5.2,40
USG01062,CUST0145,2023-08-13,Automation,50.4,43
USG01063,CUST0170,2023-06-19,Notifications,64.7,46
USG01064,CUST0016,2024-11-20,Integrations,40.6,71
USG01065,CUST0113,2025-07-24,Bulk Import,14.7,51
USG01066,CUST0062,2024-07-25,Reporting,15.7,42
USG01067,CUST0070,2025-01-01,Dashboard,12.1,19
USG01068,CUST0377,2022-09-07,User Management,8.6,45
USG01069,CUST0266,2022-10-19,Bulk Import,6.6,67
USG01070,CUST0251,2023-03-16,Bulk Import,10.6,7
USG01071,CUST0165,2022-12-08,Automation,13.4,20
USG01072,CUST0163,2024-09-13,Dashboard,6.7,34
USG01073,CUST0188,2022-10-15,Notifications,61.4,38
USG01074,CUST0020,2024-02-17,API Access,7.6,42
USG01075,CUST0488,2023-06-22,API Access,14.8,7
USG01076,CUST0127,2023-05-23,Reporting,0.5,13
USG01077,CUST0397,2025-08-19,User Management,23.0,4
USG01078,CUST0252,2025-10-28,Reporting,5.3,67
USG01079,CUST0409,2022-12-27,Notifications,4.6,35
USG01080,CUST0369,2022-04-05,Audit Logs,15.3,36
USG01081,CUST0389,2022-07-06,Bulk Import,36.4,9
USG01082,CUST0121,2022-10-23,User Management,25.7,53
USG01083,CUST0115,2022-05-27,User Management,62.9,13
USG01084,CUST0183,2023-12-21,User Management,10.4,32
USG01085,CUST0369,2022-12-12,API Access,7.0,51
USG01086,CUST0153,2025-07-14,Bulk Import,2.3,34
USG01087,CUST0087,2025-08-17,API Access,11.2,59
USG01088,CUST0043,2025-02-17,Dashboard,24.8,33
USG01089,CUST0438,2022-10-22,Automation,17.4,55
USG01090,CUST0322,2022-10-07,Bulk Import,18.1,14
USG01091,CUST0008,2022-08-06,Audit Logs,0.0,24
USG01092,CUST0184,2024-07-06,User Management,6.9,58
USG01093,CUST0219,2024-04-22,API Access,35.0,75
USG01094,CUST0024,2025-05-22,Integrations,98.3,3
USG01095,CUST0381,2023-01-25,Automation,11.6,30
USG01096,CUST0323,2023-02-17,API Access,25.4,30
USG01097,CUST0387,2023-01-06,Reporting,6.2,32
USG01098,CUST0042,2022-05-03,Dashboard,16.8,43
USG01099,CUST0414,2022-02-12,User Management,3.4,70
USG01100,CUST0396,2024-03-14,Automation,2.9,9
USG01101,CUST0041,2024-04-06,API Access,21.0,64
USG01102,CUST0224,2023-06-26,User Management,16.6,51
USG01103,CUST0308,2023-04-12,API Access,52.4,13
USG01104,CUST0313,2024-12-01,Automation,6.4,22
USG01105,CUST0380,2024-11-05,Audit Logs,11.0,36
USG01106,CUST0201,2025-06-18,Automation,26.0,75
USG01107,CUST0161,2025-06-09,Analytics,5.9,77
USG01108,CUST0415,2024-01-16,Automation,17.5,44
USG01109,CUST0320,2022-12-02,Reporting,24.4,38
USG01110,CUST0115,2024-05-03,Integrations,32.0,59
USG01111,CUST0289,2024-12-12,Bulk Import,16.6,21
USG01112,CUST0405,2024-09-05,Dashboard,1.7,56
USG01113,CUST0051,2022-07-08,Analytics,8.8,29
USG01114,CUST0146,2022-10-19,Reporting,21.8,59
USG01115,CUST0022,2024-07-06,API Access,16.0,9
USG01116,CUST0234,2024-09-23,Notifications,24.0,4
USG01117,CUST0184,2023-12-01,Automation,40.0,57
USG01118,CUST0134,2024-03-04,Audit Logs,27.6,59
USG01119,CUST0475,2025-11-26,Analytics,2.7,52
USG01120,CUST0115,2023-07-14,Automation,15.4,7
USG01121,CUST0164,2023-03-29,Dashboard,0.7,60
USG01122,CUST0469,2022-12-21,Automation,22.2,72
USG01123,CUST0460,2022-06-06,Notifications,12.5,27
USG01124,CUST0043,2024-01-18,Analytics,4.5,24
USG01125,CUST0057,2024-10-28,Notifications,14.5,14
USG01126,CUST0148,2022-10-18,Analytics,18.5,74
USG01127,CUST0412,2024-06-15,Automation,7.2,15
USG01128,CUST0403,2023-12-25,Audit Logs,11.2,39
USG01129,CUST0235,2024-04-23,Bulk Import,7.6,1
USG01130,CUST0026,2023-08-26,Notifications,17.3,34
USG01131,CUST0353,2025-09-25,Audit Logs,3.2,30
USG01132,CUST0300,2024-03-27,Reporting,8.8,53
USG01133,CUST0316,2025-12-09,Audit Logs,52.2,70
USG01134,CUST0344,2022-09-29,Audit Logs,9.0,50
USG01135,CUST0183,2024-05-24,Notifications,10.9,55
USG01136,CUST0182,2024-02-08,Analytics,4.7,48
USG01137,CUST0099,2023-05-04,Analytics,0.2,58
USG01138,CUST0282,2022-01-23,User Management,0.2,72
USG01139,CUST0220,2025-12-23,Automation,55.2,30
USG01140,CUST0202,2025-03-20,Dashboard,1.9,59
USG01141,CUST0247,2022-11-02,Bulk Import,18.7,1
USG01142,CUST0242,2025-08-08,Notifications,16.4,64
USG01143,CUST0377,2025-08-06,Audit Logs,19.2,69
USG01144,CUST0065,2022-09-11,Bulk Import,3.4,54
USG01145,CUST0100,2024-04-28,Analytics,5.4,22
USG01146,CUST0429,2022-01-08,Integrations,39.8,72
USG01147,CUST0019,2022-12-16,Integrations,20.5,38
USG01148,CUST0284,2024-06-06,Reporting,64.6,53
USG01149,CUST0254,2024-08-26,API Access,14.8,51
USG01150,CUST0319,2023-01-11,Analytics,7.9,64
USG01151,CUST0247,2023-09-04,Automation,14.2,68
USG01152,CUST0160,2025-03-15,Integrations,4.0,67
USG01153,CUST0210,2025-06-29,Audit Logs,22.4,24
USG01154,CUST0193,2025-05-11,Reporting,10.9,33
USG01155,CUST0457,2024-01-19,Notifications,10.6,38
USG01156,CUST0128,2023-03-06,API Access,15.1,34
USG01157,CUST0434,2025-10-22,Notifications,0.5,42
USG01158,CUST0235,2022-11-13,Dashboard,25.1,18
USG01159,CUST0337,2024-03-06,API Access,29.6,76
USG01160,CUST0433,2024-07-29,Audit Logs,31.1,61
USG01161,CUST0085,2025-05-22,Reporting,21.8,53
USG01162,CUST0420,2024-09-30,Automation,38.1,15
USG01163,CUST0127,2022-04-05,Dashboard,46.5,58
USG01164,CUST0449,2024-08-20,Analytics,8.7,6
USG01165,CUST0042,2022-11-24,Dashboard,0.5,32
USG01166,CUST0076,2024-05-30,User Management,26.7,28
USG01167,CUST0401,2022-10-07,Automation,7.6,24
USG01168,CUST0110,2025-05-18,User Management,1.9,34
USG01169,CUST0462,2025-09-02,Analytics,3.7,14
USG01170,CUST0114,2022-02-17,Integrations,8.1,4
USG01171,CUST0458,2022-08-05,Reporting,38.8,73
USG01172,CUST0210,2023-11-14,User Management,7.7,43
USG01173,CUST0084,2022-07-19,Notifications,27.0,41
USG01174,CUST0323,2025-06-10,Bulk Import,4.5,39
USG01175,CUST0293,2023-10-25,Dashboard,31.7,23
USG01176,CUST0318,2024-11-13,Audit Logs,29.8,48
USG01177,CUST0059,2024-10-02,Integrations,1.1,25
USG01178,CUST0107,2022-07-23,User Management,21.2,2
USG01179,CUST0316,2023-09-06,Automation,30.1,66
USG01180,CUST0393,2024-01-20,Bulk Import,15.5,38
USG01181,CUST0351,2025-05-13,Audit Logs,30.2,3
USG01182,CUST0323,2025-03-24,Bulk Import,2.2,73
USG01183,CUST0102,2024-08-25,Reporting,1.1,39
USG01184,CUST0459,2024-10-10,Reporting,19.3,29
USG01185,CUST0036,2023-06-04,Analytics,14.0,79
USG01186,CUST0043,2024-02-28,Bulk Import,41.3,60
USG01187,CUST0403,2025-01-08,Dashboard,3.8,13
USG01188,CUST0111,2024-08-01,Notifications,17.3,5
USG01189,CUST0260,2025-10-06,Bulk Import,24.5,43
USG01190,CUST0058,2025-11-19,Bulk Import,21.3,80
USG01191,CUST0265,2023-05-31,Integrations,82.7,74
USG01192,CUST0350,2022-04-21,Automation,15.1,60
USG01193,CUST0135,2024-10-07,Automation,4.8,66
USG01194,CUST0002,2022-03-04,User Management,42.3,33
USG01195,CUST0047,2023-02-01,Integrations,19.0,54
USG01196,CUST0131,2025-08-14,Audit Logs,39.2,39
USG01197,CUST0093,2022-01-17,User Management,26.1,27
USG01198,CUST0247,2022-01-29,Dashboard,40.3,71
USG01199,CUST0472,2024-01-17,Bulk Import,8.5,25
USG01200,CUST0417,2023-06-16,Bulk Import,12.0,9
USG01201,CUST0487,2023-09-04,Integrations,41.0,9
USG01202,CUST0363,2024-06-15,User Management,9.1,41
USG01203,CUST0307,2024-09-23,Automation,3.3,41
USG01204,CUST0067,2025-07-10,User Management,2.1,54
USG01205,CUST0054,2023-01-24,Reporting,3.5,29
USG01206,CUST0115,2025-04-05,Notifications,15.3,20
USG01207,CUST0198,2024-08-28,Analytics,84.2,60
USG01208,CUST0219,2023-04-13,API Access,18.2,27
USG01209,CUST0102,2022-03-22,API Access,43.3,67
USG01210,CUST0481,2022-09-11,Notifications,3.1,27
USG01211,CUST0217,2024-03-11,Audit Logs,32.6,63
USG01212,CUST0241,2023-06-23,Reporting,4.6,24
USG01213,CUST0302,2025-12-24,Dashboard,43.9,14
USG01214,CUST0233,2023-10-18,Dashboard,43.5,71
USG01215,CUST0428,2025-03-31,Integrations,2.5,65
USG01216,CUST0161,2025-04-24,Integrations,2.8,29
USG01217,CUST0163,2024-08-09,Dashboard,5.3,42
USG01218,CUST0211,2022-03-27,Automation,18.8,66
USG01219,CUST0319,2022-02-02,Notifications,3.2,39
USG01220,CUST0155,2024-04-20,Integrations,12.6,25
USG01221,CUST0189,2023-11-18,Reporting,2.7,48
USG01222,CUST0264,2025-06-13,Notifications,20.2,19
USG01223,CUST0418,2023-11-19,API Access,14.1,64
USG01224,CUST0492,2023-05-11,Reporting,8.6,6
USG01225,CUST0017,2022-11-13,Notifications,13.0,26
USG01226,CUST0459,2023-08-30,Bulk Import,46.9,54
USG01227,CUST0198,2024-01-11,Analytics,67.7,13
USG01228,CUST0104,2022-04-24,Analytics,16.8,45
USG01229,CUST0405,2022-11-20,Reporting,2.0,77
USG01230,CUST0173,2023-03-11,Reporting,9.1,15
USG01231,CUST0259,2024-03-11,Notifications,22.7,44
USG01232,CUST0486,2022-08-03,Automation,5.6,15
USG01233,CUST0497,2022-09-25,Audit Logs,2.9,69
USG01234,CUST0071,2024-11-30,Reporting,0.2,22
USG01235,CUST0298,2025-02-02,API Access,17.7,33
USG01236,CUST0350,2024-03-30,API Access,21.0,46
USG01237,CUST0229,2023-12-29,Dashboard,29.5,42
USG01238,CUST0250,2025-01-12,Bulk Import,39.0,77
USG01239,CUST0403,2025-07-18,Dashboard,8.8,7
USG01240,CUST0240,2025-04-01,Bulk Import,11.6,68
USG01241,CUST0420,2025-05-26,Audit Logs,15.5,80
USG01242,CUST0010,2025-01-20,User Management,26.3,1
USG01243,CUST0310,2022-10-27,Analytics,15.6,5
USG01244,CUST0450,2024-01-20,Audit Logs,6.6,45
USG01245,CUST0064,2022-09-29,Reporting,67.1,68
USG01246,CUST0455,2022-02-07,Integrations,44.3,64
USG01247,CUST0364,2023-02-02,Dashboard,13.7,65
USG01248,CUST0335,2023-11-07,Automation,0.4,75
USG01249,CUST0174,2023-02-20,Analytics,28.7,60
USG01250,CUST0348,2023-12-09,Integrations,15.0,75
USG01251,CUST0106,2023-04-25,Bulk Import,6.6,19
USG01252,CUST0414,2025-11-26,Notifications,16.0,14
USG01253,CUST0211,2022-10-21,API Access,4.5,32
USG01254,CUST0109,2024-01-03,Bulk Import,25.5,66
USG01255,CUST0203,2025-08-13,Dashboard,6.5,11
USG01256,CUST0328,2024-09-22,User Management,3.5,13
USG01257,CUST0102,2022-08-18,Reporting,24.6,42
USG01258,CUST0235,2023-07-11,User Management,18.7,66
USG01259,CUST0163,2022-02-01,Integrations,20.4,53
USG01260,CUST0089,2022-02-07,Reporting,8.9,69
USG01261,CUST0072,2022-01-08,Notifications,1.9,62
USG01262,CUST0379,2025-04-03,Notifications,4.7,80
USG01263,CUST0002,2023-11-17,Reporting,22.0,51
USG01264,CUST0008,2023-01-25,Notifications,3.4,40
USG01265,CUST0028,2025-07-24,Integrations,50.9,39
USG01266,CUST0007,2023-09-14,Dashboard,1.9,10
USG01267,CUST0344,2023-12-03,Analytics,59.3,27
USG01268,CUST0364,2023-09-28,Automation,9.2,36
USG01269,CUST0260,2022-03-08,Reporting,3.1,3
USG01270,CUST0197,2022-06-19,Integrations,13.5,56
USG01271,CUST0418,2024-05-20,Analytics,11.0,45
USG01272,CUST0302,2024-03-28,Audit Logs,61.4,65
USG01273,CUST0189,2023-02-17,Analytics,5.0,20
USG01274,CUST0025,2023-08-02,Bulk Import,24.5,53
USG01275,CUST0399,2023-12-28,Automation,1.6,75
USG01276,CUST0362,2025-09-13,Audit Logs,0.0,68
USG01277,CUST0369,2022-03-10,Reporting,25.4,49
USG01278,CUST0087,2024-11-21,Notifications,38.6,8
USG01279,CUST0206,2025-12-15,Integrations,11.6,30
USG01280,CUST0351,2022-09-23,User Management,28.9,60
USG01281,CUST0419,2023-04-19,Reporting,6.5,50
USG01282,CUST0222,2023-11-15,Dashboard,12.8,67
USG01283,CUST0138,2023-05-02,Integrations,26.8,26
USG01284,CUST0492,2025-03-15,Analytics,34.3,40
USG01285,CUST0466,2025-10-07,Notifications,20.4,63
USG01286,CUST0170,2022-11-01,Automation,12.2,33
USG01287,CUST0316,2025-04-26,Integrations,16.7,12
USG01288,CUST0195,2022-10-11,User Management,53.3,51
USG01289,CUST0056,2024-04-05,Audit Logs,18.7,52
USG01290,CUST0014,2024-03-22,Audit Logs,30.2,20
USG01291,CUST0380,2023-06-01,API Access,0.5,47
USG01292,CUST0121,2024-04-12,Audit Logs,8.0,68
USG01293,CUST0130,2022-06-20,Analytics,24.0,13
USG01294,CUST0159,2023-04-01,Bulk Import,20.2,10
USG01295,CUST0119,2023-11-26,Bulk Import,48.1,24
USG01296,CUST0248,2024-03-13,Integrations,1.6,57
USG01297,CUST0216,2024-06-11,Dashboard,6.4,39
USG01298,CUST0046,2022-10-29,User Management,2.1,19
USG01299,CUST0082,2024-05-02,API Access,8.5,55
USG01300,CUST0055,2024-03-20,Dashboard,5.3,39
USG01301,CUST0194,2022-02-25,Notifications,3.1,60
USG01302,CUST0364,2024-03-03,Dashboard,58.7,46
USG01303,CUST0194,2023-03-23,Reporting,33.0,79
USG01304,CUST0096,2024-12-19,Automation,11.2,62
USG01305,CUST0297,2025-05-20,Automation,12.2,62
USG01306,CUST0379,2023-01-15,User Management,26.6,23
USG01307,CUST0357,2022-12-12,Notifications,12.8,10
USG01308,CUST0136,2025-01-08,Notifications,18.4,14
USG01309,CUST0105,2024-10-30,Integrations,10.0,14
USG01310,CUST0121,2025-04-09,Audit Logs,36.3,71
USG01311,CUST0358,2025-06-01,Audit Logs,16.5,37
USG01312,CUST0035,2024-10-31,Reporting,15.7,5
USG01313,CUST0317,2025-02-03,Reporting,3.5,59
USG01314,CUST0268,2022-07-04,Dashboard,6.3,5
USG01315,CUST0435,2024-08-25,Automation,2.8,67
USG01316,CUST0414,2024-10-27,User Management,13.2,4
USG01317,CUST0299,2022-11-24,User Management,11.1,50
USG01318,CUST0268,2024-03-13,Audit Logs,3.9,69
USG01319,CUST0145,2023-10-12,Reporting,47.8,4
USG01320,CUST0260,2022-08-16,API Access,28.2,65
USG01321,CUST0019,2024-09-17,Bulk Import,9.8,39
USG01322,CUST0364,2024-09-17,Dashboard,2.2,75
USG01323,CUST0297,2022-10-11,Dashboard,38.9,20
USG01324,CUST0042,2023-01-31,Analytics,2.4,4
USG01325,CUST0313,2023-05-15,Bulk Import,1.3,61
USG01326,CUST0420,2023-11-09,Analytics,21.1,26
USG01327,CUST0255,2023-04-08,API Access,18.9,9
USG01328,CUST0125,2022-02-09,User Management,8.0,73
USG01329,CUST0245,2023-03-25,Bulk Import,7.9,78
USG01330,CUST0403,2022-10-10,User Management,30.6,7
USG01331,CUST0264,2022-03-22,Dashboard,5.9,41
USG01332,CUST0213,2022-02-14,Analytics,18.5,53
USG01333,CUST0009,2025-02-13,Bulk Import,0.8,41
USG01334,CUST0449,2025-08-06,User Management,4.3,65
USG01335,CUST0067,2024-12-14,Bulk Import,5.1,20
USG01336,CUST0428,2024-09-28,Dashboard,3.3,14
USG01337,CUST0321,2024-03-10,Analytics,63.7,6
USG01338,CUST0121,2025-01-08,Audit Logs,19.8,24
USG01339,CUST0411,2022-07-11,User Management,17.2,78
USG01340,CUST0309,2023-12-18,Analytics,35.4,76
USG01341,CUST0039,2022-07-13,Notifications,14.5,47
USG01342,CUST0488,2025-10-15,Bulk Import,21.6,50
USG01343,CUST0232,2022-05-22,API Access,5.0,29
USG01344,CUST0176,2024-02-13,Analytics,25.8,40
USG01345,CUST0226,2023-02-07,User Management,11.3,37
USG01346,CUST0181,2023-04-22,User Management,18.5,56
USG01347,CUST0422,2024-08-11,Bulk Import,24.8,35
USG01348,CUST0245,2024-03-21,Analytics,23.7,9
USG01349,CUST0084,2023-11-05,API Access,9.2,10
USG01350,CUST0356,2022-01-07,Audit Logs,70.5,40
USG01351,CUST0053,2024-01-28,Notifications,12.9,55
USG01352,CUST0324,2022-06-05,Notifications,48.5,21
USG01353,CUST0059,2025-06-29,Analytics,34.5,37
USG01354,CUST0158,2024-08-22,Automation,0.3,38
USG01355,CUST0393,2022-02-28,Integrations,11.0,64
USG01356,CUST0133,2025-12-04,Integrations,52.2,64
USG01357,CUST0161,2022-08-18,Audit Logs,41.0,55
USG01358,CUST0494,2025-04-12,User Management,9.1,48
USG01359,CUST0221,2022-11-09,Reporting,11.6,48
USG01360,CUST0027,2023-10-06,Bulk Import,15.7,70
USG01361,CUST0417,2023-02-05,Bulk Import,9.9,38
USG01362,CUST0264,2023-04-09,Bulk Import,0.4,51
USG01363,CUST0341,2023-07-15,Reporting,31.4,48
USG01364,CUST0365,2025-03-24,API Access,117.6,59
USG01365,CUST0158,2022-05-15,API Access,18.1,58
USG01366,CUST0458,2025-05-04,Notifications,18.5,68
USG01367,CUST0062,2024-05-19,Reporting,3.8,3
USG01368,CUST0097,2025-07-08,Automation,35.0,62
USG01369,CUST0327,2024-04-04,Automation,16.3,12
USG01370,CUST0309,2025-07-17,Audit Logs,6.0,78
USG01371,CUST0392,2025-03-29,Notifications,9.0,60
USG01372,CUST0064,2024-02-25,API Access,15.8,53
USG01373,CUST0232,2024-10-20,Reporting,13.7,11
USG01374,CUST0056,2024-09-14,API Access,63.5,35
USG01375,CUST0027,2024-06-04,Reporting,76.2,74
USG01376,CUST0371,2025-06-18,Notifications,26.6,45
USG01377,CUST0087,2024-09-21,API Access,9.8,28
USG01378,CUST0257,2023-08-03,User Management,1.1,7
USG01379,CUST0117,2022-03-13,Audit Logs,1.9,50
USG01380,CUST0246,2023-01-09,Analytics,17.2,80
USG01381,CUST0448,2024-09-10,Integrations,26.6,59
USG01382,CUST0212,2024-10-29,Automation,4.4,23
USG01383,CUST0299,2023-03-02,Notifications,4.0,73
USG01384,CUST0322,2024-11-24,Integrations,6.5,54
USG01385,CUST0460,2022-05-27,Integrations,39.3,6
USG01386,CUST0335,2025-02-13,Audit Logs,10.7,55
USG01387,CUST0354,2024-01-29,Analytics,15.8,39
USG01388,CUST0125,2024-08-17,Dashboard,1.4,80
USG01389,CUST0264,2025-01-17,Automation,54.7,76
USG01390,CUST0157,2023-06-08,API Access,6.2,49
USG01391,CUST0220,2022-02-25,Notifications,20.8,45
USG01392,CUST0029,2024-06-02,Analytics,7.7,22
USG01393,CUST0426,2023-02-15,Dashboard,0.6,42
USG01394,CUST0295,2025-11-24,Bulk Import,38.8,69
USG01395,CUST0313,2023-11-19,Audit Logs,3.6,20
USG01396,CUST0313,2022-04-18,Dashboard,26.4,45
USG01397,CUST0120,2025-07-01,Notifications,18.7,40
USG01398,CUST0012,2023-09-01,User Management,2.6,8
USG01399,CUST0066,2025-09-10,Dashboard,4.3,37
USG01400,CUST0426,2022-01-03,Analytics,120.0,71
USG01401,CUST0365,2022-12-21,Reporting,46.5,4
USG01402,CUST0222,2024-05-28,Analytics,13.4,61
USG01403,CUST0012,2022-02-26,Bulk Import,2.3,63
USG01404,CUST0483,2022-10-18,Reporting,1.5,56
USG01405,CUST0377,2022-10-28,Automation,0.7,50
USG01406,CUST0087,2024-11-05,Automation,70.3,51
USG01407,CUST0237,2025-05-21,Audit Logs,14.0,13
USG01408,CUST0317,2024-04-30,API Access,14.2,14
USG01409,CUST0271,2024-05-14,Analytics,21.8,22
USG01410,CUST0175,2022-11-10,Dashboard,14.1,9
USG01411,CUST0071,2022-10-13,Reporting,4.9,3
USG01412,CUST0104,2024-01-15,Dashboard,37.2,49
USG01413,CUST0269,2025-05-18,Audit Logs,5.4,71
USG01414,CUST0155,2023-08-27,Bulk Import,14.3,35
USG01415,CUST0310,2025-10-08,Bulk Import,2.8,57
USG01416,CUST0236,2024-08-17,Audit Logs,21.1,39
USG01417,CUST0399,2023-09-29,User Management,6.0,15
USG01418,CUST0051,2024-08-14,API Access,8.5,50
USG01419,CUST0070,2025-05-14,Analytics,3.7,29
USG01420,CUST0132,2023-04-28,Audit Logs,49.5,80
USG01421,CUST0295,2022-08-23,Audit Logs,11.9,50
USG01422,CUST0064,2023-02-02,Integrations,29.2,51
USG01423,CUST0264,2024-10-25,Dashboard,65.4,59
USG01424,CUST0115,2025-10-01,Notifications,20.4,43
USG01425,CUST0035,2022-08-23,Audit Logs,4.6,68
USG01426,CUST0417,2025-10-23,Dashboard,16.6,35
USG01427,CUST0265,2024-11-11,Reporting,9.0,61
USG01428,CUST0279,2025-05-15,Reporting,16.5,32
USG01429,CUST0007,2022-09-22,Dashboard,1.6,72
USG01430,CUST0288,2022-05-06,API Access,3.1,30
USG01431,CUST0085,2025-01-31,Notifications,37.8,45
USG01432,CUST0322,2024-10-03,Integrations,3.7,14
USG01433,CUST0119,2024-03-08,API Access,23.4,32
USG01434,CUST0447,2024-11-23,User Management,2.4,13
USG01435,CUST0418,2025-03-07,API Access,29.4,75
USG01436,CUST0487,2025-07-10,Integrations,3.1,34
USG01437,CUST0464,2025-11-15,User Management,5.3,34
USG01438,CUST0019,2024-03-30,Analytics,46.9,11
USG01439,CUST0299,2025-03-20,Integrations,21.3,18
USG01440,CUST0042,2025-04-25,Notifications,31.6,36
USG01441,CUST0254,2024-03-02,Reporting,14.4,72
USG01442,CUST0130,2023-11-23,Audit Logs,2.3,29
USG01443,CUST0137,2022-06-02,Reporting,22.2,22
USG01444,CUST0222,2024-02-13,Dashboard,27.2,10
USG01445,CUST0402,2022-04-24,Bulk Import,18.3,71
USG01446,CUST0322,2024-07-14,Bulk Import,0.0,64
USG01447,CUST0389,2023-02-14,API Access,4.6,67
USG01448,CUST0117,2024-06-24,Automation,2.9,34
USG01449,CUST0118,2022-05-02,API Access,11.2,29
USG01450,CUST0335,2025-03-10,API Access,15.6,41
USG01451,CUST0374,2024-10-05,Integrations,28.0,62
USG01452,CUST0285,2025-03-24,Integrations,16.6,34
USG01453,CUST0103,2025-03-25,Audit Logs,13.9,10
USG01454,CUST0360,2022-05-23,Notifications,2.8,11
USG01455,CUST0023,2023-04-12,Notifications,0.9,56
USG01456,CUST0124,2024-02-24,Notifications,1.7,61
USG01457,CUST0141,2024-10-15,Dashboard,2.9,38
USG01458,CUST0062,2022-12-06,Analytics,3.2,3
USG01459,CUST0417,2022-01-28,Bulk Import,4.2,24
USG01460,CUST0013,2025-03-31,Reporting,6.5,29
USG01461,CUST0006,2025-03-28,Automation,13.8,33
USG01462,CUST0287,2023-11-06,Automation,81.6,9
USG01463,CUST0101,2024-11-23,Audit Logs,3.3,7
USG01464,CUST0376,2023-04-19,Reporting,4.7,60
USG01465,CUST0111,2025-01-12,Bulk Import,11.5,23
USG01466,CUST0414,2024-08-02,Reporting,4.3,6
USG01467,CUST0236,2023-04-21,Bulk Import,11.4,52
USG01468,CUST0397,2022-02-16,Audit Logs,0.1,62
USG01469,CUST0246,2024-07-28,Audit Logs,10.0,21
USG01470,CUST0116,2024-07-24,Dashboard,16.8,60
USG01471,CUST0414,2024-01-25,Integrations,8.4,76
USG01472,CUST0488,2022-05-15,Automation,44.4,42
USG01473,CUST0298,2022-05-20,Automation,2.4,59
USG01474,CUST0495,2023-06-19,User Management,13.9,43
USG01475,CUST0240,2022-09-06,Audit Logs,8.0,36
USG01476,CUST0426,2025-10-06,Automation,4.1,33
USG01477,CUST0029,2024-02-03,Bulk Import,19.0,47
USG01478,CUST0218,2022-05-11,Dashboard,13.4,78
USG01479,CUST0116,2022-07-31,Notifications,1.8,1
USG01480,CUST0353,2025-09-22,Notifications,5.7,42
USG01481,CUST0192,2023-11-27,Audit Logs,32.4,77
USG01482,CUST0337,2025-10-12,Analytics,21.6,72
USG01483,CUST0153,2025-10-25,Integrations,31.3,44
USG01484,CUST0197,2024-10-12,Notifications,7.2,66
USG01485,CUST0171,2025-01-25,Reporting,24.6,56
USG01486,CUST0418,2024-01-25,Automation,2.5,61
USG01487,CUST0411,2022-08-18,Dashboard,33.8,16
USG01488,CUST0218,2022-11-06,Reporting,66.0,67
USG01489,CUST0449,2024-09-10,User Management,27.3,37
USG01490,CUST0328,2023-02-17,Reporting,9.8,12
USG01491,CUST0237,2025-11-26,API Access,20.4,10
USG01492,CUST0304,2025-06-15,Reporting,22.5,3
USG01493,CUST0386,2025-07-18,User Management,42.2,44
USG01494,CUST0089,2025-11-16,Analytics,6.1,74
USG01495,CUST0327,2023-05-04,Dashboard,8.6,55
USG01496,CUST0051,2025-06-17,Dashboard,2.2,35
USG01497,CUST0203,2023-08-24,Integrations,63.3,21
USG01498,CUST0216,2024-04-17,Notifications,2.3,28
USG01499,CUST0049,2025-08-25,User Management,31.4,63
USG01500,CUST0381,2025-11-09,Audit Logs,0.4,68
USG01501,CUST0375,2023-01-30,API Access,13.7,73
USG01502,CUST0436,2022-11-28,User Management,59.7,43
USG01503,CUST0046,2024-01-10,Reporting,4.8,29
USG01504,CUST0054,2024-04-16,Audit Logs,8.4,35
USG01505,CUST0156,2023-05-17,Integrations,5.8,73
USG01506,CUST0174,2023-12-31,Reporting,9.8,64
USG01507,CUST0429,2023-02-04,Notifications,30.1,61
USG01508,CUST0376,2022-11-20,Dashboard,6.6,73
USG01509,CUST0497,2022-09-05,Bulk Import,12.9,35
USG01510,CUST0110,2022-08-16,Analytics,23.2,55
USG01511,CUST0246,2023-08-01,API Access,8.0,28
USG01512,CUST0214,2022-11-29,Bulk Import,5.4,27
USG01513,CUST0425,2024-09-24,Analytics,49.3,52
USG01514,CUST0235,2024-01-30,User Management,47.9,40
USG01515,CUST0001,2024-03-15,Bulk Import,55.9,76
USG01516,CUST0129,2022-11-03,API Access,4.4,66
USG01517,CUST0152,2025-04-06,Automation,0.1,71
USG01518,CUST0022,2022-07-20,Bulk Import,12.1,15
USG01519,CUST0024,2025-03-08,Bulk Import,23.4,3
USG01520,CUST0392,2022-03-15,Dashboard,29.9,55
USG01521,CUST0495,2023-12-01,Notifications,39.1,22
USG01522,CUST0045,2025-01-04,Analytics,19.8,53
USG01523,CUST0137,2022-06-06,Bulk Import,31.0,9
USG01524,CUST0460,2023-05-15,Analytics,20.4,8
USG01525,CUST0078,2025-04-28,API Access,52.5,5
USG01526,CUST0203,2024-01-10,Reporting,12.9,40
USG01527,CUST0035,2025-08-12,Notifications,43.0,31
USG01528,CUST0274,2023-04-28,Reporting,12.9,68
USG01529,CUST0236,2024-07-31,User Management,1.2,29
USG01530,CUST0142,2024-12-14,API Access,7.9,29
USG01531,CUST0257,2023-04-17,Analytics,9.4,1
USG01532,CUST0438,2023-01-12,Automation,7.4,12
USG01533,CUST0389,2025-03-21,Integrations,120.0,14
USG01534,CUST0090,2025-02-17,Integrations,57.0,74
USG01535,CUST0054,2022-02-26,API Access,1.4,20
USG01536,CUST0351,2025-06-04,Dashboard,7.8,67
USG01537,CUST0069,2024-07-30,Audit Logs,9.8,7
USG01538,CUST0103,2024-02-12,Integrations,5.0,28
USG01539,CUST0025,2023-06-08,Notifications,15.5,58
USG01540,CUST0316,2024-11-21,Bulk Import,7.4,35
USG01541,CUST0158,2025-08-10,Analytics,28.8,36
USG01542,CUST0252,2022-11-15,Audit Logs,7.1,52
USG01543,CUST0282,2024-09-03,Automation,5.1,2
USG01544,CUST0029,2022-01-15,User Management,11.0,49
USG01545,CUST0047,2022-11-07,Automation,6.0,23
USG01546,CUST0288,2025-08-14,Dashboard,72.1,17
USG01547,CUST0001,2025-07-12,Reporting,16.2,2
USG01548,CUST0162,2022-08-11,Reporting,2.6,45
USG01549,CUST0105,2024-09-26,Bulk Import,1.9,64
USG01550,CUST0138,2023-08-22,Reporting,6.5,45
USG01551,CUST0324,2024-05-05,Automation,10.8,64
USG01552,CUST0026,2023-06-18,Automation,18.4,61
USG01553,CUST0156,2024-07-22,API Access,1.5,31
USG01554,CUST0295,2023-05-06,API Access,7.8,34
USG01555,CUST0333,2022-12-05,Integrations,3.0,69
USG01556,CUST0343,2023-09-08,Notifications,25.9,52
USG01557,CUST0304,2022-04-26,Audit Logs,12.0,74
USG01558,CUST0001,2022-07-06,Integrations,8.6,78
USG01559,CUST0179,2025-02-10,Reporting,8.3,39
USG01560,CUST0075,2024-01-30,Audit Logs,31.4,39
USG01561,CUST0045,2023-09-29,Bulk Import,106.6,52
USG01562,CUST0259,2022-01-16,Bulk Import,5.2,73
USG01563,CUST0291,2025-10-04,User Management,16.4,41
USG01564,CUST0372,2025-12-06,Audit Logs,31.3,60
USG01565,CUST0281,2024-05-27,Reporting,3.1,38
USG01566,CUST0013,2022-06-17,API Access,2.6,79
USG01567,CUST0019,2023-08-25,Dashboard,17.8,46
USG01568,CUST0018,2024-05-31,Integrations,16.2,35
USG01569,CUST0132,2022-07-21,Integrations,24.6,59
USG01570,CUST0106,2023-01-15,Dashboard,16.1,29
USG01571,CUST0202,2023-01-19,Dashboard,13.1,18
USG01572,CUST0233,2022-06-23,Audit Logs,14.3,47
USG01573,CUST0362,2024-11-14,Notifications,4.3,15
USG01574,CUST0050,2023-05-06,Notifications,2.9,6
USG01575,CUST0115,2024-07-24,Automation,6.8,13
USG01576,CUST0006,2024-03-10,Reporting,12.5,60
USG01577,CUST0199,2024-10-15,Bulk Import,43.3,76
USG01578,CUST0281,2025-10-30,API Access,42.9,21
USG01579,CUST0249,2023-10-15,Automation,29.8,42
USG01580,CUST0003,2025-06-20,Audit Logs,7.5,41
USG01581,CUST0216,2023-08-21,Automation,9.8,7
USG01582,CUST0228,2025-01-26,Notifications,2.4,37
USG01583,CUST0185,2025-01-12,Bulk Import,6.3,52
USG01584,CUST0133,2024-05-22,User Management,18.9,39
USG01585,CUST0235,2022-11-12,API Access,24.7,7
USG01586,CUST0446,2025-10-19,Analytics,15.6,32
USG01587,CUST0202,2023-11-11,Notifications,15.4,7
USG01588,CUST0078,2023-12-30,Dashboard,13.6,1
USG01589,CUST0320,2023-02-18,Audit Logs,7.5,37
USG01590,CUST0258,2023-12-13,Dashboard,17.8,24
USG01591,CUST0458,2025-05-20,Analytics,7.6,62
USG01592,CUST0033,2023-06-05,Notifications,9.5,65
USG01593,CUST0346,2025-05-30,Bulk Import,7.9,51
USG01594,CUST0426,2023-10-03,Dashboard,7.9,68
USG01595,CUST0187,2023-09-23,Dashboard,3.6,47
USG01596,CUST0282,2025-07-23,Notifications,20.3,16
USG01597,CUST0380,2022-12-30,Audit Logs,7.5,31
USG01598,CUST0496,2024-05-26,Audit Logs,5.1,70
USG01599,CUST0177,2022-03-14,Integrations,37.6,16
USG01600,CUST0020,2023-12-10,User Management,25.1,67
USG01601,CUST0029,2025-07-07,User Management,8.9,51
USG01602,CUST0281,2023-09-20,Audit Logs,4.3,80
USG01603,CUST0329,2024-06-14,Automation,6.7,16
USG01604,CUST0323,2022-04-21,API Access,24.4,64
USG01605,CUST0348,2023-01-25,Audit Logs,0.7,46
USG01606,CUST0260,2023-08-29,Automation,9.7,24
USG01607,CUST0235,2023-01-31,Reporting,16.5,28
USG01608,CUST0057,2022-11-15,Reporting,22.8,72
USG01609,CUST0096,2025-10-28,Dashboard,4.4,63
USG01610,CUST0369,2025-01-27,Dashboard,39.4,58
USG01611,CUST0147,2025-02-18,Audit Logs,27.6,67
USG01612,CUST0072,2025-03-16,Analytics,14.5,58
USG01613,CUST0387,2025-11-21,Analytics,35.7,56
USG01614,CUST0400,2024-11-04,User Management,48.1,26
USG01615,CUST0416,2024-06-06,API Access,0.6,70
USG01616,CUST0170,2024-12-26,Reporting,19.6,63
USG01617,CUST0109,2023-08-24,Audit Logs,24.7,14
USG01618,CUST0289,2023-07-06,Dashboard,8.0,26
USG01619,CUST0495,2023-04-17,User Management,8.5,80
USG01620,CUST0404,2024-12-03,User Management,11.7,32
USG01621,CUST0404,2023-08-01,Automation,16.2,28
USG01622,CUST0306,2022-12-31,API Access,23.0,2
USG01623,CUST0070,2023-11-20,Automation,19.7,48
USG01624,CUST0409,2025-03-15,Analytics,3.0,3
USG01625,CUST0025,2023-01-09,Automation,0.6,2
USG01626,CUST0086,2025-05-30,Integrations,8.6,69
USG01627,CUST0446,2024-03-27,Dashboard,33.6,63
USG01628,CUST0181,2023-12-28,API Access,21.1,47
USG01629,CUST0274,2023-12-09,Reporting,17.7,12
USG01630,CUST0263,2024-08-13,Analytics,49.4,12
USG01631,CUST0235,2024-03-01,Analytics,2.7,40
USG01632,CUST0179,2024-10-09,Notifications,25.9,1
USG01633,CUST0265,2025-07-13,Reporting,1.6,65
USG01634,CUST0028,2025-07-17,Integrations,18.6,51
USG01635,CUST0355,2025-06-19,Reporting,4.1,42
USG01636,CUST0032,2024-09-03,User Management,33.5,68
USG01637,CUST0471,2024-04-08,User Management,2.7,20
USG01638,CUST0385,2023-03-16,Reporting,10.5,75
USG01639,CUST0412,2022-01-14,API Access,26.9,57
USG01640,CUST0136,2024-01-04,Analytics,7.6,29
USG01641,CUST0356,2024-10-14,Automation,55.9,25
USG01642,CUST0293,2025-01-24,Bulk Import,16.9,80
USG01643,CUST0047,2022-03-05,Dashboard,3.3,23
USG01644,CUST0016,2022-05-28,Integrations,10.7,49
USG01645,CUST0217,2024-03-07,Analytics,84.2,18
USG01646,CUST0295,2025-04-07,API Access,67.5,61
USG01647,CUST0422,2023-08-29,User Management,2.1,17
USG01648,CUST0135,2023-09-29,Bulk Import,6.1,12
USG01649,CUST0377,2022-12-26,Notifications,5.3,20
USG01650,CUST0060,2025-12-24,Audit Logs,5.3,37
USG01651,CUST0477,2024-08-26,Bulk Import,23.1,12
USG01652,CUST0161,2024-09-09,Reporting,10.3,54
USG01653,CUST0411,2023-08-27,Audit Logs,19.9,65
USG01654,CUST0496,2025-03-06,Audit Logs,18.6,20
USG01655,CUST0302,2023-04-28,Bulk Import,21.0,17
USG01656,CUST0350,2025-05-02,User Management,1.6,45
USG01657,CUST0017,2023-12-06,Dashboard,16.1,31
USG01658,CUST0328,2023-03-09,Automation,40.1,78
USG01659,CUST0395,2024-09-03,Dashboard,4.5,66
USG01660,CUST0122,2023-07-16,Integrations,43.4,70
USG01661,CUST0281,2022-11-16,Notifications,1.1,79
USG01662,CUST0346,2025-09-24,Automation,5.9,40
USG01663,CUST0424,2024-03-09,Automation,29.5,38
USG01664,CUST0301,2024-09-11,User Management,15.2,44
USG01665,CUST0446,2023-05-26,Reporting,1.6,10
USG01666,CUST0431,2024-02-02,Integrations,32.7,10
USG01667,CUST0471,2025-07-04,Bulk Import,1.8,75
USG01668,CUST0276,2025-01-12,Bulk Import,1.4,26
USG01669,CUST0331,2025-02-22,Bulk Import,9.6,5
USG01670,CUST0399,2025-02-05,Integrations,4.8,31
USG01671,CUST0417,2022-07-27,Reporting,5.1,75
USG01672,CUST0256,2022-12-05,Integrations,7.0,34
USG01673,CUST0457,2023-08-10,API Access,10.7,27
USG01674,CUST0062,2024-04-03,Bulk Import,19.4,8
USG01675,CUST0253,2022-06-27,Automation,32.0,36
USG01676,CUST0368,2024-09-11,Automation,1.0,13
USG01677,CUST0230,2023-07-23,Integrations,53.4,57
USG01678,CUST0279,2023-07-19,API Access,20.5,48
USG01679,CUST0314,2022-09-08,Notifications,25.7,30
USG01680,CUST0170,2023-02-01,Dashboard,1.3,44
USG01681,CUST0089,2023-06-22,Bulk Import,10.9,48
USG01682,CUST0348,2022-07-05,API Access,24.0,10
USG01683,CUST0327,2023-12-25,API Access,18.2,12
USG01684,CUST0215,2022-10-25,Bulk Import,8.8,20
USG01685,CUST0058,2023-03-20,Analytics,1.0,15
USG01686,CUST0375,2022-07-10,User Management,50.1,21
USG01687,CUST0337,2022-12-22,Integrations,16.8,37
USG01688,CUST0257,2022-07-22,Audit Logs,9.4,41
USG01689,CUST0064,2023-08-01,User Management,38.0,13
USG01690,CUST0424,2022-02-01,API Access,5.6,2
USG01691,CUST0020,2023-10-28,Automation,13.1,2
USG01692,CUST0043,2025-05-24,User Management,26.4,3
USG01693,CUST0202,2024-08-12,Audit Logs,9.1,14
USG01694,CUST0086,2025-04-25,Dashboard,35.5,79
USG01695,CUST0362,2025-01-14,Audit Logs,10.0,74
USG01696,CUST0085,2023-04-09,Reporting,2.0,64
USG01697,CUST0016,2025-09-20,Bulk Import,11.1,10
USG01698,CUST0258,2023-06-19,Audit Logs,48.0,16
USG01699,CUST0328,2024-09-22,Reporting,9.9,42
USG01700,CUST0337,2022-04-11,Audit Logs,13.4,56
USG01701,CUST0335,2025-01-24,Bulk Import,7.2,55
USG01702,CUST0427,2022-02-17,Automation,60.5,48
USG01703,CUST0113,2024-11-22,API Access,11.4,39
USG01704,CUST0239,2022-05-16,API Access,53.2,37
USG01705,CUST0410,2022-06-20,API Access,50.7,52
USG01706,CUST0403,2025-04-13,Bulk Import,7.5,14
USG01707,CUST0422,2025-08-05,Reporting,1.5,63
USG01708,CUST0479,2024-12-31,Notifications,4.0,66
USG01709,CUST0485,2025-02-19,API Access,2.2,33
USG01710,CUST0487,2024-04-06,Analytics,10.9,59
USG01711,CUST0035,2025-11-26,Analytics,15.2,38
USG01712,CUST0018,2023-01-29,Reporting,79.2,26
USG01713,CUST0174,2023-08-12,Integrations,20.9,72
USG01714,CUST0156,2025-09-01,Analytics,16.0,45
USG01715,CUST0358,2023-03-27,Audit Logs,30.8,60
USG01716,CUST0016,2022-08-06,Analytics,14.3,38
USG01717,CUST0269,2025-07-05,Integrations,3.3,35
USG01718,CUST0343,2022-05-08,Integrations,4.5,57
USG01719,CUST0239,2025-01-02,Audit Logs,20.3,25
USG01720,CUST0031,2025-01-05,Reporting,41.8,60
USG01721,CUST0308,2022-04-16,User Management,0.0,51
USG01722,CUST0329,2023-01-12,Analytics,2.8,73
USG01723,CUST0448,2022-11-05,API Access,27.3,73
USG01724,CUST0206,2025-12-27,API Access,4.1,55
USG01725,CUST0130,2022-01-12,Audit Logs,14.4,47
USG01726,CUST0159,2024-06-30,Integrations,10.4,18
USG01727,CUST0224,2022-03-24,Analytics,9.1,48
USG01728,CUST0460,2025-04-06,Dashboard,8.1,74
USG01729,CUST0389,2022-02-03,Automation,11.0,31
USG01730,CUST0370,2023-06-08,API Access,73.1,8
USG01731,CUST0430,2025-12-11,Bulk Import,4.1,52
USG01732,CUST0436,2022-10-12,Audit Logs,5.4,16
USG01733,CUST0303,2022-04-16,User Management,51.6,54
USG01734,CUST0381,2025-04-10,User Management,2.6,80
USG01735,CUST0180,2025-04-11,Reporting,10.1,28
USG01736,CUST0351,2025-06-15,Bulk Import,27.3,4
USG01737,CUST0025,2024-07-05,Integrations,0.0,68
USG01738,CUST0415,2025-02-14,Integrations,81.3,75
USG01739,CUST0343,2024-09-26,Dashboard,26.2,57
USG01740,CUST0373,2022-05-22,API Access,19.8,39
USG01741,CUST0073,2023-07-02,User Management,5.1,6
USG01742,CUST0396,2022-09-16,Audit Logs,15.3,19
USG01743,CUST0074,2023-03-16,Analytics,11.5,34
USG01744,CUST0251,2022-03-14,Audit Logs,3.7,44
USG01745,CUST0259,2025-09-27,User Management,2.9,4
USG01746,CUST0219,2024-11-20,Automation,2.1,66
USG01747,CUST0301,2025-01-21,Dashboard,4.9,36
USG01748,CUST0148,2024-07-24,Reporting,6.5,70
USG01749,CUST0204,2025-08-08,Automation,38.4,43
USG01750,CUST0155,2023-09-22,API Access,0.5,71
USG01751,CUST0104,2024-10-08,API Access,20.8,77
USG01752,CUST0423,2025-12-24,Analytics,13.2,71
USG01753,CUST0075,2024-10-07,User Management,12.7,39
USG01754,CUST0324,2024-06-18,User Management,14.2,20
USG01755,CUST0132,2022-12-17,Bulk Import,9.2,33
USG01756,CUST0127,2023-11-17,Dashboard,6.5,36
USG01757,CUST0446,2022-07-11,Notifications,6.2,50
USG01758,CUST0282,2025-01-19,Bulk Import,41.1,39
USG01759,CUST0384,2024-04-14,Analytics,28.4,20
USG01760,CUST0216,2022-02-22,Reporting,1.3,5
USG01761,CUST0242,2022-11-18,User Management,21.9,15
USG01762,CUST0274,2022-08-04,Reporting,21.1,7
USG01763,CUST0353,2023-01-01,Reporting,0.4,52
USG01764,CUST0483,2022-11-30,Analytics,23.8,12
USG01765,CUST0298,2023-07-10,Notifications,3.6,3
USG01766,CUST0119,2024-02-17,Automation,1.3,40
USG01767,CUST0052,2022-03-13,Audit Logs,2.5,33
USG01768,CUST0171,2025-04-13,API Access,24.7,39
USG01769,CUST0003,2023-12-06,Analytics,35.2,50
USG01770,CUST0226,2025-03-19,Analytics,24.6,63
USG01771,CUST0134,2023-07-22,Notifications,42.8,18
USG01772,CUST0233,2025-10-14,Automation,1.3,72
USG01773,CUST0449,2022-03-17,Analytics,44.3,40
USG01774,CUST0212,2022-10-19,Dashboard,4.3,37
USG01775,CUST0407,2023-12-26,Notifications,1.4,80
USG01776,CUST0058,2024-06-12,Notifications,4.0,19
USG01777,CUST0300,2022-06-01,User Management,2.8,12
USG01778,CUST0077,2022-02-20,Notifications,19.2,10
USG01779,CUST0314,2024-06-13,Analytics,31.0,77
USG01780,CUST0104,2025-04-29,Dashboard,12.3,25
USG01781,CUST0406,2023-03-31,Audit Logs,6.2,60
USG01782,CUST0087,2023-03-27,User Management,2.8,63
USG01783,CUST0045,2025-09-28,User Management,19.7,73
USG01784,CUST0105,2022-09-19,API Access,21.4,13
USG01785,CUST0328,2023-08-19,Dashboard,28.4,36
USG01786,CUST0296,2025-12-16,Audit Logs,8.0,21
USG01787,CUST0210,2023-06-29,Automation,18.2,47
USG01788,CUST0333,2024-04-16,Analytics,4.4,62
USG01789,CUST0062,2024-10-22,Dashboard,33.1,18
USG01790,CUST0135,2022-04-02,Analytics,4.2,46
USG01791,CUST0411,2024-10-08,API Access,18.2,79
USG01792,CUST0108,2025-06-22,User Management,16.4,41
USG01793,CUST0357,2024-08-01,API Access,9.8,49
USG01794,CUST0037,2024-10-12,Analytics,9.1,57
USG01795,CUST0234,2025-03-23,Reporting,4.5,66
USG01796,CUST0080,2025-04-11,User Management,43.3,28
USG01797,CUST0128,2022-10-18,Integrations,2.1,33
USG01798,CUST0150,2023-02-13,Integrations,37.0,37
USG01799,CUST0121,2023-08-11,Integrations,2.3,52
USG01800,CUST0074,2022-02-03,User Management,15.3,25
USG01801,CUST0246,2025-06-25,Dashboard,32.6,43
USG01802,CUST0286,2022-07-25,Audit Logs,56.5,25
USG01803,CUST0328,2022-06-04,User Management,9.2,8
USG01804,CUST0250,2025-09-26,Reporting,13.9,30
USG01805,CUST0376,2023-12-25,Automation,17.4,74
USG01806,CUST0162,2022-03-16,API Access,11.1,69
USG01807,CUST0172,2023-06-08,Reporting,0.3,7
USG01808,CUST0389,2022-03-15,Audit Logs,7.3,28
USG01809,CUST0499,2023-07-12,API Access,2.1,56
USG01810,CUST0469,2022-03-18,Integrations,23.3,78
USG01811,CUST0351,2022-12-25,Integrations,21.0,6
USG01812,CUST0044,2025-02-22,API Access,15.9,1
USG01813,CUST0423,2022-07-24,Integrations,28.3,13
USG01814,CUST0281,2025-03-20,API Access,15.4,48
USG01815,CUST0450,2022-12-21,User Management,1.3,57
USG01816,CUST0085,2024-03-12,API Access,7.0,28
USG01817,CUST0299,2022-04-05,Reporting,14.2,14
USG01818,CUST0018,2022-01-01,Automation,2.5,6
USG01819,CUST0051,2022-11-06,API Access,4.0,26
USG01820,CUST0310,2023-08-11,User Management,66.6,80
USG01821,CUST0092,2025-04-01,Integrations,31.2,54
USG01822,CUST0263,2023-10-01,Bulk Import,2.3,9
USG01823,CUST0078,2023-08-26,Analytics,14.5,23
USG01824,CUST0299,2022-08-31,Notifications,4.8,2
USG01825,CUST0134,2024-02-07,Automation,14.2,33
USG01826,CUST0271,2023-02-23,API Access,7.1,75
USG01827,CUST0475,2024-08-02,Automation,1.7,14
USG01828,CUST0116,2023-02-20,Reporting,63.3,24
USG01829,CUST0243,2023-06-07,Analytics,8.6,50
USG01830,CUST0099,2025-05-23,Reporting,57.9,49
USG01831,CUST0464,2022-06-10,API Access,4.6,36
USG01832,CUST0438,2023-06-13,Dashboard,25.9,1
USG01833,CUST0058,2023-08-20,Analytics,23.4,17
USG01834,CUST0007,2025-02-06,User Management,16.3,37
USG01835,CUST0204,2024-07-14,API Access,4.5,26
USG01836,CUST0331,2022-05-07,Dashboard,11.8,67
USG01837,CUST0084,2023-02-18,Automation,8.3,28
USG01838,CUST0447,2023-05-16,Analytics,43.0,36
USG01839,CUST0049,2024-06-26,API Access,2.1,4
USG01840,CUST0056,2024-07-07,API Access,8.8,69
USG01841,CUST0110,2023-11-03,User Management,12.9,31
USG01842,CUST0398,2025-02-17,Analytics,1.7,26
USG01843,CUST0353,2025-10-24,API Access,26.2,63
USG01844,CUST0483,2023-11-24,Dashboard,11.7,27
USG01845,CUST0029,2025-05-06,Dashboard,11.8,17
USG01846,CUST0443,2025-10-30,Bulk Import,6.8,32
USG01847,CUST0303,2024-04-07,Notifications,3.9,28
USG01848,CUST0168,2024-04-08,Integrations,21.1,51
USG01849,CUST0195,2025-01-20,Audit Logs,11.1,40
USG01850,CUST0381,2022-08-30,Reporting,3.6,37
USG01851,CUST0158,2025-12-26,API Access,16.9,25
USG01852,CUST0358,2023-04-11,Audit Logs,5.4,57
USG01853,CUST0481,2024-11-14,Integrations,43.5,69
USG01854,CUST0346,2022-09-04,API Access,38.8,48
USG01855,CUST0150,2024-02-22,Dashboard,6.3,23
USG01856,CUST0432,2024-08-09,User Management,6.5,60
USG01857,CUST0384,2024-02-27,User Management,14.1,27
USG01858,CUST0189,2024-10-20,Bulk Import,66.9,21
USG01859,CUST0489,2025-04-21,Integrations,5.6,37
USG01860,CUST0405,2023-04-20,API Access,26.8,52
USG01861,CUST0424,2023-10-02,Automation,25.5,32
USG01862,CUST0470,2023-04-02,Audit Logs,8.9,51
USG01863,CUST0091,2024-05-14,Automation,14.1,19
USG01864,CUST0182,2022-08-13,Audit Logs,2.7,38
USG01865,CUST0368,2025-12-01,Bulk Import,20.9,61
USG01866,CUST0221,2023-06-10,API Access,9.8,2
USG01867,CUST0310,2025-09-21,Reporting,18.8,70
USG01868,CUST0321,2024-02-29,API Access,15.7,61
USG01869,CUST0475,2025-05-07,User Management,46.9,15
USG01870,CUST0255,2022-12-28,Audit Logs,18.4,38
USG01871,CUST0250,2023-08-06,Bulk Import,32.3,17
USG01872,CUST0358,2022-09-13,Audit Logs,23.8,45
USG01873,CUST0479,2025-07-22,Reporting,17.6,76
USG01874,CUST0209,2023-04-11,Analytics,6.4,58
USG01875,CUST0369,2025-03-30,Reporting,2.3,65
USG01876,CUST0497,2023-09-28,Dashboard,23.8,15
USG01877,CUST0224,2024-07-04,Dashboard,14.6,26
USG01878,CUST0069,2025-04-26,Analytics,2.1,19
USG01879,CUST0274,2025-01-23,Integrations,20.7,67
USG01880,CUST0204,2023-06-22,Integrations,55.0,16
USG01881,CUST0009,2024-11-04,Dashboard,5.5,42
USG01882,CUST0484,2022-07-07,Integrations,46.9,78
USG01883,CUST0443,2022-08-26,Integrations,2.1,62
USG01884,CUST0368,2025-07-31,User Management,30.0,48
USG01885,CUST0443,2023-04-15,Analytics,7.5,65
USG01886,CUST0173,2024-08-19,Dashboard,6.5,6
USG01887,CUST0104,2023-01-30,Notifications,26.0,21
USG01888,CUST0282,2024-02-11,Bulk Import,3.7,18
USG01889,CUST0005,2023-03-25,API Access,13.0,31
USG01890,CUST0464,2025-06-17,Notifications,77.5,80
USG01891,CUST0038,2022-06-19,Audit Logs,28.4,56
USG01892,CUST0002,2025-12-09,User Management,8.4,34
USG01893,CUST0023,2024-01-12,Bulk Import,15.0,23
USG01894,CUST0184,2024-01-14,Audit Logs,1.2,73
USG01895,CUST0484,2025-07-03,Bulk Import,29.3,41
USG01896,CUST0194,2024-01-04,Integrations,34.0,77
USG01897,CUST0119,2024-06-17,Notifications,27.8,24
USG01898,CUST0288,2025-04-13,Bulk Import,6.0,72
USG01899,CUST0240,2023-10-06,User Management,2.6,5
USG01900,CUST0249,2024-10-25,Notifications,48.8,74
USG01901,CUST0085,2025-05-14,Bulk Import,19.3,73
USG01902,CUST0314,2023-05-04,Automation,19.0,31
USG01903,CUST0353,2025-07-18,Analytics,24.7,19
USG01904,CUST0163,2022-01-08,Reporting,10.5,78
USG01905,CUST0467,2023-12-26,API Access,37.5,62
USG01906,CUST0221,2023-01-22,Integrations,16.3,48
USG01907,CUST0022,2022-09-02,Analytics,34.6,17
USG01908,CUST0055,2023-12-14,Analytics,18.2,61
USG01909,CUST0216,2025-02-15,Analytics,4.1,37
USG01910,CUST0250,2022-04-15,Automation,18.5,28
USG01911,CUST0322,2023-05-14,Bulk Import,10.0,7
USG01912,CUST0099,2025-07-06,Bulk Import,10.9,15
USG01913,CUST0065,2023-11-15,Bulk Import,5.4,3
USG01914,CUST0258,2022-05-17,Bulk Import,17.7,53
USG01915,CUST0257,2023-10-30,Integrations,3.7,66
USG01916,CUST0008,2024-03-10,Reporting,10.6,60
USG01917,CUST0218,2024-05-04,Dashboard,0.2,38
USG01918,CUST0070,2024-02-05,Bulk Import,51.3,72
USG01919,CUST0133,2024-12-17,Notifications,0.5,31
USG01920,CUST0294,2024-09-03,Reporting,16.0,35
USG01921,CUST0053,2025-11-19,Audit Logs,10.6,44
USG01922,CUST0010,2022-02-11,Audit Logs,11.7,55
USG01923,CUST0212,2025-09-15,User Management,0.9,61
USG01924,CUST0037,2022-05-28,Integrations,20.5,30
USG01925,CUST0228,2024-05-06,Reporting,1.8,43
USG01926,CUST0494,2023-01-09,User Management,17.9,18
USG01927,CUST0429,2025-02-21,Integrations,1.0,47
USG01928,CUST0429,2022-08-23,Automation,46.5,66
USG01929,CUST0466,2023-04-13,Audit Logs,7.8,15
USG01930,CUST0057,2024-06-07,Audit Logs,7.0,16
USG01931,CUST0272,2022-09-18,Integrations,38.9,27
USG01932,CUST0209,2022-04-23,Bulk Import,15.0,4
USG01933,CUST0074,2024-09-10,Reporting,42.2,28
USG01934,CUST0381,2024-02-25,Analytics,29.7,2
USG01935,CUST0033,2025-02-22,Dashboard,8.7,2
USG01936,CUST0333,2023-12-05,Dashboard,22.4,38
USG01937,CUST0020,2022-07-15,Reporting,14.0,23
USG01938,CUST0429,2023-07-19,Dashboard,31.7,13
USG01939,CUST0036,2023-07-29,Dashboard,10.9,3
USG01940,CUST0218,2024-11-23,Audit Logs,39.4,25
USG01941,CUST0249,2022-07-27,Notifications,3.8,19
USG01942,CUST0315,2024-06-06,Reporting,7.8,46
USG01943,CUST0119,2023-08-18,Reporting,1.2,34
USG01944,CUST0062,2025-02-04,Reporting,2.7,71
USG01945,CUST0443,2024-02-27,API Access,14.0,29
USG01946,CUST0255,2025-07-26,Integrations,11.5,69
USG01947,CUST0162,2025-08-24,Audit Logs,9.5,65
USG01948,CUST0424,2024-04-15,Dashboard,22.6,53
USG01949,CUST0459,2025-06-04,User Management,7.1,52
USG01950,CUST0401,2023-07-15,Notifications,1.0,78
USG01951,CUST0299,2022-06-15,Audit Logs,8.5,73
USG01952,CUST0045,2024-05-28,API Access,15.0,24
USG01953,CUST0454,2023-05-15,Audit Logs,24.8,33
USG01954,CUST0253,2025-08-20,Audit Logs,5.3,28
USG01955,CUST0003,2025-08-28,Bulk Import,6.7,59
USG01956,CUST0306,2024-10-25,User Management,5.2,8
USG01957,CUST0139,2022-12-12,Automation,1.1,61
USG01958,CUST0087,2023-09-27,Analytics,31.3,5
USG01959,CUST0028,2025-10-14,Integrations,14.6,2
USG01960,CUST0282,2022-06-06,Bulk Import,5.2,53
USG01961,CUST0276,2022-05-18,Dashboard,12.9,70
USG01962,CUST0108,2025-01-10,Reporting,21.4,29
USG01963,CUST0370,2022-04-23,Reporting,2.1,37
USG01964,CUST0356,2024-11-07,User Management,5.8,33
USG01965,CUST0202,2023-04-17,Integrations,7.7,61
USG01966,CUST0105,2025-11-23,Reporting,14.9,43
USG01967,CUST0058,2022-06-27,Dashboard,15.1,47
USG01968,CUST0128,2025-10-22,Integrations,9.3,68
USG01969,CUST0009,2022-09-29,Reporting,9.4,46
USG01970,CUST0069,2024-06-07,Integrations,20.5,2
USG01971,CUST0296,2022-01-15,Bulk Import,120.0,70
USG01972,CUST0158,2025-08-29,Notifications,18.5,39
USG01973,CUST0153,2022-08-07,User Management,4.9,57
USG01974,CUST0127,2023-01-02,Bulk Import,8.3,55
USG01975,CUST0213,2025-11-03,Automation,1.5,36
USG01976,CUST0438,2023-12-29,User Management,13.8,10
USG01977,CUST0122,2024-10-05,Automation,2.8,54
USG01978,CUST0312,2025-12-28,Reporting,16.1,78
USG01979,CUST0122,2023-05-01,Notifications,56.8,58
USG01980,CUST0195,2022-07-19,Dashboard,28.4,41
USG01981,CUST0078,2023-01-31,Notifications,74.2,41
USG01982,CUST0307,2025-04-03,Automation,4.2,70
USG01983,CUST0245,2025-11-23,API Access,19.8,38
USG01984,CUST0455,2022-03-22,Dashboard,12.3,56
USG01985,CUST0325,2024-08-26,Integrations,4.6,59
USG01986,CUST0190,2024-12-04,Bulk Import,64.9,14
USG01987,CUST0411,2024-10-30,Integrations,1.8,7
USG01988,CUST0340,2025-10-28,Dashboard,7.1,74
USG01989,CUST0392,2023-10-14,Bulk Import,19.3,60
USG01990,CUST0492,2022-04-03,User Management,2.8,29
USG01991,CUST0081,2024-08-17,Analytics,16.2,53
USG01992,CUST0374,2023-05-27,Integrations,33.0,35
USG01993,CUST0466,2024-02-22,Dashboard,41.4,63
USG01994,CUST0207,2022-12-27,Bulk Import,18.1,28
USG01995,CUST0436,2024-10-11,Integrations,4.2,4
USG01996,CUST0281,2022-08-28,Integrations,2.2,56
USG01997,CUST0141,2024-02-27,Analytics,13.3,24
USG01998,CUST0374,2023-06-27,Integrations,13.3,8
USG01999,CUST0028,2023-06-28,Integrations,9.1,42
USG02000,CUST0144,2023-08-20,User Management,9.0,1
USG02001,CUST0499,2025-07-14,Analytics,106.9,68
USG02002,CUST0455,2024-11-03,Audit Logs,16.9,31
USG02003,CUST0479,2022-05-25,Audit Logs,1.4,30
USG02004,CUST0152,2022-03-06,User Management,6.4,13
USG02005,CUST0374,2023-10-29,Automation,6.4,69
USG02006,CUST0199,2024-05-02,User Management,36.7,2
USG02007,CUST0225,2024-04-29,Integrations,5.4,40
USG02008,CUST0071,2025-08-22,User Management,104.2,13
USG02009,CUST0316,2023-03-18,Reporting,10.0,50
USG02010,CUST0184,2023-08-13,Reporting,12.0,7
USG02011,CUST0049,2023-03-25,Notifications,15.9,33
USG02012,CUST0468,2024-06-21,User Management,28.8,15
USG02013,CUST0104,2022-03-22,Analytics,29.3,51
USG02014,CUST0016,2025-10-12,Bulk Import,0.5,69
USG02015,CUST0183,2024-05-07,Audit Logs,46.6,17
USG02016,CUST0125,2025-09-27,Audit Logs,1.8,64
USG02017,CUST0042,2024-11-04,Bulk Import,0.2,19
USG02018,CUST0219,2022-05-08,Notifications,7.2,3
USG02019,CUST0448,2025-02-23,Notifications,36.9,19
USG02020,CUST0116,2025-05-10,Analytics,26.8,51
USG02021,CUST0406,2023-04-08,User Management,17.4,67
USG02022,CUST0087,2024-06-12,Dashboard,1.7,42
USG02023,CUST0111,2022-04-02,Bulk Import,8.4,72
USG02024,CUST0250,2023-07-10,Audit Logs,1.3,38
USG02025,CUST0078,2023-12-19,Reporting,10.3,64
USG02026,CUST0211,2025-04-12,Integrations,57.6,19
USG02027,CUST0342,2025-05-19,API Access,2.8,12
USG02028,CUST0377,2024-11-17,Analytics,11.4,75
USG02029,CUST0335,2023-05-08,Notifications,2.7,4
USG02030,CUST0498,2024-06-14,User Management,14.0,41
USG02031,CUST0420,2024-08-05,Reporting,5.1,18
USG02032,CUST0045,2025-02-08,Reporting,21.7,53
USG02033,CUST0164,2025-02-09,Reporting,4.7,5
USG02034,CUST0238,2023-05-11,Analytics,38.0,48
USG02035,CUST0012,2024-03-11,Audit Logs,2.2,43
USG02036,CUST0194,2025-08-10,Audit Logs,35.8,31
USG02037,CUST0005,2025-02-13,Reporting,49.4,64
USG02038,CUST0082,2022-12-05,User Management,0.1,55
USG02039,CUST0298,2022-02-26,Reporting,0.6,9
USG02040,CUST0451,2024-11-05,Reporting,28.3,12
USG02041,CUST0414,2023-02-20,Integrations,15.4,70
USG02042,CUST0335,2023-01-31,Analytics,84.6,15
USG02043,CUST0234,2022-02-05,Reporting,14.5,72
USG02044,CUST0375,2024-01-14,Dashboard,58.3,60
USG02045,CUST0235,2025-12-31,Automation,8.7,10
USG02046,CUST0137,2022-05-15,User Management,3.3,50
USG02047,CUST0330,2024-12-12,Audit Logs,20.3,17
USG02048,CUST0244,2023-11-03,Integrations,1.2,11
USG02049,CUST0220,2025-07-04,Audit Logs,4.9,28
USG02050,CUST0424,2023-02-28,Dashboard,0.8,50
USG02051,CUST0027,2023-04-27,Integrations,30.5,65
USG02052,CUST0469,2025-05-18,API Access,52.9,30
USG02053,CUST0367,2024-08-03,API Access,10.3,38
USG02054,CUST0014,2022-02-14,Bulk Import,16.1,40
USG02055,CUST0293,2022-03-06,Notifications,2.4,44
USG02056,CUST0482,2023-07-13,Dashboard,3.9,50
USG02057,CUST0209,2023-09-05,Reporting,3.9,31
USG02058,CUST0420,2025-04-29,Bulk Import,36.0,33
USG02059,CUST0135,2024-01-10,Integrations,22.5,18
USG02060,CUST0259,2023-10-26,User Management,57.3,80
USG02061,CUST0100,2022-09-14,Integrations,12.8,10
USG02062,CUST0205,2023-04-27,Analytics,24.0,19
USG02063,CUST0272,2023-10-08,Bulk Import,26.8,14
USG02064,CUST0185,2023-01-24,Automation,0.2,55
USG02065,CUST0078,2025-07-11,Automation,2.1,16
USG02066,CUST0052,2025-12-03,Automation,12.2,27
USG02067,CUST0087,2024-05-11,Notifications,22.7,80
USG02068,CUST0043,2023-01-05,Reporting,52.3,48
USG02069,CUST0127,2022-12-27,Integrations,1.4,16
USG02070,CUST0058,2024-11-23,Audit Logs,0.5,74
USG02071,CUST0426,2025-09-19,Dashboard,12.7,75
USG02072,CUST0450,2023-03-25,Automation,0.9,9
USG02073,CUST0148,2025-08-22,Audit Logs,1.5,78
USG02074,CUST0437,2024-05-15,Dashboard,3.2,66
USG02075,CUST0117,2025-02-28,Analytics,19.3,65
USG02076,CUST0004,2025-01-22,Reporting,5.6,27
USG02077,CUST0179,2025-08-12,Bulk Import,9.9,70
USG02078,CUST0195,2024-01-27,Bulk Import,22.8,2
USG02079,CUST0282,2025-01-16,Bulk Import,84.8,58
USG02080,CUST0379,2025-04-29,Analytics,12.5,59
USG02081,CUST0318,2024-10-10,Audit Logs,1.0,36
USG02082,CUST0225,2023-06-20,User Management,3.1,26
USG02083,CUST0032,2025-03-23,Bulk Import,23.1,49
USG02084,CUST0217,2023-07-14,Dashboard,21.1,75
USG02085,CUST0146,2024-08-24,Dashboard,38.3,74
USG02086,CUST0028,2024-09-19,API Access,5.3,19
USG02087,CUST0222,2022-11-10,User Management,14.6,71
USG02088,CUST0026,2023-09-09,Notifications,8.8,74
USG02089,CUST0427,2023-03-01,Analytics,3.8,78
USG02090,CUST0166,2023-11-19,Audit Logs,8.9,66
USG02091,CUST0297,2025-10-18,Bulk Import,22.9,14
USG02092,CUST0218,2023-05-20,User Management,13.9,33
USG02093,CUST0347,2023-07-22,API Access,5.0,59
USG02094,CUST0446,2023-01-21,Integrations,42.8,25
USG02095,CUST0173,2023-12-07,Notifications,1.1,10
USG02096,CUST0055,2024-08-28,API Access,70.8,76
USG02097,CUST0298,2022-06-27,User Management,6.6,55
USG02098,CUST0305,2024-11-29,User Management,49.0,8
USG02099,CUST0411,2025-05-27,API Access,11.4,7
USG02100,CUST0377,2024-02-26,Reporting,1.8,2
USG02101,CUST0417,2022-12-08,Automation,31.5,44
USG02102,CUST0356,2025-04-21,Analytics,0.2,45
USG02103,CUST0409,2023-12-22,Integrations,3.5,76
USG02104,CUST0203,2024-01-12,Dashboard,16.3,39
USG02105,CUST0228,2024-06-09,Dashboard,29.1,35
USG02106,CUST0417,2023-08-13,Bulk Import,19.3,51
USG02107,CUST0119,2022-05-16,Bulk Import,2.1,37
USG02108,CUST0250,2023-10-10,Notifications,9.3,17
USG02109,CUST0336,2023-03-14,Analytics,16.4,2
USG02110,CUST0003,2024-11-04,Audit Logs,19.3,30
USG02111,CUST0021,2022-04-07,Automation,9.9,79
USG02112,CUST0091,2022-03-13,Notifications,11.4,55
USG02113,CUST0339,2023-05-29,Automation,3.9,1
USG02114,CUST0446,2025-10-28,Notifications,1.0,44
USG02115,CUST0263,2022-03-02,Reporting,21.4,26
USG02116,CUST0163,2023-08-19,Automation,24.7,61
USG02117,CUST0126,2025-11-02,Notifications,21.6,80
USG02118,CUST0421,2025-11-25,Automation,1.8,65
USG02119,CUST0277,2023-06-12,Dashboard,25.9,51
USG02120,CUST0356,2025-10-21,Dashboard,2.3,67
USG02121,CUST0289,2022-11-08,Analytics,4.2,22
USG02122,CUST0164,2022-06-21,Dashboard,10.6,67
USG02123,CUST0294,2025-07-08,API Access,11.4,66
USG02124,CUST0075,2023-07-31,Analytics,2.7,5
USG02125,CUST0294,2023-08-18,Integrations,0.3,12
USG02126,CUST0070,2024-05-09,Analytics,37.4,23
USG02127,CUST0368,2024-03-28,Automation,24.5,6
USG02128,CUST0062,2024-11-09,Bulk Import,1.7,73
USG02129,CUST0340,2024-06-19,User Management,2.1,10
USG02130,CUST0257,2025-11-11,Integrations,11.2,46
USG02131,CUST0438,2022-07-31,Automation,25.0,76
USG02132,CUST0217,2022-12-14,Bulk Import,14.8,18
USG02133,CUST0365,2025-12-01,Automation,5.7,77
USG02134,CUST0209,2023-04-23,API Access,10.7,14
USG02135,CUST0415,2025-11-19,Bulk Import,9.3,69
USG02136,CUST0172,2023-10-12,User Management,11.5,30
USG02137,CUST0279,2023-08-08,API Access,11.1,40
USG02138,CUST0274,2024-07-04,Integrations,10.7,59
USG02139,CUST0472,2023-02-18,Reporting,37.6,77
USG02140,CUST0420,2024-06-24,Reporting,2.5,25
USG02141,CUST0329,2024-11-16,Reporting,20.7,14
USG02142,CUST0257,2023-07-08,Integrations,32.0,57
USG02143,CUST0194,2025-10-31,Audit Logs,10.8,3
USG02144,CUST0217,2022-07-30,User Management,32.1,44
USG02145,CUST0388,2025-01-11,Bulk Import,42.1,11
USG02146,CUST0172,2023-07-07,Automation,2.9,48
USG02147,CUST0438,2022-03-08,Analytics,5.0,65
USG02148,CUST0354,2023-10-19,API Access,51.4,65
USG02149,CUST0227,2022-02-01,User Management,2.9,1
USG02150,CUST0468,2025-11-04,Audit Logs,15.5,76
USG02151,CUST0086,2024-11-26,API Access,11.1,1
USG02152,CUST0054,2025-03-16,Analytics,22.7,50
USG02153,CUST0074,2025-03-18,Automation,31.1,73
USG02154,CUST0147,2024-10-07,Bulk Import,20.1,25
USG02155,CUST0305,2022-03-07,Notifications,15.7,77
USG02156,CUST0029,2025-03-07,Notifications,24.0,69
USG02157,CUST0429,2025-07-12,Integrations,30.2,64
USG02158,CUST0035,2025-03-26,Bulk Import,79.6,32
USG02159,CUST0409,2022-01-27,Reporting,42.4,25
USG02160,CUST0315,2022-09-24,User Management,0.1,25
USG02161,CUST0064,2023-11-16,Integrations,22.6,49
USG02162,CUST0207,2024-03-20,Notifications,6.1,33
USG02163,CUST0400,2024-04-22,Automation,23.4,23
USG02164,CUST0112,2025-08-12,API Access,0.4,40
USG02165,CUST0022,2024-08-12,Bulk Import,36.0,37
USG02166,CUST0393,2025-02-12,Dashboard,25.1,48
USG02167,CUST0458,2023-06-21,Notifications,6.1,1
USG02168,CUST0020,2024-12-27,Audit Logs,23.9,29
USG02169,CUST0238,2023-03-29,Notifications,36.1,13
USG02170,CUST0458,2022-12-26,User Management,3.8,65
USG02171,CUST0036,2022-05-04,Reporting,5.1,60
USG02172,CUST0318,2022-12-31,User Management,16.8,69
USG02173,CUST0429,2023-08-30,Dashboard,27.5,74
USG02174,CUST0315,2024-05-08,API Access,12.2,68
USG02175,CUST0074,2023-11-21,Automation,17.8,41
USG02176,CUST0284,2022-08-12,Integrations,49.3,2
USG02177,CUST0379,2022-06-25,API Access,28.7,70
USG02178,CUST0001,2022-04-08,API Access,8.7,23
USG02179,CUST0384,2022-11-04,User Management,12.3,5
USG02180,CUST0182,2025-08-05,Reporting,4.9,25
USG02181,CUST0364,2022-02-04,Dashboard,8.8,40
USG02182,CUST0008,2025-11-08,Analytics,5.9,19
USG02183,CUST0451,2023-04-18,Bulk Import,55.8,47
USG02184,CUST0254,2022-03-22,Notifications,17.8,25
USG02185,CUST0136,2022-01-16,Dashboard,21.0,68
USG02186,CUST0104,2022-09-20,User Management,5.6,76
USG02187,CUST0092,2022-03-22,Analytics,33.4,1
USG02188,CUST0402,2023-10-13,Notifications,1.0,16
USG02189,CUST0459,2024-04-14,User Management,0.0,49
USG02190,CUST0219,2022-07-21,API Access,33.0,16
USG02191,CUST0400,2023-01-08,Integrations,6.1,29
USG02192,CUST0052,2022-12-05,Audit Logs,8.4,10
USG02193,CUST0018,2023-05-17,Integrations,3.9,21
USG02194,CUST0120,2022-09-05,Automation,15.2,18
USG02195,CUST0400,2025-01-11,API Access,47.0,65
USG02196,CUST0356,2023-08-03,Integrations,12.3,41
USG02197,CUST0026,2022-10-09,Reporting,22.5,80
USG02198,CUST0067,2022-07-10,Dashboard,21.1,11
USG02199,CUST0476,2025-04-04,API Access,4.6,19
USG02200,CUST0451,2022-01-01,API Access,17.0,65
USG02201,CUST0012,2025-09-18,Integrations,30.2,70
USG02202,CUST0069,2023-08-24,Automation,18.2,16
USG02203,CUST0107,2025-06-21,User Management,20.9,16
USG02204,CUST0494,2025-03-15,Notifications,51.8,69
USG02205,CUST0322,2024-09-21,Analytics,5.0,14
USG02206,CUST0472,2025-09-04,Reporting,2.1,36
USG02207,CUST0230,2023-03-05,Reporting,30.3,58
USG02208,CUST0500,2022-06-10,User Management,2.1,1
USG02209,CUST0417,2023-09-10,Bulk Import,13.3,4
USG02210,CUST0317,2025-09-22,API Access,8.6,19
USG02211,CUST0020,2022-03-02,Dashboard,17.2,25
USG02212,CUST0500,2025-12-15,Notifications,3.8,48
USG02213,CUST0112,2025-11-13,Audit Logs,65.2,79
USG02214,CUST0353,2024-02-04,Integrations,0.9,41
USG02215,CUST0299,2024-04-23,Notifications,17.4,13
USG02216,CUST0337,2024-05-21,Notifications,52.6,10
USG02217,CUST0355,2022-10-19,Notifications,30.6,79
USG02218,CUST0243,2023-07-10,Dashboard,1.8,3
USG02219,CUST0269,2025-03-26,Notifications,2.5,26
USG02220,CUST0195,2022-12-05,User Management,26.6,75
USG02221,CUST0352,2022-03-31,Notifications,19.8,3
USG02222,CUST0310,2024-05-21,Bulk Import,12.8,71
USG02223,CUST0282,2022-08-26,Audit Logs,3.6,8
USG02224,CUST0107,2022-10-07,Integrations,14.1,45
USG02225,CUST0228,2023-07-04,Dashboard,2.7,12
USG02226,CUST0333,2024-03-10,Bulk Import,19.2,41
USG02227,CUST0072,2022-07-25,API Access,28.7,17
USG02228,CUST0127,2025-01-12,User Management,13.2,80
USG02229,CUST0168,2024-04-14,Dashboard,6.2,79
USG02230,CUST0422,2025-12-17,Notifications,14.3,37
USG02231,CUST0365,2022-03-14,API Access,19.6,56
USG02232,CUST0235,2024-08-02,Reporting,33.4,19
USG02233,CUST0460,2022-12-15,Analytics,14.9,13
USG02234,CUST0245,2023-05-15,Automation,5.7,46
USG02235,CUST0177,2025-01-19,User Management,30.7,3
USG02236,CUST0484,2022-10-11,Analytics,16.6,65
USG02237,CUST0400,2023-02-08,Automation,2.3,23
USG02238,CUST0377,2022-04-13,Bulk Import,7.5,20
USG02239,CUST0031,2024-01-14,Analytics,5.4,79
USG02240,CUST0410,2023-01-23,User Management,5.3,44
USG02241,CUST0418,2024-01-04,Analytics,7.9,79
USG02242,CUST0247,2022-06-11,Audit Logs,30.4,33
USG02243,CUST0090,2025-05-25,API Access,51.6,33
USG02244,CUST0485,2023-08-31,User Management,36.3,73
USG02245,CUST0135,2022-10-14,Dashboard,16.2,36
USG02246,CUST0249,2023-07-08,Audit Logs,1.6,68
USG02247,CUST0169,2022-07-20,Notifications,39.5,74
USG02248,CUST0301,2025-04-10,User Management,42.1,17
USG02249,CUST0144,2024-11-17,Automation,2.7,74
USG02250,CUST0259,2024-10-22,Notifications,82.5,38
USG02251,CUST0118,2025-05-13,Analytics,24.3,1
USG02252,CUST0299,2025-06-13,API Access,31.2,44
USG02253,CUST0017,2023-09-15,Notifications,13.6,49
USG02254,CUST0105,2022-05-18,Analytics,4.0,71
USG02255,CUST0271,2024-11-02,Reporting,0.2,44
USG02256,CUST0119,2025-02-28,Integrations,7.7,22
USG02257,CUST0081,2024-10-29,Audit Logs,23.4,37
USG02258,CUST0300,2023-05-17,Reporting,58.7,56
USG02259,CUST0471,2024-02-10,API Access,31.8,48
USG02260,CUST0305,2025-07-12,Analytics,36.4,1
USG02261,CUST0040,2025-10-24,User Management,30.9,25
USG02262,CUST0161,2025-04-04,Dashboard,1.5,51
USG02263,CUST0258,2022-01-27,Notifications,19.8,47
USG02264,CUST0278,2023-11-06,Analytics,15.1,12
USG02265,CUST0210,2024-03-09,Notifications,108.1,44
USG02266,CUST0489,2022-10-26,Bulk Import,3.9,79
USG02267,CUST0301,2022-11-01,API Access,25.3,59
USG02268,CUST0209,2022-07-27,Analytics,2.4,55
USG02269,CUST0392,2024-01-16,Analytics,20.9,41
USG02270,CUST0367,2024-04-03,User Management,0.2,28
USG02271,CUST0192,2024-01-03,API Access,12.8,15
USG02272,CUST0347,2022-06-22,Dashboard,9.9,53
USG02273,CUST0356,2024-03-10,Audit Logs,4.6,24
USG02274,CUST0224,2025-04-12,Analytics,47.7,30
USG02275,CUST0243,2023-02-16,Analytics,16.5,23
USG02276,CUST0397,2023-10-09,Reporting,7.6,24
USG02277,CUST0110,2023-02-27,Notifications,16.4,37
USG02278,CUST0344,2025-07-15,User Management,1.3,28
USG02279,CUST0176,2023-05-22,Analytics,24.2,8
USG02280,CUST0089,2024-08-20,Bulk Import,51.6,62
USG02281,CUST0301,2025-10-31,Dashboard,8.3,37
USG02282,CUST0155,2023-11-17,Dashboard,4.1,71
USG02283,CUST0282,2022-07-24,Analytics,20.1,47
USG02284,CUST0392,2025-06-05,Bulk Import,17.8,8
USG02285,CUST0495,2024-03-15,Reporting,12.9,40
USG02286,CUST0301,2025-02-09,Notifications,8.5,67
USG02287,CUST0049,2024-01-30,Notifications,41.8,40
USG02288,CUST0333,2022-02-22,Automation,34.4,26
USG02289,CUST0039,2023-08-03,Integrations,13.9,56
USG02290,CUST0316,2022-10-22,Notifications,1.9,80
USG02291,CUST0457,2022-10-18,Reporting,11.0,53
USG02292,CUST0304,2023-11-21,Analytics,9.8,30
USG02293,CUST0500,2022-04-25,Analytics,43.9,6
USG02294,CUST0407,2022-11-22,Notifications,20.5,21
USG02295,CUST0401,2025-09-26,Automation,9.6,58
USG02296,CUST0321,2023-06-15,Notifications,21.6,53
USG02297,CUST0274,2024-08-19,Reporting,9.7,4
USG02298,CUST0361,2022-11-20,Analytics,2.1,17
USG02299,CUST0252,2023-06-08,Audit Logs,22.0,44
USG02300,CUST0128,2022-12-23,User Management,21.0,77
USG02301,CUST0480,2024-07-21,Analytics,5.7,24
USG02302,CUST0328,2023-09-09,Bulk Import,18.2,4
USG02303,CUST0458,2023-11-28,Notifications,12.9,10
USG02304,CUST0451,2023-05-16,Automation,13.2,3
USG02305,CUST0382,2022-01-26,Automation,18.0,15
USG02306,CUST0271,2024-05-05,Notifications,0.2,25
USG02307,CUST0262,2025-08-18,Dashboard,13.7,43
USG02308,CUST0068,2025-01-01,Automation,14.1,50
USG02309,CUST0045,2025-03-10,Analytics,21.1,40
USG02310,CUST0493,2025-01-26,Audit Logs,8.1,74
USG02311,CUST0068,2022-03-29,Automation,0.2,70
USG02312,CUST0271,2025-04-19,Notifications,37.4,68
USG02313,CUST0302,2025-02-11,Dashboard,48.7,8
USG02314,CUST0237,2023-07-03,Reporting,48.3,10
USG02315,CUST0310,2025-07-26,Reporting,4.0,1
USG02316,CUST0312,2023-11-03,User Management,13.4,25
USG02317,CUST0455,2024-05-08,Reporting,17.9,2
USG02318,CUST0229,2024-11-20,Dashboard,13.0,1
USG02319,CUST0245,2025-08-29,Notifications,40.5,75
USG02320,CUST0410,2025-12-28,Notifications,8.0,33
USG02321,CUST0203,2022-04-20,Integrations,6.4,76
USG02322,CUST0192,2024-07-30,Reporting,31.6,69
USG02323,CUST0476,2022-10-19,Notifications,15.1,30
USG02324,CUST0263,2023-07-31,User Management,20.9,44
USG02325,CUST0211,2025-01-13,Audit Logs,0.4,57
USG02326,CUST0373,2023-02-19,Dashboard,58.6,76
USG02327,CUST0155,2023-10-23,Integrations,9.1,36
USG02328,CUST0092,2025-10-23,Notifications,18.4,22
USG02329,CUST0269,2024-01-24,Analytics,9.9,56
USG02330,CUST0171,2024-01-05,Reporting,2.7,11
USG02331,CUST0321,2024-06-15,Audit Logs,15.8,30
USG02332,CUST0336,2024-08-01,Automation,3.9,26
USG02333,CUST0492,2025-02-20,API Access,9.1,32
USG02334,CUST0309,2025-07-23,API Access,10.7,8
USG02335,CUST0219,2023-11-06,Dashboard,33.2,32
USG02336,CUST0217,2022-09-02,Analytics,3.0,23
USG02337,CUST0160,2023-10-21,Analytics,3.7,31
USG02338,CUST0209,2023-02-03,Automation,8.3,58
USG02339,CUST0069,2022-12-21,Dashboard,39.7,42
USG02340,CUST0380,2025-06-17,Integrations,30.9,29
USG02341,CUST0010,2024-05-20,Dashboard,8.6,24
USG02342,CUST0415,2024-07-12,Integrations,27.9,66
USG02343,CUST0348,2022-10-18,User Management,8.3,40
USG02344,CUST0226,2023-11-02,Automation,39.8,7
USG02345,CUST0368,2025-08-02,Audit Logs,21.8,62
USG02346,CUST0022,2025-10-11,Audit Logs,8.8,71
USG02347,CUST0455,2024-08-10,User Management,5.5,42
USG02348,CUST0479,2025-04-15,Automation,5.9,64
USG02349,CUST0392,2024-04-12,Reporting,50.7,47
USG02350,CUST0335,2025-08-10,Analytics,4.2,50
USG02351,CUST0014,2025-10-22,Reporting,0.3,11
USG02352,CUST0288,2025-11-04,Integrations,4.3,24
USG02353,CUST0152,2023-04-12,Analytics,12.4,55
USG02354,CUST0397,2024-06-22,Automation,115.1,6
USG02355,CUST0421,2024-04-21,Audit Logs,69.2,26
USG02356,CUST0266,2023-03-01,User Management,62.9,6
USG02357,CUST0313,2024-11-05,Audit Logs,7.6,68
USG02358,CUST0154,2023-07-17,Integrations,6.2,71
USG02359,CUST0256,2022-07-24,Reporting,19.4,68
USG02360,CUST0118,2023-04-02,Audit Logs,3.1,9
USG02361,CUST0333,2023-05-20,Analytics,12.3,45
USG02362,CUST0413,2023-04-24,Automation,64.9,34
USG02363,CUST0303,2024-09-15,Analytics,48.4,52
USG02364,CUST0415,2025-06-15,Automation,1.0,4
USG02365,CUST0146,2023-03-04,Notifications,0.3,65
USG02366,CUST0442,2024-10-08,User Management,33.8,35
USG02367,CUST0183,2025-09-21,API Access,0.3,67
USG02368,CUST0299,2024-02-01,Notifications,0.6,35
USG02369,CUST0364,2023-11-22,API Access,5.3,72
USG02370,CUST0194,2025-07-21,Bulk Import,14.0,62
USG02371,CUST0496,2022-12-19,Reporting,0.9,35
USG02372,CUST0184,2025-01-18,Dashboard,7.7,37
USG02373,CUST0072,2024-07-21,Audit Logs,18.8,34
USG02374,CUST0153,2025-04-23,Bulk Import,4.8,16
USG02375,CUST0409,2024-05-21,Dashboard,43.4,4
USG02376,CUST0189,2024-08-17,API Access,28.1,29
USG02377,CUST0500,2023-04-15,Audit Logs,14.5,47
USG02378,CUST0182,2024-07-13,Analytics,27.5,4
USG02379,CUST0312,2025-12-13,User Management,3.6,6
USG02380,CUST0469,2023-05-06,Audit Logs,70.7,43
USG02381,CUST0230,2024-12-12,Audit Logs,39.8,39
USG02382,CUST0500,2025-10-28,Automation,27.4,66
USG02383,CUST0017,2022-01-17,API Access,4.4,53
USG02384,CUST0183,2024-06-27,Reporting,49.4,50
USG02385,CUST0387,2022-03-25,User Management,27.3,57
USG02386,CUST0026,2025-02-08,Dashboard,7.6,40
USG02387,CUST0197,2022-09-26,Audit Logs,3.4,66
USG02388,CUST0146,2023-06-21,Audit Logs,2.0,70
USG02389,CUST0004,2024-07-06,User Management,7.1,23
USG02390,CUST0075,2024-11-03,Audit Logs,4.1,6
USG02391,CUST0268,2024-09-11,Analytics,26.2,52
USG02392,CUST0238,2023-06-11,Analytics,1.2,36
USG02393,CUST0290,2024-02-26,API Access,23.8,9
USG02394,CUST0205,2025-09-17,Notifications,41.5,58
USG02395,CUST0177,2025-10-05,Reporting,0.5,52
USG02396,CUST0321,2022-09-23,Analytics,42.2,36
USG02397,CUST0329,2022-03-07,Integrations,50.3,44
USG02398,CUST0374,2025-10-31,Notifications,14.1,54
USG02399,CUST0260,2023-04-22,API Access,11.8,50
USG02400,CUST0325,2024-07-31,Automation,10.0,4
USG02401,CUST0173,2022-10-25,Reporting,2.1,22
USG02402,CUST0221,2025-02-24,Analytics,1.5,36
USG02403,CUST0376,2025-03-29,Bulk Import,35.1,39
USG02404,CUST0363,2025-11-12,Reporting,14.2,45
USG02405,CUST0051,2025-05-02,Analytics,12.9,21
USG02406,CUST0375,2024-05-08,Integrations,28.1,69
USG02407,CUST0466,2022-04-30,Bulk Import,2.8,29
USG02408,CUST0379,2022-02-26,API Access,16.1,2
USG02409,CUST0466,2023-02-09,Automation,21.1,66
USG02410,CUST0014,2024-07-01,Automation,3.0,63
USG02411,CUST0210,2023-01-11,Integrations,5.7,63
USG02412,CUST0396,2025-01-11,Reporting,1.9,18
USG02413,CUST0266,2024-03-10,Audit Logs,32.9,58
USG02414,CUST0421,2024-10-28,API Access,1.3,35
USG02415,CUST0050,2024-06-23,Notifications,11.3,16
USG02416,CUST0302,2022-08-27,API Access,17.2,26
USG02417,CUST0410,2025-05-01,Analytics,2.8,60
USG02418,CUST0401,2024-03-18,Reporting,1.8,74
USG02419,CUST0051,2022-12-04,Bulk Import,4.7,36
USG02420,CUST0191,2025-12-29,User Management,0.7,17
USG02421,CUST0337,2022-04-04,Bulk Import,39.2,29
USG02422,CUST0258,2025-02-11,Bulk Import,24.7,60
USG02423,CUST0224,2025-08-03,Automation,8.5,40
USG02424,CUST0047,2024-11-08,API Access,26.8,71
USG02425,CUST0229,2022-01-03,User Management,17.0,47
USG02426,CUST0496,2025-06-17,Integrations,12.6,50
USG02427,CUST0400,2025-10-03,API Access,10.2,41
USG02428,CUST0179,2024-12-02,Analytics,9.5,67
USG02429,CUST0058,2023-12-03,Automation,25.3,17
USG02430,CUST0054,2022-06-28,Automation,24.4,26
USG02431,CUST0381,2023-01-21,Integrations,59.7,39
USG02432,CUST0282,2024-12-01,Reporting,16.5,39
USG02433,CUST0243,2025-02-25,Audit Logs,58.8,19
USG02434,CUST0017,2023-08-31,Integrations,28.6,30
USG02435,CUST0277,2025-04-06,Reporting,15.3,17
USG02436,CUST0072,2024-09-02,Bulk Import,10.1,33
USG02437,CUST0098,2025-12-28,Bulk Import,31.6,21
USG02438,CUST0438,2024-06-06,Reporting,29.5,2
USG02439,CUST0214,2023-10-04,Integrations,20.2,66
USG02440,CUST0347,2022-03-14,Reporting,15.4,49
USG02441,CUST0120,2023-08-09,Analytics,109.3,48
USG02442,CUST0116,2022-05-15,Integrations,36.9,46
USG02443,CUST0316,2023-06-01,User Management,4.4,54
USG02444,CUST0228,2025-06-02,Integrations,23.1,5
USG02445,CUST0329,2023-12-19,User Management,8.2,54
USG02446,CUST0339,2025-07-29,Analytics,27.5,7
USG02447,CUST0395,2024-06-20,Dashboard,10.4,9
USG02448,CUST0262,2025-03-05,API Access,64.1,47
USG02449,CUST0377,2023-12-25,Automation,43.0,68
USG02450,CUST0435,2022-09-22,API Access,26.9,58
USG02451,CUST0432,2025-11-09,Automation,11.1,14
USG02452,CUST0372,2022-05-27,Bulk Import,7.8,52
USG02453,CUST0488,2025-11-10,Reporting,22.8,61
USG02454,CUST0285,2025-01-24,Reporting,12.5,63
USG02455,CUST0230,2024-10-31,Reporting,8.0,76
USG02456,CUST0212,2024-12-18,Analytics,2.7,78
USG02457,CUST0163,2024-11-27,User Management,1.1,60
USG02458,CUST0052,2024-01-16,Notifications,1.5,52
USG02459,CUST0482,2022-12-29,Reporting,0.2,7
USG02460,CUST0267,2023-06-14,Notifications,22.1,9
USG02461,CUST0213,2023-08-20,Dashboard,10.3,43
USG02462,CUST0358,2024-11-22,API Access,29.3,5
USG02463,CUST0241,2023-02-01,Notifications,45.8,70
USG02464,CUST0410,2022-05-10,User Management,9.9,27
USG02465,CUST0469,2022-04-21,Integrations,28.1,59
USG02466,CUST0001,2022-12-22,Automation,11.5,65
USG02467,CUST0155,2025-08-21,Analytics,2.7,31
USG02468,CUST0085,2023-07-18,Notifications,0.1,12
USG02469,CUST0462,2024-03-17,Dashboard,24.8,53
USG02470,CUST0370,2025-12-08,Integrations,113.6,17
USG02471,CUST0315,2025-04-19,Integrations,40.5,50
USG02472,CUST0105,2022-07-12,Automation,6.1,14
USG02473,CUST0197,2024-11-09,Notifications,10.3,4
USG02474,CUST0114,2025-04-27,Bulk Import,9.0,17
USG02475,CUST0493,2022-08-13,Reporting,14.4,26
USG02476,CUST0091,2024-03-11,Bulk Import,14.1,25
USG02477,CUST0288,2022-05-22,Automation,24.3,65
USG02478,CUST0148,2024-05-27,Automation,12.4,37
USG02479,CUST0346,2024-12-07,Bulk Import,41.7,39
USG02480,CUST0257,2025-06-23,Reporting,16.8,64
USG02481,CUST0416,2023-03-20,Automation,15.1,63
USG02482,CUST0114,2022-09-24,Bulk Import,13.2,29
USG02483,CUST0489,2025-12-11,Notifications,6.9,12
USG02484,CUST0196,2024-12-21,Notifications,0.9,41
USG02485,CUST0226,2023-07-31,Dashboard,28.7,43
USG02486,CUST0077,2024-09-22,API Access,7.8,24
USG02487,CUST0232,2022-08-19,Automation,9.8,80
USG02488,CUST0028,2024-09-03,Dashboard,28.7,21
USG02489,CUST0125,2023-09-06,Audit Logs,17.1,16
USG02490,CUST0221,2022-08-04,Dashboard,21.1,13
USG02491,CUST0369,2025-02-02,Notifications,13.0,54
USG02492,CUST0387,2023-12-31,Automation,21.0,2
USG02493,CUST0001,2023-10-04,User Management,7.5,78
USG02494,CUST0224,2024-10-13,API Access,4.7,28
USG02495,CUST0352,2022-12-07,Analytics,34.0,74
USG02496,CUST0329,2023-02-16,Notifications,2.9,40
USG02497,CUST0219,2024-09-02,Reporting,3.2,21
USG02498,CUST0298,2025-04-26,API Access,49.4,38
USG02499,CUST0022,2025-07-28,Automation,9.7,21
USG02500,CUST0398,2022-04-06,Dashboard,15.6,19
USG02501,CUST0489,2024-11-12,API Access,4.8,40
USG02502,CUST0152,2022-04-15,Integrations,16.6,3
USG02503,CUST0399,2025-03-25,API Access,4.8,78
USG02504,CUST0369,2024-06-10,User Management,0.6,27
USG02505,CUST0487,2024-10-08,User Management,14.6,51
USG02506,CUST0273,2025-02-14,Integrations,10.1,29
USG02507,CUST0371,2024-02-18,Audit Logs,2.4,51
USG02508,CUST0054,2023-11-09,Audit Logs,17.9,32
USG02509,CUST0086,2022-02-17,User Management,19.8,63
USG02510,CUST0482,2022-02-22,API Access,0.7,42
USG02511,CUST0206,2023-11-14,Audit Logs,5.7,2
USG02512,CUST0319,2022-05-05,Automation,49.0,54
USG02513,CUST0001,2022-11-27,Notifications,68.5,50
USG02514,CUST0058,2025-09-07,API Access,0.7,77
USG02515,CUST0077,2022-08-03,Audit Logs,17.8,32
USG02516,CUST0342,2025-02-12,Reporting,11.1,34
USG02517,CUST0004,2025-06-13,Bulk Import,13.4,61
USG02518,CUST0458,2024-01-15,Automation,1.4,16
USG02519,CUST0282,2023-08-18,API Access,52.0,9
USG02520,CUST0328,2023-03-16,Automation,21.1,76
USG02521,CUST0413,2024-11-30,Bulk Import,4.8,60
USG02522,CUST0455,2022-03-25,Audit Logs,10.9,14
USG02523,CUST0296,2025-02-04,Bulk Import,9.7,18
USG02524,CUST0186,2025-11-08,Notifications,23.6,63
USG02525,CUST0402,2025-04-18,Bulk Import,14.2,24
USG02526,CUST0001,2025-11-05,Automation,1.0,57
USG02527,CUST0265,2023-12-12,Notifications,31.8,53
USG02528,CUST0264,2022-07-12,Analytics,6.9,71
USG02529,CUST0198,2023-02-07,Dashboard,0.7,80
USG02530,CUST0162,2022-11-26,Integrations,0.4,38
USG02531,CUST0314,2022-02-14,Analytics,18.9,63
USG02532,CUST0133,2024-10-23,Automation,9.7,11
USG02533,CUST0471,2023-09-18,Reporting,23.1,4
USG02534,CUST0142,2024-10-27,Integrations,16.3,26
USG02535,CUST0121,2024-11-12,Dashboard,3.5,40
USG02536,CUST0170,2025-09-02,Integrations,32.2,72
USG02537,CUST0043,2022-06-02,API Access,2.0,21
USG02538,CUST0132,2024-06-01,API Access,18.5,68
USG02539,CUST0067,2024-06-23,Notifications,3.5,24
USG02540,CUST0267,2024-12-23,Automation,9.9,54
USG02541,CUST0415,2022-09-19,Automation,0.3,29
USG02542,CUST0114,2023-11-02,Integrations,10.0,6
USG02543,CUST0054,2022-07-01,Bulk Import,18.3,24
USG02544,CUST0388,2023-05-16,Dashboard,11.8,68
USG02545,CUST0412,2025-02-23,Dashboard,49.0,10
USG02546,CUST0496,2022-12-07,Reporting,2.6,26
USG02547,CUST0155,2025-10-29,Analytics,7.8,17
USG02548,CUST0432,2022-07-14,Dashboard,1.5,57
USG02549,CUST0231,2023-07-13,API Access,3.5,7
USG02550,CUST0126,2025-12-12,Dashboard,0.6,74
USG02551,CUST0062,2025-05-29,Notifications,2.2,65
USG02552,CUST0020,2024-01-31,Reporting,1.6,9
USG02553,CUST0278,2023-10-24,Dashboard,19.6,39
USG02554,CUST0082,2022-11-27,API Access,1.1,10
USG02555,CUST0087,2022-12-08,Bulk Import,10.9,43
USG02556,CUST0047,2024-12-03,Integrations,9.1,6
USG02557,CUST0156,2022-04-23,Audit Logs,11.9,72
USG02558,CUST0005,2025-06-16,Audit Logs,1.8,78
USG02559,CUST0438,2024-10-06,Reporting,16.5,5
USG02560,CUST0220,2022-08-15,User Management,2.3,49
USG02561,CUST0097,2024-10-24,Reporting,27.9,41
USG02562,CUST0162,2022-05-12,Dashboard,15.0,72
USG02563,CUST0179,2023-08-29,Bulk Import,23.1,44
USG02564,CUST0406,2022-05-14,Integrations,11.3,30
USG02565,CUST0447,2023-01-14,User Management,46.3,61
USG02566,CUST0486,2025-06-18,Dashboard,7.9,30
USG02567,CUST0068,2025-09-14,User Management,11.6,2
USG02568,CUST0235,2025-03-28,Reporting,40.4,71
USG02569,CUST0154,2024-05-13,Automation,45.2,49
USG02570,CUST0405,2023-07-08,Dashboard,76.3,48
USG02571,CUST0413,2023-11-09,Bulk Import,14.5,13
USG02572,CUST0423,2023-12-19,Notifications,11.6,61
USG02573,CUST0476,2024-06-25,Notifications,8.1,55
USG02574,CUST0496,2024-06-06,Integrations,77.4,60
USG02575,CUST0055,2025-12-24,Analytics,2.0,5
USG02576,CUST0226,2022-03-09,Automation,0.4,27
USG02577,CUST0393,2023-12-16,Automation,14.9,68
USG02578,CUST0112,2024-10-22,Reporting,7.0,60
USG02579,CUST0418,2022-01-20,Notifications,48.1,72
USG02580,CUST0302,2022-08-27,Analytics,16.7,8
USG02581,CUST0257,2023-10-13,Automation,5.4,60
USG02582,CUST0255,2022-05-05,Notifications,6.4,68
USG02583,CUST0078,2023-09-05,User Management,4.9,76
USG02584,CUST0209,2024-04-21,Audit Logs,3.3,52
USG02585,CUST0134,2023-03-20,Audit Logs,40.4,13
USG02586,CUST0464,2025-11-27,Bulk Import,2.0,30
USG02587,CUST0417,2023-04-23,Automation,5.9,79
USG02588,CUST0016,2022-06-12,API Access,44.6,24
USG02589,CUST0455,2025-06-18,Integrations,11.2,61
USG02590,CUST0492,2024-07-18,Reporting,3.8,69
USG02591,CUST0488,2025-08-18,Analytics,2.2,51
USG02592,CUST0017,2022-06-15,Automation,2.0,32
USG02593,CUST0258,2025-10-10,Notifications,12.5,9
USG02594,CUST0229,2025-01-12,Notifications,19.3,60
USG02595,CUST0045,2024-12-10,Audit Logs,3.3,31
USG02596,CUST0046,2022-04-28,Notifications,54.6,19
USG02597,CUST0254,2025-02-09,User Management,0.9,7
USG02598,CUST0481,2022-01-11,Analytics,52.0,43
USG02599,CUST0019,2023-07-11,Analytics,22.0,51
USG02600,CUST0003,2022-01-04,Analytics,13.1,4
USG02601,CUST0414,2023-01-09,API Access,24.3,21
USG02602,CUST0312,2024-12-02,Audit Logs,10.9,59
USG02603,CUST0007,2023-06-24,Dashboard,10.5,2
USG02604,CUST0209,2022-08-24,Audit Logs,0.5,35
USG02605,CUST0258,2024-04-20,Reporting,12.3,18
USG02606,CUST0153,2024-10-17,Audit Logs,18.0,30
USG02607,CUST0023,2022-01-31,API Access,41.6,25
USG02608,CUST0173,2022-08-26,Audit Logs,3.1,16
USG02609,CUST0293,2024-12-15,Analytics,6.0,3
USG02610,CUST0204,2024-02-03,API Access,0.8,27
USG02611,CUST0066,2024-07-10,User Management,22.2,63
USG02612,CUST0092,2023-12-07,Analytics,8.0,28
USG02613,CUST0256,2022-07-22,API Access,61.0,4
USG02614,CUST0008,2023-06-10,Bulk Import,13.0,66
USG02615,CUST0115,2025-01-06,Integrations,31.5,11
USG02616,CUST0111,2022-10-23,Reporting,43.4,19
USG02617,CUST0316,2022-12-22,Dashboard,11.9,55
USG02618,CUST0071,2025-03-18,API Access,22.4,64
USG02619,CUST0244,2024-08-05,Reporting,23.6,65
USG02620,CUST0337,2025-05-13,Notifications,2.7,3
USG02621,CUST0237,2024-06-12,Audit Logs,11.3,55
USG02622,CUST0266,2024-11-20,Notifications,29.2,75
USG02623,CUST0207,2025-11-27,Integrations,34.3,27
USG02624,CUST0091,2023-12-11,Reporting,2.1,72
USG02625,CUST0060,2024-10-07,Bulk Import,4.0,30
USG02626,CUST0256,2024-07-28,Reporting,42.6,8
USG02627,CUST0470,2023-02-08,Analytics,10.0,15
USG02628,CUST0377,2024-04-18,API Access,12.7,65
USG02629,CUST0068,2024-11-10,Automation,29.3,49
USG02630,CUST0470,2024-05-12,Reporting,18.9,58
USG02631,CUST0060,2023-12-29,API Access,21.0,58
USG02632,CUST0267,2023-06-28,Audit Logs,3.9,15
USG02633,CUST0232,2024-09-07,Bulk Import,3.1,54
USG02634,CUST0211,2022-04-30,Bulk Import,56.5,35
USG02635,CUST0407,2023-07-14,User Management,4.2,8
USG02636,CUST0142,2024-11-25,Bulk Import,7.3,41
USG02637,CUST0471,2022-06-23,Dashboard,12.9,58
USG02638,CUST0084,2023-10-05,Analytics,8.5,32
USG02639,CUST0245,2025-04-06,Dashboard,33.3,65
USG02640,CUST0054,2024-05-18,Bulk Import,4.1,8
USG02641,CUST0007,2023-02-22,Bulk Import,23.8,51
USG02642,CUST0256,2023-08-17,Automation,10.6,14
USG02643,CUST0093,2024-03-17,Audit Logs,15.8,68
USG02644,CUST0482,2025-08-20,Integrations,2.6,74
USG02645,CUST0392,2024-04-14,Reporting,55.1,29
USG02646,CUST0243,2024-12-31,Notifications,11.6,49
USG02647,CUST0031,2023-03-31,Reporting,0.4,80
USG02648,CUST0416,2024-05-26,Integrations,5.4,26
USG02649,CUST0062,2022-09-10,API Access,25.3,14
USG02650,CUST0423,2022-10-13,Analytics,7.4,24
USG02651,CUST0318,2022-08-28,Dashboard,9.3,34
USG02652,CUST0319,2024-06-12,API Access,35.3,47
USG02653,CUST0421,2022-03-08,User Management,3.7,75
USG02654,CUST0067,2022-05-08,Automation,31.4,35
USG02655,CUST0461,2024-07-13,Automation,9.9,47
USG02656,CUST0323,2022-05-31,Integrations,31.2,21
USG02657,CUST0234,2025-02-05,Notifications,10.2,39
USG02658,CUST0057,2023-12-22,Notifications,31.8,18
USG02659,CUST0092,2023-05-23,Reporting,21.4,80
USG02660,CUST0066,2025-04-08,Analytics,13.4,31
USG02661,CUST0231,2025-12-07,Dashboard,3.3,65
USG02662,CUST0121,2024-07-13,Analytics,12.0,23
USG02663,CUST0139,2022-02-03,Notifications,29.9,11
USG02664,CUST0187,2025-08-10,Reporting,4.4,47
USG02665,CUST0020,2025-08-07,Automation,3.8,53
USG02666,CUST0408,2025-04-23,User Management,30.8,37
USG02667,CUST0479,2024-10-09,Bulk Import,4.1,61
USG02668,CUST0376,2023-08-30,Notifications,3.7,38
USG02669,CUST0257,2022-08-23,Audit Logs,42.9,47
USG02670,CUST0217,2024-06-10,Bulk Import,5.3,21
USG02671,CUST0489,2025-11-07,Analytics,0.8,9
USG02672,CUST0391,2022-12-23,Bulk Import,1.8,64
USG02673,CUST0085,2022-07-04,Analytics,72.1,76
USG02674,CUST0464,2023-08-11,User Management,6.7,72
USG02675,CUST0148,2024-02-15,Automation,50.7,23
USG02676,CUST0217,2022-03-24,Dashboard,6.7,75
USG02677,CUST0066,2024-01-31,API Access,50.5,35
USG02678,CUST0489,2024-08-19,Reporting,3.3,5
USG02679,CUST0342,2022-06-30,Analytics,14.6,69
USG02680,CUST0031,2025-02-22,Integrations,5.7,32
USG02681,CUST0489,2025-05-14,Notifications,18.3,51
USG02682,CUST0083,2023-10-18,Automation,2.4,80
USG02683,CUST0446,2025-01-03,Automation,15.5,71
USG02684,CUST0375,2023-11-29,Audit Logs,15.3,47
USG02685,CUST0396,2023-09-08,Reporting,15.8,40
USG02686,CUST0402,2023-07-19,Analytics,31.5,15
USG02687,CUST0051,2024-12-19,Bulk Import,0.1,30
USG02688,CUST0126,2024-04-01,Notifications,0.8,3
USG02689,CUST0328,2024-05-15,Audit Logs,4.4,34
USG02690,CUST0382,2024-11-12,Reporting,0.5,51
USG02691,CUST0194,2022-01-10,Notifications,3.3,72
USG02692,CUST0294,2025-02-22,Integrations,2.6,9
USG02693,CUST0313,2023-09-21,Dashboard,7.6,50
USG02694,CUST0226,2024-11-05,API Access,83.2,79
USG02695,CUST0014,2022-08-18,Notifications,7.7,22
USG02696,CUST0256,2022-05-06,Dashboard,1.3,47
USG02697,CUST0282,2023-08-23,Audit Logs,19.7,42
USG02698,CUST0348,2022-08-24,User Management,1.8,61
USG02699,CUST0421,2022-02-18,Reporting,32.9,47
USG02700,CUST0189,2024-12-02,Notifications,16.4,18
USG02701,CUST0040,2023-05-04,Audit Logs,3.3,16
USG02702,CUST0376,2023-05-09,Bulk Import,20.1,11
USG02703,CUST0031,2024-10-01,User Management,39.9,6
USG02704,CUST0044,2024-10-12,User Management,4.6,19
USG02705,CUST0303,2025-01-03,User Management,4.3,29
USG02706,CUST0038,2024-02-27,Dashboard,56.7,28
USG02707,CUST0248,2024-08-28,Integrations,16.2,36
USG02708,CUST0371,2023-08-09,Notifications,3.4,18
USG02709,CUST0119,2024-05-17,User Management,48.4,20
USG02710,CUST0396,2023-05-22,Automation,4.5,31
USG02711,CUST0120,2024-02-15,Dashboard,26.7,28
USG02712,CUST0141,2022-11-04,Notifications,7.2,13
USG02713,CUST0392,2023-12-26,Bulk Import,4.3,35
USG02714,CUST0053,2022-05-27,Notifications,4.4,80
USG02715,CUST0245,2024-11-04,Reporting,23.6,66
USG02716,CUST0162,2025-03-22,Integrations,6.1,19
USG02717,CUST0222,2022-12-16,Audit Logs,10.4,29
USG02718,CUST0277,2025-05-18,Notifications,8.3,18
USG02719,CUST0402,2024-11-06,Automation,2.9,80
USG02720,CUST0174,2024-09-30,User Management,17.3,5
USG02721,CUST0252,2025-05-26,Integrations,17.0,53
USG02722,CUST0343,2024-12-28,API Access,31.9,36
USG02723,CUST0418,2023-12-05,User Management,26.5,77
USG02724,CUST0244,2023-07-14,User Management,2.7,77
USG02725,CUST0369,2024-08-06,Automation,12.1,55
USG02726,CUST0437,2022-12-02,Automation,4.1,33
USG02727,CUST0416,2023-02-20,Notifications,20.1,48
USG02728,CUST0486,2024-07-05,Automation,12.2,44
USG02729,CUST0071,2025-05-01,Automation,69.0,10
USG02730,CUST0082,2024-03-08,API Access,4.4,19
USG02731,CUST0310,2024-05-10,User Management,7.7,49
USG02732,CUST0084,2025-06-14,Analytics,10.6,46
USG02733,CUST0281,2022-03-13,API Access,11.7,62
USG02734,CUST0072,2025-06-28,Reporting,19.0,29
USG02735,CUST0375,2023-04-09,Automation,8.2,22
USG02736,CUST0190,2025-08-31,API Access,7.4,16
USG02737,CUST0163,2025-02-02,User Management,2.2,8
USG02738,CUST0101,2023-05-13,User Management,1.6,30
USG02739,CUST0342,2025-09-17,Integrations,0.4,17
USG02740,CUST0104,2022-06-20,Notifications,4.7,70
USG02741,CUST0498,2022-09-16,Analytics,26.8,6
USG02742,CUST0448,2024-03-23,Bulk Import,9.0,72
USG02743,CUST0086,2025-08-09,Analytics,9.8,1
USG02744,CUST0160,2022-02-03,Audit Logs,17.5,53
USG02745,CUST0237,2025-01-18,Bulk Import,9.4,30
USG02746,CUST0395,2025-06-04,Bulk Import,34.8,41
USG02747,CUST0438,2025-02-22,Reporting,15.5,80
USG02748,CUST0449,2023-11-11,Audit Logs,27.4,11
USG02749,CUST0068,2022-02-06,Integrations,17.3,68
USG02750,CUST0240,2025-08-23,Automation,13.4,25
USG02751,CUST0248,2025-03-10,Automation,2.8,57
USG02752,CUST0291,2022-09-21,Audit Logs,22.8,78
USG02753,CUST0229,2024-10-22,Analytics,3.8,17
USG02754,CUST0044,2022-06-17,Automation,23.3,2
USG02755,CUST0293,2023-10-24,Automation,4.1,31
USG02756,CUST0476,2024-03-13,Audit Logs,1.3,13
USG02757,CUST0039,2024-02-12,Analytics,6.7,15
USG02758,CUST0474,2023-11-26,Reporting,94.2,50
USG02759,CUST0231,2025-12-08,User Management,46.5,43
USG02760,CUST0479,2022-10-29,Automation,17.5,48
USG02761,CUST0401,2025-05-03,Notifications,14.8,56
USG02762,CUST0464,2022-04-17,Bulk Import,0.3,37
USG02763,CUST0353,2023-02-12,Integrations,3.1,6
USG02764,CUST0150,2024-12-17,Bulk Import,26.6,69
USG02765,CUST0240,2025-09-13,Automation,43.9,11
USG02766,CUST0160,2023-07-02,Audit Logs,11.1,16
USG02767,CUST0338,2022-02-13,API Access,4.3,67
USG02768,CUST0414,2025-09-13,Audit Logs,4.5,21
USG02769,CUST0492,2022-01-17,User Management,37.2,35
USG02770,CUST0122,2022-10-24,Automation,24.1,16
USG02771,CUST0336,2022-06-24,Dashboard,19.6,80
USG02772,CUST0373,2022-10-31,Bulk Import,17.6,27
USG02773,CUST0108,2022-12-18,Reporting,2.4,13
USG02774,CUST0027,2024-01-12,Reporting,0.1,54
USG02775,CUST0463,2025-05-12,Notifications,29.7,39
USG02776,CUST0438,2025-10-17,Dashboard,6.0,20
USG02777,CUST0091,2025-04-06,Notifications,20.1,59
USG02778,CUST0273,2024-04-10,Analytics,20.0,31
USG02779,CUST0079,2022-03-09,Dashboard,16.6,40
USG02780,CUST0259,2022-06-07,Audit Logs,23.4,36
USG02781,CUST0109,2023-03-16,Analytics,7.1,31
USG02782,CUST0127,2022-06-12,User Management,39.5,62
USG02783,CUST0195,2023-01-01,API Access,0.2,49
USG02784,CUST0243,2023-02-06,Automation,30.8,59
USG02785,CUST0378,2024-02-02,Dashboard,15.7,35
USG02786,CUST0374,2023-06-16,Bulk Import,4.5,64
USG02787,CUST0410,2025-09-25,User Management,24.7,28
USG02788,CUST0490,2022-01-19,Reporting,9.1,56
USG02789,CUST0112,2024-08-29,Analytics,4.6,4
USG02790,CUST0400,2023-02-14,Notifications,3.2,41
USG02791,CUST0376,2025-01-21,User Management,13.6,52
USG02792,CUST0164,2022-09-01,Notifications,31.3,14
USG02793,CUST0258,2024-11-17,Audit Logs,14.7,14
USG02794,CUST0004,2025-03-11,API Access,31.2,72
USG02795,CUST0408,2022-12-21,Automation,48.5,30
USG02796,CUST0061,2023-11-21,Bulk Import,10.1,28
USG02797,CUST0218,2022-10-18,Integrations,4.7,38
USG02798,CUST0376,2022-09-26,Integrations,9.7,10
USG02799,CUST0012,2023-06-14,User Management,55.0,19
USG02800,CUST0154,2022-01-12,API Access,8.6,50
USG02801,CUST0206,2024-06-15,Notifications,9.8,52
USG02802,CUST0084,2025-07-30,Integrations,8.0,16
USG02803,CUST0379,2023-05-03,User Management,3.4,4
USG02804,CUST0421,2023-04-26,Audit Logs,13.8,66
USG02805,CUST0408,2023-02-14,Audit Logs,0.5,13
USG02806,CUST0338,2024-04-23,User Management,8.9,67
USG02807,CUST0008,2022-11-04,Analytics,19.7,72
USG02808,CUST0372,2025-02-19,API Access,2.1,14
USG02809,CUST0346,2024-05-18,Analytics,2.2,36
USG02810,CUST0385,2025-11-02,Analytics,45.7,71
USG02811,CUST0254,2025-11-15,Audit Logs,11.0,55
USG02812,CUST0236,2024-05-26,Audit Logs,3.1,56
USG02813,CUST0289,2025-10-19,Dashboard,3.6,21
USG02814,CUST0370,2024-07-20,User Management,9.5,36
USG02815,CUST0492,2025-01-20,Integrations,7.3,38
USG02816,CUST0232,2024-08-16,Analytics,5.0,38
USG02817,CUST0243,2025-09-30,Bulk Import,106.9,6
USG02818,CUST0035,2023-01-28,Notifications,19.6,66
USG02819,CUST0195,2022-11-23,Bulk Import,1.4,63
USG02820,CUST0102,2023-06-25,Integrations,37.7,6
USG02821,CUST0430,2024-05-09,API Access,4.6,41
USG02822,CUST0120,2025-09-04,Notifications,18.2,44
USG02823,CUST0241,2024-08-31,Integrations,8.5,64
USG02824,CUST0352,2025-02-01,Automation,39.3,7
USG02825,CUST0112,2022-04-11,Automation,0.7,25
USG02826,CUST0160,2024-09-21,Notifications,15.0,3
USG02827,CUST0122,2025-07-28,Reporting,2.5,12
USG02828,CUST0283,2023-02-04,Integrations,5.1,70
USG02829,CUST0242,2025-03-13,Audit Logs,7.4,44
USG02830,CUST0007,2024-05-29,Integrations,12.0,72
USG02831,CUST0096,2024-02-26,Automation,1.3,69
USG02832,CUST0289,2023-07-19,Bulk Import,1.0,50
USG02833,CUST0348,2024-02-21,User Management,22.0,56
USG02834,CUST0109,2025-06-07,Dashboard,19.7,54
USG02835,CUST0250,2024-03-28,API Access,1.6,52
USG02836,CUST0248,2023-05-28,Notifications,33.1,62
USG02837,CUST0026,2022-12-03,Reporting,27.8,16
USG02838,CUST0286,2023-04-28,Bulk Import,10.8,68
USG02839,CUST0385,2022-05-02,Dashboard,0.1,68
USG02840,CUST0265,2023-12-10,Dashboard,9.4,77
USG02841,CUST0162,2023-11-29,Notifications,9.1,27
USG02842,CUST0403,2025-09-03,Reporting,3.7,42
USG02843,CUST0271,2025-08-14,Automation,62.8,28
USG02844,CUST0335,2024-03-15,Integrations,0.1,64
USG02845,CUST0469,2022-04-25,Integrations,18.3,5
USG02846,CUST0499,2022-03-07,Notifications,5.1,31
USG02847,CUST0365,2024-05-08,Bulk Import,0.8,12
USG02848,CUST0337,2025-06-01,Notifications,10.3,58
USG02849,CUST0111,2022-01-29,User Management,40.8,56
USG02850,CUST0016,2023-11-21,API Access,16.1,31
USG02851,CUST0145,2025-04-10,Audit Logs,5.9,25
USG02852,CUST0472,2023-07-04,Audit Logs,22.3,9
USG02853,CUST0027,2024-03-07,Reporting,8.1,6
USG02854,CUST0148,2025-02-19,Notifications,16.9,72
USG02855,CUST0339,2024-05-03,Integrations,2.7,42
USG02856,CUST0260,2023-11-14,Notifications,39.4,14
USG02857,CUST0490,2023-06-19,API Access,105.9,6
USG02858,CUST0409,2025-06-08,Dashboard,10.2,4
USG02859,CUST0183,2023-04-23,User Management,0.2,12
USG02860,CUST0104,2024-02-19,Reporting,43.5,73
USG02861,CUST0173,2023-05-18,Automation,5.1,26
USG02862,CUST0230,2022-12-20,Bulk Import,0.6,29
USG02863,CUST0152,2024-03-02,User Management,5.8,48
USG02864,CUST0206,2022-07-15,Analytics,6.5,35
USG02865,CUST0323,2022-07-16,API Access,37.5,65
USG02866,CUST0319,2022-08-21,API Access,67.4,79
USG02867,CUST0084,2024-04-25,Notifications,6.5,3
USG02868,CUST0499,2025-11-16,Audit Logs,5.2,13
USG02869,CUST0340,2025-11-22,Audit Logs,68.8,4
USG02870,CUST0329,2025-10-02,Bulk Import,68.2,13
USG02871,CUST0109,2024-06-19,Dashboard,9.0,20
USG02872,CUST0086,2024-12-23,Integrations,54.2,34
USG02873,CUST0382,2025-04-12,Notifications,1.2,61
USG02874,CUST0042,2024-04-19,Notifications,7.7,51
USG02875,CUST0249,2022-03-09,Dashboard,26.9,3
USG02876,CUST0142,2022-08-20,Audit Logs,24.6,80
USG02877,CUST0346,2025-11-22,Analytics,6.5,57
USG02878,CUST0005,2023-09-28,Bulk Import,9.5,4
USG02879,CUST0064,2023-11-30,Analytics,1.3,40
USG02880,CUST0338,2022-10-03,API Access,9.6,75
USG02881,CUST0268,2022-10-16,API Access,1.2,18
USG02882,CUST0396,2025-07-13,Dashboard,3.5,14
USG02883,CUST0210,2023-07-17,Integrations,45.1,68
USG02884,CUST0393,2025-09-19,User Management,12.4,50
USG02885,CUST0465,2024-12-03,API Access,39.1,27
USG02886,CUST0328,2024-12-16,Reporting,16.8,70
USG02887,CUST0016,2023-07-18,User Management,23.8,30
USG02888,CUST0375,2025-11-05,Bulk Import,58.5,6
USG02889,CUST0153,2025-08-22,Integrations,48.5,58
USG02890,CUST0439,2022-10-08,Audit Logs,1.8,14
USG02891,CUST0211,2022-08-05,Integrations,2.1,24
USG02892,CUST0483,2023-12-11,Bulk Import,12.6,65
USG02893,CUST0230,2025-04-09,Automation,56.4,22
USG02894,CUST0297,2025-11-27,Automation,1.7,29
USG02895,CUST0488,2023-09-10,Audit Logs,5.3,4
USG02896,CUST0365,2022-05-22,Bulk Import,3.1,44
USG02897,CUST0424,2022-09-20,Reporting,56.8,31
USG02898,CUST0422,2023-12-03,Integrations,2.6,79
USG02899,CUST0173,2022-05-15,User Management,49.2,29
USG02900,CUST0062,2024-01-13,User Management,11.9,75
USG02901,CUST0080,2025-07-14,Dashboard,5.4,80
USG02902,CUST0135,2025-11-07,Audit Logs,26.3,66
USG02903,CUST0420,2023-04-12,Reporting,28.1,23
USG02904,CUST0013,2025-09-15,Dashboard,6.8,30
USG02905,CUST0461,2023-09-27,Automation,25.5,22
USG02906,CUST0370,2023-07-22,API Access,33.2,10
USG02907,CUST0404,2025-05-08,Audit Logs,4.2,59
USG02908,CUST0086,2024-11-11,User Management,4.1,1
USG02909,CUST0340,2025-03-17,Reporting,5.5,68
USG02910,CUST0350,2023-07-30,Integrations,10.5,1
USG02911,CUST0333,2025-04-12,Integrations,1.0,13
USG02912,CUST0416,2024-09-22,Dashboard,38.5,54
USG02913,CUST0006,2025-05-10,Bulk Import,4.0,74
USG02914,CUST0114,2023-07-11,Dashboard,1.5,49
USG02915,CUST0133,2024-11-10,Dashboard,1.7,54
USG02916,CUST0420,2022-03-12,Notifications,5.0,22
USG02917,CUST0385,2022-08-03,Audit Logs,11.2,47
USG02918,CUST0494,2025-08-06,Dashboard,10.9,20
USG02919,CUST0057,2025-02-13,Audit Logs,79.6,56
USG02920,CUST0325,2023-12-19,Dashboard,19.6,55
USG02921,CUST0282,2024-01-29,Automation,5.9,3
USG02922,CUST0041,2022-11-04,Analytics,20.7,64
USG02923,CUST0066,2022-05-21,Notifications,2.6,59
USG02924,CUST0344,2023-04-25,Audit Logs,34.8,43
USG02925,CUST0205,2023-03-07,Reporting,21.6,55
USG02926,CUST0072,2022-05-31,Bulk Import,9.4,67
USG02927,CUST0085,2023-07-26,Integrations,19.0,15
USG02928,CUST0399,2025-03-26,Integrations,15.0,31
USG02929,CUST0042,2022-02-21,User Management,20.3,36
USG02930,CUST0481,2022-11-18,Audit Logs,5.6,71
USG02931,CUST0494,2024-04-01,Reporting,9.4,53
USG02932,CUST0195,2022-08-27,Bulk Import,8.4,5
USG02933,CUST0154,2022-07-11,Dashboard,33.8,21
USG02934,CUST0046,2024-08-31,Automation,10.5,56
USG02935,CUST0314,2024-01-06,Notifications,39.9,78
USG02936,CUST0260,2023-11-10,Notifications,3.2,6
USG02937,CUST0153,2022-05-22,Automation,14.2,41
USG02938,CUST0055,2024-02-27,Notifications,67.7,30
USG02939,CUST0022,2022-11-01,Notifications,3.4,76
USG02940,CUST0226,2022-02-28,Analytics,51.4,45
USG02941,CUST0484,2023-03-25,Reporting,3.1,16
USG02942,CUST0089,2022-06-02,Dashboard,0.6,77
USG02943,CUST0461,2022-08-10,Integrations,17.6,76
USG02944,CUST0412,2023-07-14,Bulk Import,47.0,56
USG02945,CUST0072,2025-11-02,Reporting,1.8,25
USG02946,CUST0341,2024-11-30,Dashboard,10.9,11
USG02947,CUST0045,2025-04-23,Reporting,3.3,33
USG02948,CUST0116,2025-10-08,Audit Logs,4.7,61
USG02949,CUST0482,2025-06-01,Analytics,4.6,39
USG02950,CUST0250,2023-10-30,User Management,35.6,70
USG02951,CUST0403,2025-06-23,Analytics,8.7,25
USG02952,CUST0353,2025-10-23,Dashboard,0.2,57
USG02953,CUST0184,2023-02-07,Notifications,27.2,45
USG02954,CUST0374,2022-03-15,Bulk Import,1.3,9
USG02955,CUST0084,2025-12-24,Dashboard,50.8,59
USG02956,CUST0387,2025-01-12,Automation,4.3,55
USG02957,CUST0412,2024-04-20,Reporting,6.2,39
USG02958,CUST0310,2023-12-29,API Access,10.7,29
USG02959,CUST0051,2022-03-31,Integrations,85.7,55
USG02960,CUST0439,2025-06-01,Notifications,6.7,24
USG02961,CUST0372,2024-06-29,Reporting,5.7,77
USG02962,CUST0449,2022-12-27,API Access,7.7,80
USG02963,CUST0077,2024-04-10,API Access,4.1,78
USG02964,CUST0254,2025-03-08,User Management,5.8,33
USG02965,CUST0007,2025-09-27,API Access,14.4,53
USG02966,CUST0254,2024-05-04,Bulk Import,35.6,37
USG02967,CUST0399,2022-12-18,Notifications,29.2,47
USG02968,CUST0202,2022-12-13,Bulk Import,3.8,20
USG02969,CUST0219,2022-10-11,Automation,0.6,67
USG02970,CUST0139,2022-05-30,Integrations,3.2,75
USG02971,CUST0224,2025-06-14,Notifications,2.0,41
USG02972,CUST0477,2022-08-08,Dashboard,2.9,32
USG02973,CUST0450,2022-08-26,User Management,19.6,76
USG02974,CUST0044,2025-03-10,User Management,0.7,57
USG02975,CUST0264,2023-06-17,Audit Logs,18.1,13
USG02976,CUST0446,2024-11-09,Automation,2.7,73
USG02977,CUST0293,2022-07-18,Reporting,0.1,55
USG02978,CUST0346,2025-12-26,Notifications,0.6,23
USG02979,CUST0347,2025-06-29,Reporting,1.4,54
USG02980,CUST0458,2025-06-01,Automation,28.5,59
USG02981,CUST0015,2024-07-16,Notifications,9.6,78
USG02982,CUST0440,2023-07-13,Analytics,10.5,27
USG02983,CUST0383,2025-11-24,Notifications,2.9,63
USG02984,CUST0287,2022-12-26,Reporting,18.8,18
USG02985,CUST0377,2022-02-27,Dashboard,9.3,66
USG02986,CUST0024,2024-03-16,User Management,3.5,64
USG02987,CUST0432,2023-09-09,API Access,19.5,50
USG02988,CUST0153,2024-01-19,Bulk Import,34.4,59
USG02989,CUST0154,2022-06-28,Reporting,36.8,47
USG02990,CUST0228,2025-06-07,Integrations,6.8,49
USG02991,CUST0368,2023-10-17,Analytics,28.4,38
USG02992,CUST0244,2023-04-05,Reporting,4.1,69
USG02993,CUST0085,2024-02-05,Analytics,1.5,54
USG02994,CUST0393,2023-03-26,Automation,68.7,19
USG02995,CUST0491,2022-03-12,User Management,71.1,1
USG02996,CUST0303,2023-08-23,Analytics,20.7,57
USG02997,CUST0466,2022-03-10,Notifications,2.6,68
USG02998,CUST0405,2022-04-04,Reporting,13.0,80
USG02999,CUST0491,2024-09-16,Reporting,27.4,63
USG03000,CUST0403,2022-02-15,Bulk Import,28.8,72
USG03001,CUST0064,2025-12-02,Integrations,12.1,14
USG03002,CUST0056,2022-11-29,Notifications,7.0,2
USG03003,CUST0365,2023-02-23,Analytics,1.6,31
USG03004,CUST0148,2023-09-15,Dashboard,29.0,51
USG03005,CUST0284,2022-11-30,Integrations,3.9,23
USG03006,CUST0013,2022-07-15,Audit Logs,29.6,59
USG03007,CUST0437,2022-06-12,Reporting,28.0,28
USG03008,CUST0019,2023-04-15,Analytics,8.8,77
USG03009,CUST0097,2024-07-26,Reporting,15.5,76
USG03010,CUST0441,2024-06-02,Audit Logs,10.4,9
USG03011,CUST0300,2024-04-01,Analytics,12.1,35
USG03012,CUST0050,2025-01-22,Integrations,9.4,47
USG03013,CUST0460,2022-03-26,Dashboard,10.6,21
USG03014,CUST0486,2022-08-16,Integrations,10.8,18
USG03015,CUST0067,2023-12-27,Reporting,26.7,57
USG03016,CUST0350,2022-02-08,Audit Logs,33.4,20
USG03017,CUST0356,2022-08-12,Analytics,11.6,33
USG03018,CUST0451,2025-06-25,Integrations,14.5,34
USG03019,CUST0112,2024-09-26,Bulk Import,9.6,12
USG03020,CUST0261,2024-10-21,User Management,0.2,39
USG03021,CUST0421,2025-08-24,Reporting,2.5,53
USG03022,CUST0081,2024-02-13,Bulk Import,30.6,32
USG03023,CUST0368,2022-08-06,User Management,5.6,65
USG03024,CUST0353,2022-07-27,API Access,13.5,78
USG03025,CUST0153,2022-09-15,Notifications,14.6,13
USG03026,CUST0463,2022-10-25,API Access,16.3,30
USG03027,CUST0171,2025-02-27,Audit Logs,1.4,63
USG03028,CUST0347,2025-09-24,Audit Logs,4.3,65
USG03029,CUST0327,2023-06-29,Integrations,2.3,9
USG03030,CUST0064,2022-10-01,Analytics,1.2,1
USG03031,CUST0466,2022-05-16,Integrations,13.5,20
USG03032,CUST0374,2023-10-08,Analytics,19.3,45
USG03033,CUST0153,2025-03-06,Bulk Import,21.8,63
USG03034,CUST0332,2025-07-07,Notifications,4.7,21
USG03035,CUST0328,2023-09-21,Integrations,10.3,54
USG03036,CUST0189,2024-06-25,Automation,0.5,34
USG03037,CUST0397,2023-02-18,API Access,19.3,63
USG03038,CUST0058,2025-10-12,User Management,4.9,5
USG03039,CUST0497,2024-07-26,Reporting,21.7,52
USG03040,CUST0110,2024-09-20,Analytics,10.3,62
USG03041,CUST0413,2025-11-28,User Management,13.3,4
USG03042,CUST0011,2024-02-26,User Management,82.3,16
USG03043,CUST0182,2025-12-21,Dashboard,9.2,51
USG03044,CUST0380,2022-04-01,Integrations,17.1,64
USG03045,CUST0111,2023-09-14,API Access,2.3,46
USG03046,CUST0324,2022-01-14,Audit Logs,16.1,10
USG03047,CUST0033,2024-12-01,Dashboard,9.3,10
USG03048,CUST0046,2024-05-28,API Access,36.1,47
USG03049,CUST0073,2023-02-22,Analytics,32.7,19
USG03050,CUST0335,2023-04-10,Notifications,7.0,43
USG03051,CUST0497,2025-07-17,User Management,4.2,24
USG03052,CUST0119,2022-01-21,Integrations,11.8,36
USG03053,CUST0361,2025-12-07,Integrations,6.0,8
USG03054,CUST0297,2025-11-10,Bulk Import,4.1,58
USG03055,CUST0247,2025-05-03,User Management,22.7,68
USG03056,CUST0377,2025-11-29,Dashboard,28.7,28
USG03057,CUST0162,2024-08-22,Reporting,0.8,43
USG03058,CUST0298,2022-03-26,Dashboard,9.6,40
USG03059,CUST0081,2024-12-10,Analytics,12.3,41
USG03060,CUST0055,2023-08-11,Dashboard,18.0,64
USG03061,CUST0094,2022-07-23,API Access,25.4,48
USG03062,CUST0485,2022-02-04,Notifications,7.3,54
USG03063,CUST0205,2025-03-29,Analytics,17.7,74
USG03064,CUST0142,2023-09-15,Bulk Import,28.8,73
USG03065,CUST0309,2022-12-07,User Management,22.6,8
USG03066,CUST0306,2023-02-05,Analytics,8.2,42
USG03067,CUST0062,2022-06-02,Analytics,0.9,23
USG03068,CUST0103,2022-11-07,Analytics,20.6,43
USG03069,CUST0376,2024-05-14,Notifications,37.6,80
USG03070,CUST0119,2024-02-08,Integrations,6.5,36
USG03071,CUST0365,2022-07-19,Notifications,27.9,9
USG03072,CUST0295,2024-12-06,Dashboard,13.9,50
USG03073,CUST0281,2025-08-23,Bulk Import,8.7,39
USG03074,CUST0318,2022-11-08,Reporting,21.2,75
USG03075,CUST0175,2025-10-24,Analytics,13.9,47
USG03076,CUST0374,2022-07-04,Integrations,42.7,66
USG03077,CUST0370,2024-09-21,Dashboard,20.4,35
USG03078,CUST0242,2024-08-29,Reporting,13.9,73
USG03079,CUST0233,2022-05-11,Automation,40.6,7
USG03080,CUST0199,2025-01-10,Dashboard,12.7,53
USG03081,CUST0110,2024-12-02,Automation,6.9,42
USG03082,CUST0002,2022-07-26,User Management,3.7,5
USG03083,CUST0465,2022-06-21,Audit Logs,1.6,24
USG03084,CUST0405,2022-05-11,Integrations,7.4,75
USG03085,CUST0249,2023-04-15,API Access,4.3,18
USG03086,CUST0118,2023-08-14,Reporting,3.2,55
USG03087,CUST0323,2025-11-28,Integrations,56.2,6
USG03088,CUST0331,2023-10-31,Analytics,9.6,6
USG03089,CUST0286,2025-06-10,Dashboard,22.2,66
USG03090,CUST0426,2023-09-15,Reporting,1.3,10
USG03091,CUST0112,2025-07-27,Integrations,0.5,46
USG03092,CUST0024,2024-02-09,Reporting,35.6,43
USG03093,CUST0291,2023-06-05,Integrations,11.2,58
USG03094,CUST0051,2022-07-06,User Management,1.2,7
USG03095,CUST0244,2024-01-03,Integrations,37.2,69
USG03096,CUST0369,2023-08-18,Analytics,12.7,66
USG03097,CUST0016,2025-06-20,Dashboard,22.1,33
USG03098,CUST0403,2025-11-21,API Access,3.1,4
USG03099,CUST0259,2022-08-12,Bulk Import,57.3,38
USG03100,CUST0137,2024-02-27,User Management,89.5,26
USG03101,CUST0380,2025-02-19,Reporting,2.0,22
USG03102,CUST0165,2023-09-13,User Management,14.7,52
USG03103,CUST0426,2024-04-30,Analytics,12.6,23
USG03104,CUST0482,2024-01-23,User Management,45.7,44
USG03105,CUST0167,2025-02-28,Audit Logs,10.7,24
USG03106,CUST0305,2023-12-11,Notifications,0.7,8
USG03107,CUST0268,2022-10-13,Bulk Import,21.7,37
USG03108,CUST0313,2023-01-30,Integrations,17.5,5
USG03109,CUST0106,2025-01-13,Reporting,22.0,55
USG03110,CUST0031,2025-05-04,Analytics,3.5,32
USG03111,CUST0443,2023-10-31,Analytics,1.7,49
USG03112,CUST0072,2022-07-29,Dashboard,41.9,1
USG03113,CUST0161,2023-06-13,Audit Logs,20.9,16
USG03114,CUST0225,2022-01-19,Audit Logs,9.8,79
USG03115,CUST0399,2024-03-02,Dashboard,0.9,64
USG03116,CUST0365,2025-11-02,API Access,10.7,12
USG03117,CUST0282,2023-11-08,Analytics,2.7,25
USG03118,CUST0457,2023-08-05,Notifications,9.7,53
USG03119,CUST0293,2025-12-12,Audit Logs,1.2,37
USG03120,CUST0275,2024-07-24,Bulk Import,28.6,80
USG03121,CUST0268,2025-09-21,Dashboard,15.6,16
USG03122,CUST0477,2025-02-01,Dashboard,15.9,77
USG03123,CUST0489,2022-05-06,API Access,8.5,28
USG03124,CUST0257,2024-03-09,Analytics,26.0,18
USG03125,CUST0129,2023-11-28,Reporting,1.0,13
USG03126,CUST0286,2023-05-24,Dashboard,12.8,5
USG03127,CUST0188,2022-01-02,Integrations,5.8,62
USG03128,CUST0398,2024-05-07,Audit Logs,24.6,71
USG03129,CUST0027,2024-07-01,Dashboard,10.0,38
USG03130,CUST0070,2024-11-06,Dashboard,74.0,80
USG03131,CUST0038,2022-05-16,Dashboard,11.4,20
USG03132,CUST0360,2025-06-11,Analytics,12.3,23
USG03133,CUST0225,2024-12-15,API Access,7.8,44
USG03134,CUST0288,2024-07-06,Dashboard,50.2,34
USG03135,CUST0161,2023-08-03,Audit Logs,1.8,10
USG03136,CUST0042,2022-04-19,Automation,19.0,44
USG03137,CUST0251,2025-07-05,Dashboard,7.3,69
USG03138,CUST0179,2023-03-26,User Management,32.7,36
USG03139,CUST0192,2024-09-25,User Management,12.1,8
USG03140,CUST0335,2024-04-03,Bulk Import,57.0,27
USG03141,CUST0438,2025-11-11,Integrations,12.7,27
USG03142,CUST0297,2025-04-07,Automation,5.2,11
USG03143,CUST0461,2024-01-16,Integrations,7.9,35
USG03144,CUST0215,2025-08-23,Analytics,7.9,7
USG03145,CUST0336,2023-08-31,Automation,22.0,4
USG03146,CUST0267,2022-05-05,Analytics,15.2,48
USG03147,CUST0078,2024-11-13,Integrations,8.8,72
USG03148,CUST0137,2022-10-17,API Access,9.4,32
USG03149,CUST0387,2023-05-23,Dashboard,1.2,19
USG03150,CUST0353,2022-11-14,User Management,35.6,10
USG03151,CUST0071,2024-08-28,Reporting,8.2,25
USG03152,CUST0333,2024-10-01,Automation,2.2,62
USG03153,CUST0219,2022-11-18,Reporting,2.0,17
USG03154,CUST0079,2025-11-23,Audit Logs,45.9,21
USG03155,CUST0254,2025-05-16,Automation,9.8,74
USG03156,CUST0466,2022-03-22,Notifications,3.8,79
USG03157,CUST0490,2024-01-16,Reporting,4.8,4
USG03158,CUST0225,2025-07-14,Audit Logs,13.9,70
USG03159,CUST0409,2024-05-29,Automation,7.3,38
USG03160,CUST0078,2023-04-07,Dashboard,20.0,61
USG03161,CUST0321,2024-02-15,Notifications,6.5,32
USG03162,CUST0364,2024-09-29,Dashboard,16.8,33
USG03163,CUST0494,2022-10-07,API Access,9.6,66
USG03164,CUST0195,2022-05-20,Analytics,0.5,26
USG03165,CUST0084,2022-05-11,Audit Logs,119.2,39
USG03166,CUST0210,2023-01-28,Bulk Import,46.2,40
USG03167,CUST0257,2023-07-19,Dashboard,5.1,62
USG03168,CUST0111,2022-07-30,API Access,5.3,33
USG03169,CUST0142,2024-01-16,API Access,15.1,18
USG03170,CUST0392,2025-07-01,Integrations,66.3,2
USG03171,CUST0368,2023-07-17,Reporting,20.0,38
USG03172,CUST0056,2024-02-28,Integrations,16.9,63
USG03173,CUST0399,2023-01-23,Integrations,18.3,37
USG03174,CUST0250,2024-12-02,Reporting,25.5,74
USG03175,CUST0145,2025-07-09,Analytics,10.2,8
USG03176,CUST0307,2025-11-27,Dashboard,41.0,4
USG03177,CUST0143,2025-02-15,Audit Logs,43.0,55
USG03178,CUST0421,2024-07-08,Dashboard,1.2,19
USG03179,CUST0058,2024-01-23,Reporting,13.7,34
USG03180,CUST0018,2024-08-12,User Management,5.4,6
USG03181,CUST0049,2023-10-13,User Management,20.9,32
USG03182,CUST0013,2025-10-05,Integrations,2.4,54
USG03183,CUST0234,2023-01-16,Automation,3.0,22
USG03184,CUST0233,2023-09-24,API Access,37.2,29
USG03185,CUST0397,2023-03-04,User Management,11.8,36
USG03186,CUST0444,2025-04-12,API Access,3.6,25
USG03187,CUST0116,2023-10-16,Automation,23.4,61
USG03188,CUST0017,2023-01-05,Integrations,18.4,57
USG03189,CUST0049,2023-08-13,Bulk Import,5.3,45
USG03190,CUST0093,2024-01-06,User Management,23.3,52
USG03191,CUST0105,2022-03-23,API Access,7.6,65
USG03192,CUST0433,2023-12-29,API Access,14.0,44
USG03193,CUST0480,2025-04-22,Reporting,23.8,68
USG03194,CUST0443,2022-05-08,Automation,48.1,61
USG03195,CUST0356,2023-06-01,User Management,24.6,74
USG03196,CUST0271,2025-02-10,API Access,4.3,78
USG03197,CUST0172,2022-08-03,Reporting,25.2,9
USG03198,CUST0176,2022-04-22,Bulk Import,30.9,19
USG03199,CUST0141,2022-06-17,Integrations,2.0,55
USG03200,CUST0079,2025-08-20,Notifications,9.8,46
USG03201,CUST0426,2025-03-22,Notifications,4.2,13
USG03202,CUST0009,2022-10-31,Audit Logs,13.1,32
USG03203,CUST0173,2022-07-12,Integrations,10.3,19
USG03204,CUST0027,2022-07-15,Dashboard,88.1,57
USG03205,CUST0225,2025-06-04,Bulk Import,14.3,69
USG03206,CUST0374,2022-01-20,API Access,5.3,38
USG03207,CUST0026,2023-05-19,Bulk Import,38.0,8
USG03208,CUST0421,2024-02-19,Analytics,9.5,67
USG03209,CUST0439,2022-06-08,API Access,33.9,80
USG03210,CUST0195,2024-02-14,Integrations,2.8,31
USG03211,CUST0188,2025-06-12,Automation,8.7,55
USG03212,CUST0451,2023-07-02,Audit Logs,20.5,56
USG03213,CUST0401,2025-11-25,Audit Logs,42.4,19
USG03214,CUST0010,2023-09-08,Bulk Import,14.7,47
USG03215,CUST0042,2023-03-11,Integrations,8.3,77
USG03216,CUST0069,2023-01-14,Audit Logs,20.6,62
USG03217,CUST0364,2022-12-06,Analytics,16.8,47
USG03218,CUST0146,2022-09-22,Dashboard,16.6,52
USG03219,CUST0325,2024-07-14,Integrations,7.5,5
USG03220,CUST0380,2022-05-23,Integrations,26.7,2
USG03221,CUST0300,2023-08-06,Dashboard,11.6,67
USG03222,CUST0402,2022-09-24,Integrations,11.7,40
USG03223,CUST0402,2025-04-28,Audit Logs,4.6,9
USG03224,CUST0387,2023-11-16,Bulk Import,11.5,62
USG03225,CUST0162,2022-04-19,API Access,4.8,51
USG03226,CUST0378,2025-11-21,Analytics,10.4,2
USG03227,CUST0059,2024-09-11,Automation,10.5,52
USG03228,CUST0415,2022-10-17,Bulk Import,31.9,26
USG03229,CUST0318,2022-09-08,Audit Logs,46.7,74
USG03230,CUST0197,2024-04-07,API Access,31.5,12
USG03231,CUST0146,2023-11-21,Notifications,13.4,23
USG03232,CUST0158,2025-06-15,User Management,65.6,79
USG03233,CUST0145,2022-03-16,Bulk Import,4.5,7
USG03234,CUST0337,2024-02-10,Integrations,17.6,30
USG03235,CUST0310,2023-09-25,Reporting,5.7,61
USG03236,CUST0221,2024-06-20,User Management,7.4,73
USG03237,CUST0220,2024-10-23,Bulk Import,4.6,66
USG03238,CUST0170,2022-01-11,Bulk Import,15.6,68
USG03239,CUST0393,2024-12-09,Dashboard,15.9,25
USG03240,CUST0128,2024-06-17,Audit Logs,8.9,38
USG03241,CUST0125,2022-05-14,Notifications,32.0,46
USG03242,CUST0447,2023-11-19,Automation,16.5,9
USG03243,CUST0495,2023-12-21,API Access,2.7,42
USG03244,CUST0020,2022-02-26,Automation,0.9,74
USG03245,CUST0076,2024-08-12,Automation,61.7,61
USG03246,CUST0322,2022-04-14,Integrations,11.4,67
USG03247,CUST0370,2023-02-12,Automation,2.6,15
USG03248,CUST0280,2023-11-25,Bulk Import,26.7,52
USG03249,CUST0164,2023-02-08,Audit Logs,2.4,45
USG03250,CUST0411,2024-05-28,Notifications,68.5,29
USG03251,CUST0446,2024-02-27,Dashboard,6.2,80
USG03252,CUST0415,2023-04-26,Automation,9.0,71
USG03253,CUST0072,2022-08-22,Notifications,23.7,41
USG03254,CUST0004,2022-03-23,Audit Logs,6.3,60
USG03255,CUST0469,2022-05-14,Bulk Import,29.3,67
USG03256,CUST0009,2025-10-01,Analytics,20.1,45
USG03257,CUST0056,2023-04-22,Reporting,15.8,36
USG03258,CUST0125,2024-04-12,Notifications,107.9,2
USG03259,CUST0347,2024-03-11,Bulk Import,23.4,27
USG03260,CUST0419,2024-02-13,User Management,8.9,10
USG03261,CUST0047,2024-07-22,Bulk Import,21.1,13
USG03262,CUST0133,2024-07-24,Audit Logs,5.3,16
USG03263,CUST0369,2023-10-29,API Access,55.7,79
USG03264,CUST0429,2022-09-25,Automation,40.0,9
USG03265,CUST0319,2022-10-24,Notifications,0.6,80
USG03266,CUST0078,2025-08-05,Reporting,13.3,47
USG03267,CUST0324,2022-09-19,Automation,4.9,27
USG03268,CUST0415,2025-10-12,Automation,2.1,64
USG03269,CUST0139,2022-04-07,Dashboard,4.8,18
USG03270,CUST0393,2025-10-24,User Management,18.5,8
USG03271,CUST0145,2025-04-12,User Management,2.3,79
USG03272,CUST0477,2022-06-26,Automation,1.0,39
USG03273,CUST0255,2022-10-29,Audit Logs,0.6,2
USG03274,CUST0158,2025-06-11,Integrations,18.4,47
USG03275,CUST0376,2025-08-17,Dashboard,34.6,26
USG03276,CUST0460,2022-09-27,Integrations,9.7,1
USG03277,CUST0419,2023-02-26,Dashboard,12.4,30
USG03278,CUST0495,2022-05-16,Analytics,27.8,19
USG03279,CUST0129,2023-07-19,Analytics,1.9,46
USG03280,CUST0018,2024-09-27,Audit Logs,37.9,16
USG03281,CUST0289,2022-12-06,Automation,3.8,16
USG03282,CUST0071,2022-03-01,Automation,1.0,79
USG03283,CUST0476,2025-10-22,API Access,9.3,11
USG03284,CUST0480,2023-08-21,Dashboard,35.2,13
USG03285,CUST0271,2022-04-13,Bulk Import,29.5,37
USG03286,CUST0044,2024-07-29,Analytics,1.3,63
USG03287,CUST0423,2022-07-27,Integrations,31.5,66
USG03288,CUST0469,2023-05-18,Integrations,4.5,48
USG03289,CUST0202,2025-09-16,Integrations,25.5,27
USG03290,CUST0050,2022-06-24,Notifications,20.5,67
USG03291,CUST0085,2024-03-06,Integrations,28.9,36
USG03292,CUST0437,2024-08-31,Analytics,8.1,56
USG03293,CUST0263,2022-02-14,Notifications,9.9,9
USG03294,CUST0077,2022-09-05,Analytics,4.4,41
USG03295,CUST0044,2022-10-12,Reporting,6.0,11
USG03296,CUST0374,2024-02-12,Reporting,2.3,34
USG03297,CUST0331,2022-04-06,Analytics,57.2,42
USG03298,CUST0263,2024-10-27,Integrations,0.1,74
USG03299,CUST0199,2022-05-12,Integrations,27.8,33
USG03300,CUST0279,2024-02-08,Reporting,78.5,40
USG03301,CUST0247,2023-11-13,Automation,27.5,1
USG03302,CUST0492,2023-03-23,Bulk Import,19.9,78
USG03303,CUST0241,2023-04-26,Integrations,17.7,22
USG03304,CUST0164,2023-05-15,Analytics,66.2,57
USG03305,CUST0282,2025-05-08,Bulk Import,15.1,48
USG03306,CUST0162,2023-09-03,Integrations,7.9,9
USG03307,CUST0387,2022-09-07,Automation,29.9,41
USG03308,CUST0393,2022-07-06,Integrations,2.3,48
USG03309,CUST0394,2023-12-19,Integrations,5.5,74
USG03310,CUST0489,2022-01-03,Bulk Import,11.5,27
USG03311,CUST0009,2022-07-29,Analytics,1.7,72
USG03312,CUST0410,2022-02-24,User Management,26.5,9
USG03313,CUST0080,2023-01-07,Reporting,19.4,50
USG03314,CUST0093,2025-04-23,Dashboard,10.0,16
USG03315,CUST0040,2022-10-08,Audit Logs,27.1,50
USG03316,CUST0369,2024-05-06,Audit Logs,11.4,66
USG03317,CUST0018,2023-08-06,Audit Logs,27.5,14
USG03318,CUST0338,2023-04-22,Audit Logs,67.7,39
USG03319,CUST0422,2024-01-21,API Access,10.5,74
USG03320,CUST0022,2023-12-01,Notifications,6.4,63
USG03321,CUST0066,2024-06-25,Reporting,6.9,53
USG03322,CUST0230,2025-03-24,Analytics,5.2,20
USG03323,CUST0116,2023-06-21,Analytics,15.9,30
USG03324,CUST0082,2024-12-29,Reporting,7.1,69
USG03325,CUST0472,2024-05-11,Dashboard,15.9,26
USG03326,CUST0096,2025-08-14,Integrations,8.8,33
USG03327,CUST0156,2025-05-11,Integrations,10.1,3
USG03328,CUST0245,2024-11-15,Integrations,5.2,15
USG03329,CUST0236,2023-12-13,Integrations,1.3,27
USG03330,CUST0420,2022-04-14,Reporting,19.3,79
USG03331,CUST0467,2023-05-04,Automation,21.3,24
USG03332,CUST0226,2024-09-04,Reporting,7.5,21
USG03333,CUST0265,2025-04-13,Audit Logs,83.9,78
USG03334,CUST0092,2024-03-27,Notifications,38.1,30
USG03335,CUST0487,2023-01-24,Reporting,25.3,73
USG03336,CUST0346,2022-12-28,Bulk Import,1.9,70
USG03337,CUST0193,2024-11-10,API Access,18.6,69
USG03338,CUST0197,2024-07-25,Automation,28.3,38
USG03339,CUST0181,2025-03-16,Dashboard,43.6,71
USG03340,CUST0276,2024-07-06,Automation,5.8,80
USG03341,CUST0458,2024-11-22,Analytics,22.1,44
USG03342,CUST0071,2025-05-02,Notifications,1.1,43
USG03343,CUST0113,2023-08-11,Integrations,39.6,18
USG03344,CUST0426,2025-07-10,Notifications,0.7,48
USG03345,CUST0295,2024-07-21,Integrations,0.6,7
USG03346,CUST0119,2025-11-23,Automation,9.7,71
USG03347,CUST0242,2025-05-05,Dashboard,14.5,56
USG03348,CUST0218,2023-10-04,Automation,33.2,23
USG03349,CUST0023,2025-01-09,Notifications,12.1,58
USG03350,CUST0086,2022-12-02,Audit Logs,5.6,33
USG03351,CUST0132,2022-05-23,API Access,4.5,1
USG03352,CUST0456,2022-08-09,Integrations,21.8,8
USG03353,CUST0235,2023-02-01,Analytics,9.2,7
USG03354,CUST0463,2024-04-18,Integrations,12.4,34
USG03355,CUST0442,2023-07-25,Notifications,48.2,73
USG03356,CUST0460,2024-05-28,Notifications,5.4,2
USG03357,CUST0351,2024-06-03,Integrations,4.8,20
USG03358,CUST0356,2024-01-01,Integrations,10.3,45
USG03359,CUST0056,2024-01-17,API Access,21.2,57
USG03360,CUST0426,2024-06-28,Analytics,39.8,66
USG03361,CUST0093,2022-11-30,Dashboard,0.7,46
USG03362,CUST0327,2023-10-19,API Access,7.6,32
USG03363,CUST0040,2025-09-22,User Management,0.4,36
USG03364,CUST0159,2025-05-04,Automation,13.6,21
USG03365,CUST0346,2024-07-09,Dashboard,11.6,47
USG03366,CUST0481,2023-03-16,Automation,7.8,23
USG03367,CUST0227,2023-02-04,Bulk Import,6.4,71
USG03368,CUST0367,2022-09-23,Automation,21.0,70
USG03369,CUST0469,2022-07-18,Notifications,1.2,51
USG03370,CUST0160,2024-12-11,Reporting,21.0,16
USG03371,CUST0423,2024-12-05,Audit Logs,29.9,70
USG03372,CUST0169,2025-11-04,API Access,26.4,25
USG03373,CUST0220,2023-11-14,Notifications,21.4,10
USG03374,CUST0105,2025-02-18,User Management,1.0,28
USG03375,CUST0170,2023-06-23,Dashboard,36.5,71
USG03376,CUST0334,2024-08-08,Dashboard,5.2,79
USG03377,CUST0140,2022-07-09,Audit Logs,4.0,15
USG03378,CUST0424,2024-08-02,Automation,2.5,25
USG03379,CUST0254,2025-03-07,API Access,1.0,54
USG03380,CUST0451,2023-01-23,Automation,6.5,4
USG03381,CUST0057,2025-03-06,Automation,51.8,71
USG03382,CUST0135,2025-01-19,Automation,5.0,26
USG03383,CUST0165,2025-10-23,Bulk Import,12.0,30
USG03384,CUST0254,2024-12-09,Dashboard,7.1,71
USG03385,CUST0122,2025-07-12,Audit Logs,49.0,78
USG03386,CUST0079,2025-03-10,Bulk Import,1.3,67
USG03387,CUST0418,2023-10-25,Audit Logs,7.3,45
USG03388,CUST0265,2024-09-26,User Management,9.3,18
USG03389,CUST0290,2023-01-10,Notifications,4.0,5
USG03390,CUST0323,2024-03-12,User Management,11.2,36
USG03391,CUST0234,2024-09-07,Dashboard,6.3,18
USG03392,CUST0414,2025-07-06,Dashboard,62.3,70
USG03393,CUST0361,2025-06-02,Reporting,16.7,80
USG03394,CUST0230,2025-07-13,User Management,10.5,28
USG03395,CUST0156,2025-09-10,Notifications,12.1,78
USG03396,CUST0451,2023-05-06,Bulk Import,0.3,33
USG03397,CUST0200,2022-03-25,Reporting,5.0,2
USG03398,CUST0159,2024-07-18,Analytics,35.5,35
USG03399,CUST0470,2025-04-15,Reporting,24.1,77
USG03400,CUST0443,2022-02-13,API Access,10.9,58
USG03401,CUST0172,2022-02-11,Bulk Import,1.0,23
USG03402,CUST0381,2022-05-23,Automation,54.4,22
USG03403,CUST0256,2023-01-08,API Access,8.2,67
USG03404,CUST0224,2025-02-28,Dashboard,5.2,17
USG03405,CUST0105,2022-08-28,Automation,31.3,65
USG03406,CUST0399,2025-06-16,Reporting,14.6,56
USG03407,CUST0317,2024-08-25,Dashboard,17.2,40
USG03408,CUST0062,2025-04-06,API Access,74.5,64
USG03409,CUST0121,2023-06-02,Reporting,46.4,72
USG03410,CUST0265,2024-11-05,User Management,7.8,27
USG03411,CUST0127,2025-03-06,Bulk Import,68.4,10
USG03412,CUST0494,2023-12-17,Automation,23.6,40
USG03413,CUST0007,2023-03-31,User Management,12.4,37
USG03414,CUST0450,2025-08-04,Automation,0.8,70
USG03415,CUST0051,2022-04-13,Notifications,23.2,75
USG03416,CUST0367,2023-04-21,User Management,7.9,46
USG03417,CUST0055,2023-04-05,Audit Logs,19.8,61
USG03418,CUST0452,2022-12-12,Analytics,10.9,39
USG03419,CUST0300,2023-10-23,Automation,23.7,79
USG03420,CUST0297,2023-10-12,Audit Logs,16.2,11
USG03421,CUST0342,2025-01-31,Dashboard,19.1,24
USG03422,CUST0375,2023-10-12,Integrations,37.0,58
USG03423,CUST0185,2025-12-07,Integrations,23.6,53
USG03424,CUST0159,2024-12-17,Analytics,2.1,60
USG03425,CUST0085,2025-02-25,Reporting,3.9,71
USG03426,CUST0275,2023-11-26,Bulk Import,2.0,64
USG03427,CUST0399,2022-03-01,API Access,3.0,42
USG03428,CUST0009,2023-10-06,Notifications,50.6,69
USG03429,CUST0169,2023-09-29,Integrations,1.3,15
USG03430,CUST0412,2023-02-14,API Access,11.5,51
USG03431,CUST0071,2023-06-21,User Management,0.4,43
USG03432,CUST0354,2025-03-11,Notifications,16.7,39
USG03433,CUST0174,2023-11-30,Integrations,3.2,80
USG03434,CUST0067,2022-01-27,Notifications,6.5,45
USG03435,CUST0265,2022-03-24,Analytics,8.3,31
USG03436,CUST0007,2025-09-01,Dashboard,0.5,69
USG03437,CUST0158,2023-12-12,Integrations,3.8,7
USG03438,CUST0238,2022-02-15,User Management,3.1,36
USG03439,CUST0364,2022-01-20,User Management,3.1,38
USG03440,CUST0393,2023-10-10,Dashboard,87.3,26
USG03441,CUST0315,2022-10-10,User Management,7.4,72
USG03442,CUST0487,2022-10-16,Dashboard,33.7,68
USG03443,CUST0247,2025-11-12,Bulk Import,20.5,57
USG03444,CUST0250,2022-05-13,Audit Logs,4.6,50
USG03445,CUST0481,2023-07-21,Analytics,6.6,13
USG03446,CUST0014,2025-04-20,Reporting,24.2,18
USG03447,CUST0019,2024-09-29,Analytics,19.0,67
USG03448,CUST0171,2024-01-06,Notifications,2.2,61
USG03449,CUST0350,2024-05-17,Integrations,0.2,77
USG03450,CUST0133,2025-03-31,Audit Logs,12.3,25
USG03451,CUST0197,2023-03-13,Integrations,15.2,67
USG03452,CUST0012,2023-06-28,Integrations,9.3,80
USG03453,CUST0007,2024-07-05,API Access,1.1,60
USG03454,CUST0374,2023-07-23,Notifications,33.7,5
USG03455,CUST0174,2022-06-05,Analytics,38.9,66
USG03456,CUST0093,2024-07-26,Automation,10.0,40
USG03457,CUST0128,2025-10-03,Audit Logs,24.1,72
USG03458,CUST0004,2022-12-26,Dashboard,0.3,73
USG03459,CUST0016,2024-12-21,Reporting,21.8,59
USG03460,CUST0131,2025-10-06,User Management,10.5,44
USG03461,CUST0449,2023-11-12,User Management,37.3,37
USG03462,CUST0358,2025-02-18,Bulk Import,14.6,43
USG03463,CUST0342,2023-02-08,Notifications,3.2,74
USG03464,CUST0162,2023-09-21,Reporting,14.6,3
USG03465,CUST0408,2023-09-04,Bulk Import,2.6,53
USG03466,CUST0013,2025-12-27,User Management,9.8,8
USG03467,CUST0244,2025-02-01,Notifications,4.8,71
USG03468,CUST0240,2022-10-12,Integrations,1.9,51
USG03469,CUST0182,2023-08-31,Automation,72.4,63
USG03470,CUST0327,2024-10-28,Integrations,17.8,17
USG03471,CUST0259,2024-11-04,Reporting,7.6,37
USG03472,CUST0370,2023-03-06,Integrations,28.0,78
USG03473,CUST0476,2023-10-29,Notifications,7.9,31
USG03474,CUST0213,2024-12-19,Automation,8.1,56
USG03475,CUST0378,2025-11-23,User Management,1.3,74
USG03476,CUST0248,2024-08-23,User Management,37.0,32
USG03477,CUST0099,2024-09-20,Audit Logs,2.6,1
USG03478,CUST0146,2022-10-08,Integrations,2.4,19
USG03479,CUST0185,2024-07-16,Dashboard,19.3,20
USG03480,CUST0002,2025-08-25,Integrations,13.4,69
USG03481,CUST0482,2024-08-28,Dashboard,20.4,56
USG03482,CUST0022,2025-07-24,API Access,2.7,55
USG03483,CUST0291,2022-08-23,Dashboard,25.3,68
USG03484,CUST0227,2022-02-19,Analytics,25.8,64
USG03485,CUST0370,2025-08-09,Notifications,7.4,18
USG03486,CUST0191,2024-03-15,Automation,19.7,62
USG03487,CUST0368,2024-04-05,User Management,2.8,57
USG03488,CUST0424,2025-12-30,Notifications,3.1,22
USG03489,CUST0403,2025-09-23,Dashboard,30.2,35
USG03490,CUST0097,2023-04-03,Analytics,16.6,57
USG03491,CUST0454,2023-08-27,Integrations,24.1,71
USG03492,CUST0376,2025-08-22,Bulk Import,10.3,12
USG03493,CUST0460,2022-06-19,Bulk Import,1.0,69
USG03494,CUST0080,2024-08-29,User Management,6.9,17
USG03495,CUST0110,2023-10-18,Automation,12.3,2
USG03496,CUST0349,2023-05-30,Reporting,44.8,23
USG03497,CUST0139,2023-03-25,Analytics,26.7,72
USG03498,CUST0298,2022-06-11,Reporting,9.0,78
USG03499,CUST0097,2024-08-23,Dashboard,5.0,71
USG03500,CUST0472,2025-10-20,Reporting,20.0,55
USG03501,CUST0031,2025-04-06,Dashboard,29.5,56
USG03502,CUST0108,2024-07-11,Reporting,9.9,67
USG03503,CUST0473,2022-10-30,Audit Logs,18.9,10
USG03504,CUST0477,2022-06-04,Dashboard,44.1,70
USG03505,CUST0269,2023-12-24,User Management,0.2,63
USG03506,CUST0165,2023-08-10,Bulk Import,12.0,3
USG03507,CUST0338,2025-02-11,Reporting,21.4,64
USG03508,CUST0075,2023-07-03,Notifications,6.2,3
USG03509,CUST0223,2024-08-29,Audit Logs,3.6,19
USG03510,CUST0412,2023-02-20,Automation,39.8,32
USG03511,CUST0310,2023-02-12,Dashboard,21.2,57
USG03512,CUST0314,2025-11-09,Dashboard,21.9,60
USG03513,CUST0128,2024-04-12,Audit Logs,5.0,69
USG03514,CUST0115,2024-10-22,API Access,3.4,13
USG03515,CUST0419,2024-06-10,Integrations,8.3,77
USG03516,CUST0279,2024-03-09,Automation,15.7,69
USG03517,CUST0385,2023-01-16,Integrations,5.3,38
USG03518,CUST0465,2025-04-23,Automation,28.9,19
USG03519,CUST0303,2025-04-12,Integrations,9.5,40
USG03520,CUST0199,2025-02-22,Automation,0.1,15
USG03521,CUST0374,2024-01-29,User Management,7.4,68
USG03522,CUST0484,2022-01-23,Reporting,16.3,59
USG03523,CUST0382,2022-12-13,Bulk Import,8.9,64
USG03524,CUST0247,2024-06-07,Analytics,24.2,4
USG03525,CUST0214,2023-02-03,User Management,7.4,59
USG03526,CUST0271,2022-02-17,Notifications,2.0,66
USG03527,CUST0016,2023-12-22,API Access,33.7,23
USG03528,CUST0332,2024-09-02,Integrations,2.6,10
USG03529,CUST0207,2024-04-24,User Management,28.1,6
USG03530,CUST0116,2024-07-02,Analytics,8.0,63
USG03531,CUST0455,2024-03-19,Notifications,7.7,11
USG03532,CUST0079,2023-09-06,Automation,26.1,35
USG03533,CUST0362,2024-06-23,Analytics,24.7,30
USG03534,CUST0310,2025-11-30,Audit Logs,8.7,32
USG03535,CUST0346,2024-05-25,Reporting,3.6,1
USG03536,CUST0282,2023-12-25,Audit Logs,12.2,53
USG03537,CUST0376,2025-08-07,User Management,1.1,80
USG03538,CUST0269,2022-03-04,Analytics,28.0,77
USG03539,CUST0128,2022-06-24,Audit Logs,50.0,16
USG03540,CUST0068,2025-09-14,API Access,10.1,23
USG03541,CUST0488,2022-10-16,Notifications,19.9,16
USG03542,CUST0499,2024-04-09,Integrations,5.4,71
USG03543,CUST0008,2025-12-19,User Management,10.2,61
USG03544,CUST0390,2023-03-25,Automation,14.6,75
USG03545,CUST0264,2022-04-21,Integrations,17.7,60
USG03546,CUST0436,2025-09-16,Integrations,20.3,50
USG03547,CUST0160,2025-10-16,Reporting,5.5,12
USG03548,CUST0181,2022-03-11,Automation,21.0,78
USG03549,CUST0350,2023-10-04,Reporting,6.4,10
USG03550,CUST0137,2022-05-17,Reporting,26.1,4
USG03551,CUST0302,2024-09-23,Automation,37.4,70
USG03552,CUST0248,2025-10-17,Automation,10.9,40
USG03553,CUST0402,2024-08-08,Analytics,2.3,43
USG03554,CUST0265,2023-08-03,Audit Logs,56.5,62
USG03555,CUST0185,2024-11-04,User Management,0.2,67
USG03556,CUST0085,2022-05-08,API Access,33.9,12
USG03557,CUST0130,2022-02-12,Notifications,9.9,53
USG03558,CUST0376,2024-02-14,Reporting,17.1,50
USG03559,CUST0174,2024-02-20,User Management,7.8,32
USG03560,CUST0406,2024-07-22,Automation,4.1,6
USG03561,CUST0235,2025-07-12,User Management,10.4,4
USG03562,CUST0481,2022-06-26,Dashboard,11.4,59
USG03563,CUST0153,2024-01-23,Automation,4.8,53
USG03564,CUST0210,2023-07-08,User Management,1.7,62
USG03565,CUST0215,2024-01-27,Notifications,30.5,73
USG03566,CUST0418,2022-01-29,Integrations,11.0,18
USG03567,CUST0045,2025-06-01,Automation,7.2,47
USG03568,CUST0055,2022-01-02,Audit Logs,13.6,46
USG03569,CUST0265,2024-03-30,Notifications,36.7,8
USG03570,CUST0008,2024-08-30,API Access,20.7,59
USG03571,CUST0031,2022-07-23,Integrations,27.9,67
USG03572,CUST0014,2025-02-24,Notifications,0.6,36
USG03573,CUST0078,2022-09-04,Analytics,3.9,54
USG03574,CUST0057,2022-07-06,Dashboard,13.6,7
USG03575,CUST0080,2023-02-02,API Access,25.1,18
USG03576,CUST0316,2024-07-08,Bulk Import,0.4,42
USG03577,CUST0318,2022-03-18,Bulk Import,13.7,25
USG03578,CUST0209,2025-09-13,User Management,1.6,50
USG03579,CUST0109,2025-01-20,User Management,30.0,77
USG03580,CUST0207,2024-06-17,User Management,8.9,4
USG03581,CUST0122,2024-10-11,Audit Logs,3.3,22
USG03582,CUST0041,2022-05-10,Bulk Import,4.0,42
USG03583,CUST0375,2025-12-13,Bulk Import,39.4,45
USG03584,CUST0156,2025-05-26,Automation,3.8,49
USG03585,CUST0097,2023-07-02,Reporting,16.9,11
USG03586,CUST0365,2025-02-10,Analytics,4.8,70
USG03587,CUST0024,2023-01-03,Notifications,13.1,80
USG03588,CUST0183,2025-08-14,API Access,9.6,61
USG03589,CUST0122,2025-03-10,Analytics,39.2,59
USG03590,CUST0094,2024-08-10,Audit Logs,23.5,79
USG03591,CUST0282,2024-12-30,Bulk Import,29.7,67
USG03592,CUST0250,2025-11-10,Audit Logs,19.3,53
USG03593,CUST0339,2022-10-20,Reporting,49.8,28
USG03594,CUST0482,2025-08-03,User Management,13.4,71
USG03595,CUST0488,2024-02-15,User Management,120.0,67
USG03596,CUST0017,2022-04-16,API Access,47.3,12
USG03597,CUST0398,2022-10-12,Analytics,46.2,16
USG03598,CUST0147,2022-11-18,Integrations,30.0,7
USG03599,CUST0288,2023-05-06,API Access,15.5,42
USG03600,CUST0004,2025-02-06,Bulk Import,0.4,69
USG03601,CUST0176,2022-10-02,Analytics,35.0,58
USG03602,CUST0192,2025-09-22,Bulk Import,3.6,51
USG03603,CUST0461,2022-02-03,Analytics,22.3,59
USG03604,CUST0026,2022-10-25,API Access,111.0,80
USG03605,CUST0064,2025-10-04,Notifications,23.5,79
USG03606,CUST0130,2024-04-06,Reporting,1.8,69
USG03607,CUST0103,2022-05-06,Audit Logs,28.6,56
USG03608,CUST0096,2024-02-10,Audit Logs,16.9,24
USG03609,CUST0194,2023-02-02,Analytics,12.1,31
USG03610,CUST0313,2023-11-28,User Management,23.0,7
USG03611,CUST0064,2025-02-26,Notifications,4.3,9
USG03612,CUST0070,2022-12-15,Dashboard,33.5,19
USG03613,CUST0325,2022-12-13,Integrations,2.2,31
USG03614,CUST0438,2024-09-27,User Management,19.9,13
USG03615,CUST0489,2023-04-02,Bulk Import,15.1,58
USG03616,CUST0191,2023-07-26,Dashboard,16.8,43
USG03617,CUST0419,2023-05-16,API Access,6.2,75
USG03618,CUST0146,2022-10-13,Analytics,27.3,55
USG03619,CUST0109,2022-11-08,Audit Logs,23.4,55
USG03620,CUST0470,2024-02-10,Automation,16.1,58
USG03621,CUST0220,2025-09-17,Analytics,9.9,27
USG03622,CUST0396,2025-07-09,Audit Logs,1.6,19
USG03623,CUST0413,2022-02-25,Dashboard,3.7,29
USG03624,CUST0013,2022-04-23,Analytics,0.4,26
USG03625,CUST0055,2022-05-16,Notifications,19.9,32
USG03626,CUST0305,2022-11-24,Automation,16.0,26
USG03627,CUST0424,2025-01-27,Audit Logs,5.3,36
USG03628,CUST0048,2025-04-09,Notifications,7.8,11
USG03629,CUST0076,2025-10-27,API Access,3.1,68
USG03630,CUST0066,2025-02-22,Audit Logs,10.4,45
USG03631,CUST0016,2024-02-23,Notifications,22.4,29
USG03632,CUST0110,2025-10-28,Automation,10.8,3
USG03633,CUST0459,2023-05-03,Reporting,4.9,51
USG03634,CUST0244,2023-04-11,Audit Logs,0.2,11
USG03635,CUST0256,2023-04-10,Automation,15.5,43
USG03636,CUST0436,2023-01-23,Integrations,30.2,55
USG03637,CUST0281,2025-06-10,Dashboard,2.3,68
USG03638,CUST0055,2023-09-24,Bulk Import,17.1,50
USG03639,CUST0235,2025-05-15,Dashboard,5.1,7
USG03640,CUST0180,2024-03-04,Notifications,47.6,74
USG03641,CUST0471,2025-08-29,Automation,6.0,72
USG03642,CUST0143,2024-02-21,Dashboard,8.7,51
USG03643,CUST0050,2022-08-18,Notifications,33.2,61
USG03644,CUST0109,2024-04-25,Notifications,3.6,39
USG03645,CUST0295,2024-06-08,Bulk Import,14.2,57
USG03646,CUST0387,2024-09-12,API Access,45.8,26
USG03647,CUST0426,2024-03-08,Bulk Import,16.3,63
USG03648,CUST0102,2024-06-29,Automation,31.4,39
USG03649,CUST0019,2022-09-14,Reporting,13.9,3
USG03650,CUST0129,2024-11-11,Audit Logs,20.5,27
USG03651,CUST0084,2025-05-24,Bulk Import,2.6,26
USG03652,CUST0120,2025-03-26,Audit Logs,24.4,32
USG03653,CUST0458,2023-09-10,Integrations,20.5,4
USG03654,CUST0256,2024-04-11,Bulk Import,0.4,59
USG03655,CUST0177,2024-01-05,Integrations,9.1,41
USG03656,CUST0448,2023-12-24,Integrations,17.5,70
USG03657,CUST0407,2024-02-06,Automation,18.9,5
USG03658,CUST0226,2024-03-24,Reporting,0.2,3
USG03659,CUST0354,2025-07-07,Analytics,50.4,3
USG03660,CUST0263,2023-11-12,Reporting,0.0,3
USG03661,CUST0075,2025-02-28,Audit Logs,7.5,6
USG03662,CUST0492,2025-02-16,Notifications,3.3,35
USG03663,CUST0326,2022-10-21,Notifications,1.9,59
USG03664,CUST0272,2022-09-24,Dashboard,8.1,32
USG03665,CUST0395,2023-11-14,User Management,1.5,64
USG03666,CUST0134,2023-04-27,Audit Logs,12.3,24
USG03667,CUST0198,2024-08-06,User Management,2.9,42
USG03668,CUST0420,2022-07-16,Audit Logs,35.1,41
USG03669,CUST0487,2024-10-04,User Management,10.1,42
USG03670,CUST0070,2024-12-26,User Management,9.9,48
USG03671,CUST0299,2022-08-14,Analytics,0.5,27
USG03672,CUST0144,2025-02-22,Bulk Import,12.9,34
USG03673,CUST0052,2025-03-18,Notifications,14.7,79
USG03674,CUST0238,2025-11-22,Notifications,2.4,29
USG03675,CUST0080,2023-12-31,Integrations,13.2,18
USG03676,CUST0332,2024-10-25,Dashboard,20.5,68
USG03677,CUST0121,2023-03-16,Reporting,6.7,5
USG03678,CUST0041,2022-11-08,API Access,2.9,2
USG03679,CUST0028,2025-03-23,Bulk Import,17.6,38
USG03680,CUST0122,2024-04-28,Audit Logs,21.4,6
USG03681,CUST0421,2025-01-17,Integrations,39.0,31
USG03682,CUST0207,2024-10-11,Dashboard,15.9,57
USG03683,CUST0338,2024-10-29,API Access,18.9,56
USG03684,CUST0055,2022-05-18,Automation,2.3,20
USG03685,CUST0418,2024-07-29,Bulk Import,13.7,69
USG03686,CUST0116,2025-10-11,Reporting,10.3,24
USG03687,CUST0308,2024-04-04,Audit Logs,12.8,35
USG03688,CUST0168,2022-10-14,Integrations,38.1,30
USG03689,CUST0391,2024-12-21,User Management,6.5,40
USG03690,CUST0313,2022-07-06,Notifications,15.1,41
USG03691,CUST0236,2024-01-24,Notifications,30.5,11
USG03692,CUST0342,2022-01-22,User Management,17.2,33
USG03693,CUST0015,2023-09-26,Reporting,8.1,25
USG03694,CUST0303,2022-09-07,User Management,7.3,10
USG03695,CUST0074,2025-08-07,Bulk Import,38.4,28
USG03696,CUST0057,2023-04-15,Integrations,1.8,68
USG03697,CUST0085,2024-02-12,Notifications,29.7,39
USG03698,CUST0263,2022-08-01,API Access,9.0,14
USG03699,CUST0008,2022-04-30,Notifications,2.5,8
USG03700,CUST0365,2024-02-19,Bulk Import,20.6,46
USG03701,CUST0055,2023-08-20,Dashboard,18.4,55
USG03702,CUST0228,2022-04-16,API Access,14.4,37
USG03703,CUST0441,2023-12-12,Reporting,23.1,18
USG03704,CUST0396,2022-12-17,Notifications,27.4,18
USG03705,CUST0491,2022-11-24,Bulk Import,17.5,10
USG03706,CUST0085,2024-05-15,Analytics,29.7,37
USG03707,CUST0243,2025-05-08,Notifications,3.2,35
USG03708,CUST0411,2023-05-20,Integrations,6.8,77
USG03709,CUST0249,2023-09-07,Bulk Import,8.2,14
USG03710,CUST0164,2023-03-25,Automation,44.4,46
USG03711,CUST0460,2023-02-11,Automation,5.3,71
USG03712,CUST0148,2023-03-01,Bulk Import,13.7,65
USG03713,CUST0381,2024-03-24,Audit Logs,5.2,57
USG03714,CUST0182,2024-06-04,Bulk Import,39.2,79
USG03715,CUST0048,2022-10-06,Audit Logs,17.8,24
USG03716,CUST0243,2024-07-23,Analytics,13.2,61
USG03717,CUST0106,2024-08-18,Audit Logs,10.5,10
USG03718,CUST0152,2023-10-26,User Management,9.8,55
USG03719,CUST0392,2024-05-14,Integrations,2.0,56
USG03720,CUST0250,2024-06-06,Integrations,17.2,76
USG03721,CUST0220,2023-06-30,Notifications,17.8,24
USG03722,CUST0212,2022-10-04,User Management,7.9,63
USG03723,CUST0305,2025-04-17,Audit Logs,13.8,64
USG03724,CUST0244,2022-08-03,Audit Logs,6.0,76
USG03725,CUST0308,2025-10-13,Automation,22.8,51
USG03726,CUST0163,2023-03-06,Audit Logs,15.0,56
USG03727,CUST0497,2022-05-18,User Management,51.2,64
USG03728,CUST0087,2025-11-04,Audit Logs,15.3,59
USG03729,CUST0387,2022-06-04,Audit Logs,5.4,35
USG03730,CUST0255,2024-01-16,Audit Logs,9.0,34
USG03731,CUST0027,2025-06-10,Notifications,10.9,40
USG03732,CUST0067,2024-11-06,User Management,2.0,19
USG03733,CUST0390,2023-06-01,Dashboard,7.1,32
USG03734,CUST0451,2022-10-04,Audit Logs,4.5,23
USG03735,CUST0105,2024-08-05,Analytics,15.9,63
USG03736,CUST0153,2025-09-08,Dashboard,7.1,59
USG03737,CUST0141,2024-11-10,Analytics,5.9,29
USG03738,CUST0102,2024-06-10,Reporting,31.6,80
USG03739,CUST0058,2023-06-12,Audit Logs,15.0,79
USG03740,CUST0221,2025-08-09,Integrations,3.3,76
USG03741,CUST0221,2024-11-25,Dashboard,7.9,34
USG03742,CUST0307,2022-04-15,Dashboard,22.1,54
USG03743,CUST0400,2025-02-18,Bulk Import,11.9,31
USG03744,CUST0231,2022-01-10,Integrations,30.0,54
USG03745,CUST0027,2022-02-20,API Access,24.0,32
USG03746,CUST0183,2024-03-11,User Management,0.9,75
USG03747,CUST0351,2022-10-28,Bulk Import,36.7,57
USG03748,CUST0067,2025-09-14,Integrations,24.7,72
USG03749,CUST0427,2024-04-20,Automation,2.4,73
USG03750,CUST0317,2025-01-23,Notifications,42.9,48
USG03751,CUST0440,2023-09-06,Dashboard,10.4,33
USG03752,CUST0419,2024-12-21,Reporting,58.4,54
USG03753,CUST0315,2022-11-07,Dashboard,5.9,21
USG03754,CUST0282,2022-07-07,Integrations,120.0,63
USG03755,CUST0173,2024-07-21,Notifications,6.3,22
USG03756,CUST0061,2025-01-02,Audit Logs,67.5,34
USG03757,CUST0152,2025-01-20,Bulk Import,11.4,35
USG03758,CUST0107,2023-12-17,Bulk Import,27.4,35
USG03759,CUST0018,2024-02-22,API Access,32.2,43
USG03760,CUST0424,2025-03-16,API Access,4.3,55
USG03761,CUST0343,2024-06-22,Dashboard,8.4,34
USG03762,CUST0427,2025-02-11,Notifications,7.4,35
USG03763,CUST0025,2025-08-14,Automation,3.6,38
USG03764,CUST0267,2025-01-17,Bulk Import,20.2,31
USG03765,CUST0111,2024-12-10,Reporting,18.3,62
USG03766,CUST0068,2022-03-14,Bulk Import,3.7,70
USG03767,CUST0091,2023-07-03,Dashboard,4.3,33
USG03768,CUST0449,2024-09-10,Notifications,8.0,79
USG03769,CUST0218,2023-05-23,Automation,8.7,70
USG03770,CUST0183,2024-11-18,Bulk Import,34.2,44
USG03771,CUST0219,2022-03-08,Bulk Import,9.5,68
USG03772,CUST0074,2024-10-28,Integrations,25.0,14
USG03773,CUST0320,2022-07-22,Audit Logs,9.4,64
USG03774,CUST0196,2024-03-24,User Management,10.8,67
USG03775,CUST0147,2023-05-26,Automation,7.9,49
USG03776,CUST0194,2024-11-22,Integrations,42.4,22
USG03777,CUST0141,2022-01-19,Analytics,48.4,75
USG03778,CUST0372,2024-10-19,Notifications,12.0,5
USG03779,CUST0416,2023-10-02,Integrations,15.6,65
USG03780,CUST0244,2022-05-04,Notifications,32.0,5
USG03781,CUST0005,2023-03-11,Analytics,13.9,7
USG03782,CUST0119,2023-06-15,Analytics,27.6,50
USG03783,CUST0047,2022-10-17,Dashboard,1.7,45
USG03784,CUST0247,2024-02-09,Reporting,2.5,33
USG03785,CUST0134,2022-07-06,Integrations,18.4,69
USG03786,CUST0497,2025-07-24,Analytics,20.3,25
USG03787,CUST0080,2025-04-23,User Management,23.6,74
USG03788,CUST0327,2025-03-21,Integrations,18.6,41
USG03789,CUST0063,2022-08-30,Bulk Import,7.2,65
USG03790,CUST0044,2022-12-29,Dashboard,3.6,28
USG03791,CUST0071,2025-07-16,Integrations,1.9,70
USG03792,CUST0009,2024-04-21,Reporting,3.1,79
USG03793,CUST0118,2022-08-18,Bulk Import,22.9,39
USG03794,CUST0151,2023-10-27,Audit Logs,11.6,29
USG03795,CUST0009,2025-06-24,Bulk Import,1.0,41
USG03796,CUST0369,2024-09-15,Automation,13.2,14
USG03797,CUST0324,2023-11-24,Bulk Import,6.6,47
USG03798,CUST0325,2023-01-09,User Management,32.3,37
USG03799,CUST0150,2024-01-07,Automation,10.2,52
USG03800,CUST0255,2024-11-03,Reporting,25.1,34
USG03801,CUST0494,2025-05-16,Bulk Import,63.5,47
USG03802,CUST0070,2022-07-17,Notifications,21.9,24
USG03803,CUST0500,2025-03-05,Analytics,2.5,20
USG03804,CUST0458,2023-04-10,User Management,24.7,53
USG03805,CUST0375,2025-01-09,User Management,5.7,10
USG03806,CUST0034,2023-01-24,Integrations,10.8,32
USG03807,CUST0018,2024-06-28,Analytics,23.3,50
USG03808,CUST0346,2025-08-31,User Management,17.9,2
USG03809,CUST0078,2024-11-29,User Management,11.2,55
USG03810,CUST0379,2025-04-14,Audit Logs,31.1,47
USG03811,CUST0153,2025-03-17,Analytics,0.4,12
USG03812,CUST0113,2022-04-20,Bulk Import,86.2,61
USG03813,CUST0301,2025-12-05,Integrations,37.9,45
USG03814,CUST0300,2023-01-13,User Management,25.8,16
USG03815,CUST0416,2023-01-20,Bulk Import,13.5,10
USG03816,CUST0236,2023-08-19,Automation,11.0,8
USG03817,CUST0367,2023-10-12,Bulk Import,3.7,8
USG03818,CUST0470,2022-03-15,Dashboard,23.4,41
USG03819,CUST0044,2025-11-17,Audit Logs,10.9,19
USG03820,CUST0122,2022-06-01,Notifications,12.7,53
USG03821,CUST0319,2024-06-28,User Management,34.3,9
USG03822,CUST0401,2023-02-14,Dashboard,22.1,9
USG03823,CUST0313,2025-11-13,Analytics,12.6,35
USG03824,CUST0097,2024-05-19,Automation,47.2,56
USG03825,CUST0064,2025-04-15,Reporting,66.1,41
USG03826,CUST0265,2025-05-05,Analytics,8.1,21
USG03827,CUST0364,2025-01-31,Notifications,31.7,15
USG03828,CUST0033,2024-10-29,User Management,20.2,39
USG03829,CUST0303,2024-02-18,Integrations,29.6,31
USG03830,CUST0400,2022-11-20,Analytics,30.2,63
USG03831,CUST0045,2025-05-02,User Management,9.4,72
USG03832,CUST0331,2025-10-21,Notifications,1.7,53
USG03833,CUST0338,2023-07-25,Reporting,13.2,34
USG03834,CUST0391,2022-04-17,User Management,38.8,74
USG03835,CUST0459,2022-11-06,Audit Logs,19.5,29
USG03836,CUST0333,2023-02-14,Integrations,2.9,4
USG03837,CUST0362,2025-09-16,Integrations,16.8,77
USG03838,CUST0236,2022-01-10,Reporting,4.3,39
USG03839,CUST0379,2022-03-28,Audit Logs,10.2,32
USG03840,CUST0419,2024-05-14,Analytics,11.9,9
USG03841,CUST0492,2024-02-06,Automation,10.6,50
USG03842,CUST0487,2022-02-21,Automation,37.1,23
USG03843,CUST0376,2025-06-25,Audit Logs,1.6,30
USG03844,CUST0418,2023-05-01,Audit Logs,55.5,41
USG03845,CUST0253,2023-12-04,Automation,0.3,25
USG03846,CUST0170,2024-02-09,Dashboard,42.4,38
USG03847,CUST0333,2024-09-30,Reporting,7.8,11
USG03848,CUST0442,2025-01-10,Bulk Import,13.1,24
USG03849,CUST0333,2022-04-18,Automation,3.1,22
USG03850,CUST0233,2024-11-01,Audit Logs,1.2,49
USG03851,CUST0027,2023-02-04,Notifications,5.6,48
USG03852,CUST0348,2024-03-20,Analytics,27.0,32
USG03853,CUST0449,2023-09-14,Dashboard,13.8,74
USG03854,CUST0452,2024-10-14,API Access,78.8,36
USG03855,CUST0104,2022-11-18,Notifications,10.5,76
USG03856,CUST0238,2024-07-14,Audit Logs,3.7,22
USG03857,CUST0364,2022-04-17,Reporting,60.1,20
USG03858,CUST0199,2024-02-08,Notifications,7.9,41
USG03859,CUST0377,2025-06-15,Analytics,4.1,61
USG03860,CUST0092,2025-11-12,Reporting,16.5,41
USG03861,CUST0091,2024-08-07,Dashboard,86.2,59
USG03862,CUST0377,2024-05-02,API Access,1.0,15
USG03863,CUST0367,2023-02-22,Notifications,9.1,28
USG03864,CUST0255,2023-08-13,Integrations,14.4,14
USG03865,CUST0333,2023-07-18,API Access,4.9,70
USG03866,CUST0205,2023-12-05,User Management,3.2,60
USG03867,CUST0105,2023-07-12,Notifications,7.6,26
USG03868,CUST0217,2025-07-09,Bulk Import,10.7,75
USG03869,CUST0076,2022-09-30,Dashboard,1.7,67
USG03870,CUST0114,2025-06-07,Integrations,4.0,62
USG03871,CUST0483,2023-01-04,API Access,20.4,77
USG03872,CUST0300,2024-04-20,API Access,0.2,54
USG03873,CUST0018,2022-06-25,Analytics,7.6,68
USG03874,CUST0411,2024-03-27,API Access,1.8,45
USG03875,CUST0467,2022-03-01,Automation,7.0,48
USG03876,CUST0429,2025-01-18,Dashboard,20.2,7
USG03877,CUST0324,2025-09-02,Dashboard,7.9,62
USG03878,CUST0375,2023-01-16,Reporting,3.7,56
USG03879,CUST0013,2025-01-05,User Management,23.8,28
USG03880,CUST0420,2022-02-19,Analytics,67.2,78
USG03881,CUST0478,2023-04-25,Notifications,13.6,32
USG03882,CUST0328,2025-12-08,Reporting,0.2,80
USG03883,CUST0126,2024-10-19,Bulk Import,10.9,9
USG03884,CUST0457,2024-02-25,Automation,19.9,79
USG03885,CUST0344,2024-06-03,API Access,1.7,70
USG03886,CUST0029,2023-07-07,Notifications,3.7,42
USG03887,CUST0159,2024-08-24,Dashboard,0.4,27
USG03888,CUST0257,2024-07-10,Reporting,11.9,8
USG03889,CUST0364,2022-01-21,Dashboard,19.4,45
USG03890,CUST0417,2025-09-14,API Access,0.3,14
USG03891,CUST0159,2024-07-12,Bulk Import,15.6,8
USG03892,CUST0027,2023-01-19,Audit Logs,16.8,34
USG03893,CUST0112,2022-09-26,API Access,7.6,34
USG03894,CUST0337,2023-02-18,Automation,5.4,22
USG03895,CUST0073,2023-03-08,Integrations,18.6,11
USG03896,CUST0395,2025-10-18,User Management,4.0,1
USG03897,CUST0110,2024-11-21,Automation,5.1,3
USG03898,CUST0173,2025-07-12,Reporting,4.9,18
USG03899,CUST0476,2024-05-15,Audit Logs,0.3,33
USG03900,CUST0258,2025-10-11,Notifications,53.2,34
USG03901,CUST0234,2025-09-02,Automation,0.2,66
USG03902,CUST0079,2022-03-04,Notifications,43.2,72
USG03903,CUST0009,2025-02-17,Notifications,9.8,49
USG03904,CUST0375,2023-09-17,API Access,4.2,26
USG03905,CUST0229,2025-08-25,Automation,23.5,45
USG03906,CUST0062,2024-07-31,Bulk Import,6.3,59
USG03907,CUST0028,2022-05-23,Reporting,12.7,6
USG03908,CUST0159,2024-03-27,Reporting,4.1,28
USG03909,CUST0375,2023-10-31,Dashboard,9.9,41
USG03910,CUST0047,2023-05-14,API Access,1.8,15
USG03911,CUST0309,2025-09-14,Notifications,14.6,37
USG03912,CUST0474,2023-12-26,Notifications,17.7,31
USG03913,CUST0322,2022-12-11,API Access,39.4,31
USG03914,CUST0009,2023-07-02,Integrations,29.6,1
USG03915,CUST0130,2023-04-29,Integrations,46.6,52
USG03916,CUST0349,2025-05-31,Integrations,51.6,58
USG03917,CUST0105,2024-11-25,Notifications,0.5,24
USG03918,CUST0479,2022-01-29,Dashboard,15.9,63
USG03919,CUST0256,2022-05-23,Dashboard,27.2,73
USG03920,CUST0187,2025-07-15,User Management,74.2,74
USG03921,CUST0198,2025-03-24,Analytics,7.8,60
USG03922,CUST0301,2025-02-15,Audit Logs,45.2,49
USG03923,CUST0219,2023-12-28,Audit Logs,64.6,68
USG03924,CUST0036,2024-06-23,Reporting,4.3,5
USG03925,CUST0175,2025-04-29,Integrations,27.6,38
USG03926,CUST0234,2022-12-08,Reporting,4.3,38
USG03927,CUST0141,2023-03-22,Integrations,1.8,32
USG03928,CUST0335,2023-04-17,Dashboard,38.8,7
USG03929,CUST0229,2022-12-06,Audit Logs,7.2,1
USG03930,CUST0152,2022-09-22,Audit Logs,4.0,1
USG03931,CUST0460,2024-10-28,Notifications,18.5,4
USG03932,CUST0132,2024-07-16,API Access,3.0,3
USG03933,CUST0280,2022-12-19,API Access,8.0,77
USG03934,CUST0169,2024-11-13,Analytics,0.1,21
USG03935,CUST0176,2025-07-30,Reporting,5.6,68
USG03936,CUST0375,2023-09-10,Automation,12.2,32
USG03937,CUST0005,2023-04-12,API Access,17.2,17
USG03938,CUST0424,2024-04-27,Automation,0.3,76
USG03939,CUST0485,2024-09-30,Analytics,26.0,24
USG03940,CUST0254,2024-07-26,Automation,16.8,50
USG03941,CUST0379,2023-06-14,Bulk Import,14.3,30
USG03942,CUST0430,2022-07-13,User Management,2.8,2
USG03943,CUST0182,2024-10-18,API Access,26.9,79
USG03944,CUST0426,2022-05-09,User Management,5.1,39
USG03945,CUST0020,2023-04-26,Audit Logs,13.5,61
USG03946,CUST0090,2023-09-25,Integrations,61.5,48
USG03947,CUST0189,2023-02-18,Notifications,2.0,76
USG03948,CUST0202,2023-01-19,Bulk Import,39.1,2
USG03949,CUST0217,2025-11-30,Bulk Import,25.9,65
USG03950,CUST0289,2025-10-10,Automation,12.5,24
USG03951,CUST0035,2023-11-19,Integrations,1.3,7
USG03952,CUST0040,2023-08-11,Reporting,9.3,71
USG03953,CUST0350,2025-12-04,API Access,22.2,48
USG03954,CUST0272,2024-04-10,User Management,14.0,62
USG03955,CUST0265,2023-01-21,Integrations,48.2,67
USG03956,CUST0362,2023-05-05,Audit Logs,8.2,6
USG03957,CUST0127,2025-01-27,Bulk Import,14.3,36
USG03958,CUST0127,2023-04-20,API Access,17.3,2
USG03959,CUST0105,2022-05-22,Analytics,15.4,6
USG03960,CUST0372,2025-02-04,Reporting,4.6,50
USG03961,CUST0162,2025-12-28,Analytics,35.5,19
USG03962,CUST0216,2023-08-12,Analytics,26.5,55
USG03963,CUST0258,2024-04-22,Reporting,8.2,63
USG03964,CUST0033,2022-09-20,Automation,7.4,45
USG03965,CUST0297,2024-09-09,Integrations,11.1,71
USG03966,CUST0233,2025-05-03,Integrations,11.3,46
USG03967,CUST0459,2023-06-28,User Management,8.5,58
USG03968,CUST0176,2023-04-09,Analytics,1.0,65
USG03969,CUST0227,2023-08-19,Notifications,23.8,1
USG03970,CUST0328,2025-11-26,Notifications,6.6,78
USG03971,CUST0147,2025-11-01,Integrations,8.8,20
USG03972,CUST0004,2024-07-21,Dashboard,0.4,58
USG03973,CUST0169,2022-08-09,Dashboard,10.1,38
USG03974,CUST0400,2022-10-24,Automation,2.8,46
USG03975,CUST0055,2024-11-07,Analytics,14.9,66
USG03976,CUST0415,2022-05-07,Bulk Import,13.8,13
USG03977,CUST0226,2023-09-08,Bulk Import,18.2,40
USG03978,CUST0304,2023-11-05,User Management,1.4,9
USG03979,CUST0141,2022-12-24,Integrations,16.4,8
USG03980,CUST0331,2025-06-24,Reporting,5.2,72
USG03981,CUST0141,2022-09-03,Notifications,22.4,80
USG03982,CUST0244,2022-10-23,Reporting,14.7,56
USG03983,CUST0344,2022-10-21,Automation,28.8,75
USG03984,CUST0317,2023-10-24,Analytics,22.9,53
USG03985,CUST0103,2025-04-12,User Management,20.8,72
USG03986,CUST0312,2024-07-10,Bulk Import,11.5,68
USG03987,CUST0271,2025-04-22,Notifications,46.8,11
USG03988,CUST0187,2025-06-24,Notifications,21.4,37
USG03989,CUST0113,2022-08-21,Bulk Import,23.7,3
USG03990,CUST0402,2023-02-12,Automation,11.7,69
USG03991,CUST0280,2023-06-20,Notifications,3.0,53
USG03992,CUST0184,2024-06-25,Automation,3.2,50
USG03993,CUST0155,2022-08-13,Automation,9.7,44
USG03994,CUST0440,2025-06-14,Automation,9.2,7
USG03995,CUST0377,2024-03-13,Integrations,0.8,23
USG03996,CUST0429,2025-01-08,Integrations,53.7,4
USG03997,CUST0376,2025-07-12,Audit Logs,79.5,42
USG03998,CUST0105,2024-04-16,Integrations,24.3,36
USG03999,CUST0070,2023-05-19,Integrations,5.9,77
USG04000,CUST0392,2022-08-11,Integrations,4.9,10
USG04001,CUST0226,2025-10-31,Reporting,5.7,11
USG04002,CUST0244,2024-12-02,Integrations,7.6,33
USG04003,CUST0443,2023-12-02,Reporting,5.2,40
USG04004,CUST0173,2022-10-31,API Access,1.1,68
USG04005,CUST0399,2024-02-22,Audit Logs,41.4,76
USG04006,CUST0099,2022-03-15,API Access,1.3,25
USG04007,CUST0197,2022-06-03,API Access,16.1,80
USG04008,CUST0202,2025-09-08,Integrations,22.8,70
USG04009,CUST0148,2025-04-02,User Management,3.0,32
USG04010,CUST0274,2022-10-05,Notifications,1.1,2
USG04011,CUST0346,2025-08-18,Reporting,5.8,62
USG04012,CUST0310,2022-10-20,Automation,9.1,79
USG04013,CUST0082,2025-08-10,Dashboard,4.8,17
USG04014,CUST0244,2023-01-09,Automation,6.0,59
USG04015,CUST0435,2024-07-25,Audit Logs,61.3,20
USG04016,CUST0177,2022-06-13,Reporting,11.0,5
USG04017,CUST0288,2023-08-13,API Access,35.4,51
USG04018,CUST0009,2022-02-19,Reporting,3.1,61
USG04019,CUST0296,2024-09-12,Integrations,33.0,73
USG04020,CUST0054,2023-08-14,Dashboard,3.1,5
USG04021,CUST0014,2025-03-23,User Management,3.9,12
USG04022,CUST0272,2022-08-28,Reporting,25.5,78
USG04023,CUST0249,2025-06-19,Notifications,2.4,67
USG04024,CUST0248,2023-01-10,API Access,40.3,52
USG04025,CUST0085,2022-07-05,API Access,9.4,55
USG04026,CUST0432,2024-03-27,User Management,79.2,50
USG04027,CUST0004,2023-11-24,Dashboard,6.0,42
USG04028,CUST0297,2024-03-03,Dashboard,26.1,54
USG04029,CUST0406,2022-11-24,Bulk Import,7.8,50
USG04030,CUST0492,2025-07-17,Notifications,30.9,78
USG04031,CUST0132,2025-07-12,Reporting,13.5,61
USG04032,CUST0452,2022-05-31,Automation,44.4,53
USG04033,CUST0184,2023-08-15,Automation,64.2,30
USG04034,CUST0192,2022-08-29,Reporting,21.4,63
USG04035,CUST0154,2024-06-13,User Management,6.9,62
USG04036,CUST0342,2024-12-18,Automation,40.9,74
USG04037,CUST0154,2025-03-06,Dashboard,5.9,75
USG04038,CUST0370,2022-07-03,Dashboard,4.9,27
USG04039,CUST0177,2024-08-30,Audit Logs,16.9,52
USG04040,CUST0055,2024-11-17,API Access,22.7,21
USG04041,CUST0487,2024-03-27,Notifications,1.0,55
USG04042,CUST0204,2022-01-13,Audit Logs,4.2,4
USG04043,CUST0094,2023-10-18,Notifications,10.4,12
USG04044,CUST0230,2022-01-26,Analytics,15.9,20
USG04045,CUST0306,2022-03-31,API Access,6.0,72
USG04046,CUST0323,2023-12-13,Notifications,5.9,72
USG04047,CUST0397,2025-09-15,API Access,2.0,40
USG04048,CUST0211,2023-08-18,Reporting,5.0,68
USG04049,CUST0406,2022-09-23,API Access,14.0,24
USG04050,CUST0117,2025-09-15,API Access,7.6,51
USG04051,CUST0181,2023-02-26,Automation,13.8,8
USG04052,CUST0487,2024-02-25,Reporting,12.3,80
USG04053,CUST0476,2025-02-28,Dashboard,6.0,27
USG04054,CUST0417,2022-06-27,Dashboard,0.2,28
USG04055,CUST0082,2023-10-08,Audit Logs,18.0,46
USG04056,CUST0020,2024-04-05,Reporting,5.3,34
USG04057,CUST0403,2024-11-02,Notifications,2.2,56
USG04058,CUST0473,2024-09-12,Automation,93.0,29
USG04059,CUST0433,2022-08-07,Dashboard,16.5,7
USG04060,CUST0033,2022-08-09,Reporting,5.9,68
USG04061,CUST0477,2022-08-28,Analytics,14.6,3
USG04062,CUST0455,2024-11-13,Audit Logs,5.9,80
USG04063,CUST0154,2024-12-02,Automation,20.0,33
USG04064,CUST0370,2025-05-17,Dashboard,17.8,54
USG04065,CUST0002,2022-01-29,Audit Logs,10.0,29
USG04066,CUST0359,2024-11-30,Integrations,45.4,19
USG04067,CUST0069,2023-03-06,Bulk Import,17.9,22
USG04068,CUST0142,2024-02-05,Automation,11.0,42
USG04069,CUST0063,2022-10-06,Notifications,21.2,43
USG04070,CUST0484,2025-07-30,API Access,0.5,9
USG04071,CUST0431,2025-07-13,Bulk Import,10.6,6
USG04072,CUST0319,2024-04-02,API Access,36.1,57
USG04073,CUST0387,2024-09-24,Notifications,14.2,65
USG04074,CUST0369,2023-01-24,Dashboard,12.9,33
USG04075,CUST0251,2024-10-26,Automation,16.6,17
USG04076,CUST0001,2022-03-22,Analytics,21.9,28
USG04077,CUST0102,2023-11-17,Analytics,12.8,70
USG04078,CUST0495,2023-12-26,Notifications,6.7,76
USG04079,CUST0175,2023-05-12,Analytics,11.3,3
USG04080,CUST0336,2022-05-15,Audit Logs,21.7,64
USG04081,CUST0389,2022-01-17,Dashboard,4.4,10
USG04082,CUST0244,2023-09-04,Dashboard,5.4,72
USG04083,CUST0421,2022-06-30,API Access,34.2,9
USG04084,CUST0274,2022-01-13,Dashboard,25.1,69
USG04085,CUST0165,2025-10-04,Automation,6.5,70
USG04086,CUST0249,2025-02-10,User Management,27.8,43
USG04087,CUST0255,2022-05-21,User Management,44.5,9
USG04088,CUST0498,2024-06-23,Bulk Import,6.5,58
USG04089,CUST0305,2022-07-20,Bulk Import,24.6,26
USG04090,CUST0148,2024-01-06,Notifications,20.5,66
USG04091,CUST0459,2025-12-05,Analytics,16.3,30
USG04092,CUST0016,2024-01-20,Integrations,5.4,53
USG04093,CUST0174,2025-04-29,Automation,25.4,55
USG04094,CUST0042,2023-01-12,API Access,15.3,75
USG04095,CUST0016,2025-10-26,Dashboard,1.3,31
USG04096,CUST0393,2023-10-03,Bulk Import,15.4,11
USG04097,CUST0101,2024-11-08,User Management,4.8,24
USG04098,CUST0222,2023-09-22,API Access,12.3,40
USG04099,CUST0264,2023-10-01,Integrations,6.8,46
USG04100,CUST0499,2022-11-19,Integrations,14.7,75
USG04101,CUST0259,2025-04-11,Automation,37.4,65
USG04102,CUST0121,2022-04-11,Analytics,3.0,49
USG04103,CUST0429,2023-12-11,Integrations,1.9,6
USG04104,CUST0028,2024-07-25,Automation,7.4,5
USG04105,CUST0058,2023-01-11,API Access,34.0,60
USG04106,CUST0017,2023-09-16,User Management,28.8,11
USG04107,CUST0221,2024-11-09,Integrations,2.9,27
USG04108,CUST0221,2022-02-07,Integrations,38.2,79
USG04109,CUST0252,2024-12-05,Bulk Import,8.2,42
USG04110,CUST0366,2023-03-04,Audit Logs,33.7,78
USG04111,CUST0381,2022-12-11,Analytics,0.1,46
USG04112,CUST0276,2022-10-05,Analytics,3.1,48
USG04113,CUST0218,2025-04-16,Audit Logs,2.1,31
USG04114,CUST0286,2023-10-11,Automation,28.1,47
USG04115,CUST0428,2023-10-15,Analytics,16.6,16
USG04116,CUST0364,2022-11-28,Dashboard,11.5,32
USG04117,CUST0338,2024-09-22,Audit Logs,14.7,65
USG04118,CUST0476,2023-02-21,Notifications,3.9,29
USG04119,CUST0362,2022-04-09,Reporting,7.6,24
USG04120,CUST0369,2024-09-16,Automation,11.4,70
USG04121,CUST0218,2022-07-10,Reporting,13.6,36
USG04122,CUST0424,2024-12-29,Audit Logs,34.4,46
USG04123,CUST0115,2022-07-26,Bulk Import,34.1,38
USG04124,CUST0041,2022-02-16,Dashboard,34.2,22
USG04125,CUST0265,2023-10-21,Bulk Import,11.0,20
USG04126,CUST0252,2024-08-07,Automation,67.3,28
USG04127,CUST0016,2022-11-17,Dashboard,56.4,58
USG04128,CUST0173,2023-05-19,API Access,6.5,47
USG04129,CUST0010,2023-02-16,User Management,27.1,1
USG04130,CUST0231,2022-07-16,Analytics,5.9,59
USG04131,CUST0422,2024-01-10,Dashboard,30.9,54
USG04132,CUST0412,2025-07-02,Automation,4.0,9
USG04133,CUST0490,2024-02-19,API Access,12.7,41
USG04134,CUST0055,2022-09-25,Reporting,30.2,37
USG04135,CUST0314,2023-06-17,Bulk Import,40.3,73
USG04136,CUST0239,2025-09-28,Automation,3.4,22
USG04137,CUST0329,2022-02-15,Analytics,49.0,9
USG04138,CUST0274,2025-11-02,API Access,35.4,11
USG04139,CUST0476,2022-06-11,Notifications,11.9,66
USG04140,CUST0108,2025-03-01,API Access,0.4,39
USG04141,CUST0365,2025-12-06,Dashboard,0.2,52
USG04142,CUST0144,2023-10-23,Dashboard,1.4,58
USG04143,CUST0247,2023-11-14,Audit Logs,1.5,37
USG04144,CUST0232,2025-08-13,Audit Logs,0.7,77
USG04145,CUST0403,2023-02-12,Audit Logs,27.7,29
USG04146,CUST0318,2022-02-05,User Management,18.5,63
USG04147,CUST0013,2025-07-14,Dashboard,9.8,7
USG04148,CUST0129,2024-10-06,Audit Logs,8.6,42
USG04149,CUST0099,2023-02-26,Audit Logs,33.7,72
USG04150,CUST0194,2022-05-25,Reporting,3.1,42
USG04151,CUST0471,2022-11-22,Integrations,44.5,11
USG04152,CUST0404,2025-05-09,Bulk Import,10.7,2
USG04153,CUST0085,2022-11-16,User Management,20.8,35
USG04154,CUST0266,2024-03-21,Audit Logs,51.4,11
USG04155,CUST0171,2022-01-30,Automation,5.5,70
USG04156,CUST0049,2025-05-25,Notifications,13.2,29
USG04157,CUST0093,2022-04-01,Integrations,66.3,59
USG04158,CUST0004,2023-05-11,Audit Logs,5.0,78
USG04159,CUST0111,2022-08-26,Audit Logs,1.9,49
USG04160,CUST0272,2023-10-08,Audit Logs,5.9,70
USG04161,CUST0017,2022-10-03,Dashboard,15.5,41
USG04162,CUST0226,2024-10-10,Audit Logs,7.3,51
USG04163,CUST0046,2022-11-18,API Access,1.1,77
USG04164,CUST0153,2025-07-27,Automation,27.9,3
USG04165,CUST0114,2024-05-05,Bulk Import,3.7,19
USG04166,CUST0009,2023-03-16,Bulk Import,6.0,21
USG04167,CUST0432,2023-02-28,User Management,15.3,66
USG04168,CUST0247,2024-07-04,API Access,36.2,29
USG04169,CUST0112,2024-02-11,Reporting,67.5,27
USG04170,CUST0427,2022-08-20,Reporting,13.4,23
USG04171,CUST0005,2023-10-17,Dashboard,20.1,48
USG04172,CUST0218,2023-10-16,Reporting,5.0,73
USG04173,CUST0168,2025-04-16,Audit Logs,9.0,23
USG04174,CUST0482,2023-01-04,Analytics,6.2,79
USG04175,CUST0392,2024-10-03,Dashboard,11.6,28
USG04176,CUST0230,2024-02-13,Integrations,1.3,46
USG04177,CUST0257,2024-09-20,User Management,3.0,15
USG04178,CUST0313,2022-07-30,Audit Logs,38.4,63
USG04179,CUST0276,2025-03-07,User Management,2.2,73
USG04180,CUST0132,2023-05-29,API Access,5.5,74
USG04181,CUST0040,2023-10-22,User Management,22.8,64
USG04182,CUST0412,2022-10-28,Audit Logs,2.9,8
USG04183,CUST0031,2024-10-24,Bulk Import,8.8,55
USG04184,CUST0315,2025-09-13,Reporting,36.2,57
USG04185,CUST0327,2022-01-28,Notifications,5.7,71
USG04186,CUST0481,2022-01-26,Dashboard,9.7,71
USG04187,CUST0028,2022-03-08,Automation,2.2,48
USG04188,CUST0336,2024-08-09,Notifications,35.4,41
USG04189,CUST0146,2024-04-21,Automation,8.2,21
USG04190,CUST0494,2023-07-28,User Management,63.1,46
USG04191,CUST0368,2022-03-01,Notifications,10.3,42
USG04192,CUST0241,2024-12-17,Bulk Import,15.5,41
USG04193,CUST0218,2025-06-30,Automation,17.5,75
USG04194,CUST0365,2024-01-13,Reporting,35.7,18
USG04195,CUST0248,2024-10-21,Dashboard,12.4,38
USG04196,CUST0112,2022-08-22,Integrations,0.0,25
USG04197,CUST0486,2024-08-18,Automation,28.8,2
USG04198,CUST0008,2023-09-11,API Access,3.7,31
USG04199,CUST0137,2022-09-26,Audit Logs,2.1,37
USG04200,CUST0105,2022-03-11,User Management,25.1,63
USG04201,CUST0466,2025-03-18,API Access,4.5,38
USG04202,CUST0154,2024-09-17,Reporting,21.1,39
USG04203,CUST0319,2022-01-24,Audit Logs,0.5,43
USG04204,CUST0085,2023-07-06,Audit Logs,0.9,27
USG04205,CUST0173,2023-04-22,Reporting,5.1,25
USG04206,CUST0345,2022-03-14,API Access,21.5,19
USG04207,CUST0134,2022-04-18,Notifications,4.0,10
USG04208,CUST0282,2025-10-08,Analytics,12.1,53
USG04209,CUST0069,2023-05-03,Bulk Import,33.8,46
USG04210,CUST0415,2024-04-09,Automation,52.9,13
USG04211,CUST0102,2022-06-08,Bulk Import,1.0,5
USG04212,CUST0470,2025-10-07,Automation,13.4,75
USG04213,CUST0175,2023-07-17,Integrations,9.1,37
USG04214,CUST0005,2023-12-27,User Management,25.4,46
USG04215,CUST0294,2023-11-13,Analytics,17.5,29
USG04216,CUST0498,2022-11-17,Integrations,16.9,75
USG04217,CUST0056,2025-01-26,Reporting,3.2,1
USG04218,CUST0482,2022-05-20,Audit Logs,120.0,60
USG04219,CUST0368,2022-02-28,Reporting,15.4,68
USG04220,CUST0148,2024-09-25,Notifications,18.7,15
USG04221,CUST0353,2023-11-20,Analytics,12.3,43
USG04222,CUST0439,2025-02-22,Notifications,30.5,56
USG04223,CUST0093,2022-06-14,Notifications,12.1,37
USG04224,CUST0492,2023-06-13,User Management,2.1,49
USG04225,CUST0281,2023-08-09,Automation,53.0,62
USG04226,CUST0354,2023-11-19,Audit Logs,13.5,38
USG04227,CUST0418,2022-06-02,Automation,2.8,69
USG04228,CUST0212,2022-08-27,Bulk Import,59.6,13
USG04229,CUST0447,2025-06-15,API Access,7.8,35
USG04230,CUST0047,2023-10-11,Notifications,47.5,42
USG04231,CUST0128,2023-06-24,Dashboard,29.2,14
USG04232,CUST0089,2023-09-16,Audit Logs,1.6,14
USG04233,CUST0029,2024-06-02,API Access,2.8,40
USG04234,CUST0044,2023-06-22,API Access,10.2,42
USG04235,CUST0222,2023-03-09,Reporting,18.1,74
USG04236,CUST0044,2024-12-17,Integrations,9.9,13
USG04237,CUST0117,2025-04-16,User Management,10.8,74
USG04238,CUST0461,2024-04-10,Automation,3.9,5
USG04239,CUST0368,2022-03-10,Audit Logs,7.7,9
USG04240,CUST0173,2025-10-30,Audit Logs,35.9,11
USG04241,CUST0063,2023-01-13,Integrations,3.1,56
USG04242,CUST0077,2025-02-06,User Management,27.2,45
USG04243,CUST0089,2022-06-28,Bulk Import,25.0,61
USG04244,CUST0082,2023-01-07,Integrations,4.9,72
USG04245,CUST0255,2023-03-19,Reporting,52.4,28
USG04246,CUST0133,2024-09-15,API Access,12.2,26
USG04247,CUST0230,2022-02-28,Audit Logs,10.5,16
USG04248,CUST0131,2025-01-01,Reporting,5.6,69
USG04249,CUST0291,2023-04-14,Analytics,2.8,57
USG04250,CUST0440,2023-07-01,Bulk Import,33.5,14
USG04251,CUST0436,2023-01-24,Reporting,11.7,71
USG04252,CUST0329,2023-10-06,Integrations,16.2,56
USG04253,CUST0229,2024-11-07,User Management,19.2,50
USG04254,CUST0427,2022-09-12,Audit Logs,3.0,9
USG04255,CUST0380,2025-09-24,API Access,20.9,52
USG04256,CUST0272,2022-11-01,Notifications,21.8,37
USG04257,CUST0121,2025-06-07,Dashboard,31.8,7
USG04258,CUST0177,2022-09-02,Analytics,2.3,18
USG04259,CUST0402,2022-08-10,Reporting,52.4,63
USG04260,CUST0024,2022-02-11,User Management,22.4,64
USG04261,CUST0422,2025-09-09,Notifications,4.7,39
USG04262,CUST0401,2024-02-05,Integrations,2.3,60
USG04263,CUST0130,2022-09-20,Dashboard,12.5,31
USG04264,CUST0443,2024-09-16,Dashboard,17.8,54
USG04265,CUST0063,2022-09-13,Analytics,2.5,41
USG04266,CUST0403,2022-05-14,Dashboard,32.0,58
USG04267,CUST0374,2025-04-06,Analytics,19.2,64
USG04268,CUST0337,2023-06-09,Reporting,20.9,50
USG04269,CUST0488,2022-04-15,Analytics,5.6,44
USG04270,CUST0329,2025-10-24,Bulk Import,14.0,37
USG04271,CUST0209,2023-10-02,User Management,19.7,37
USG04272,CUST0265,2023-07-13,Audit Logs,24.7,66
USG04273,CUST0316,2023-12-27,Automation,12.6,72
USG04274,CUST0485,2023-08-23,API Access,2.0,54
USG04275,CUST0256,2022-12-30,Notifications,40.0,54
USG04276,CUST0430,2024-06-29,Automation,53.3,44
USG04277,CUST0291,2023-10-10,User Management,1.7,60
USG04278,CUST0268,2023-03-12,Integrations,1.7,20
USG04279,CUST0299,2025-01-08,Reporting,14.5,67
USG04280,CUST0293,2024-03-11,Automation,6.4,68
USG04281,CUST0058,2024-05-03,Audit Logs,12.2,63
USG04282,CUST0050,2023-08-15,API Access,19.0,49
USG04283,CUST0397,2025-02-09,Integrations,10.3,31
USG04284,CUST0236,2023-09-15,Integrations,4.2,79
USG04285,CUST0144,2024-11-30,Notifications,0.2,3
USG04286,CUST0257,2023-12-17,Reporting,28.6,51
USG04287,CUST0142,2022-12-27,API Access,13.8,52
USG04288,CUST0090,2023-01-12,Reporting,1.2,33
USG04289,CUST0008,2025-01-28,User Management,60.5,65
USG04290,CUST0367,2022-11-14,Analytics,2.2,40
USG04291,CUST0367,2022-12-15,Reporting,26.3,49
USG04292,CUST0417,2024-08-25,API Access,10.9,25
USG04293,CUST0189,2025-12-23,Integrations,67.6,4
USG04294,CUST0327,2022-08-20,Audit Logs,28.0,56
USG04295,CUST0430,2023-12-09,Integrations,17.1,61
USG04296,CUST0198,2025-01-10,Dashboard,3.3,25
USG04297,CUST0182,2024-01-05,Integrations,4.9,67
USG04298,CUST0499,2025-10-27,API Access,16.4,31
USG04299,CUST0230,2023-03-16,Bulk Import,6.6,8
USG04300,CUST0350,2025-04-09,Reporting,9.0,79
USG04301,CUST0410,2022-09-11,API Access,7.1,56
USG04302,CUST0079,2025-05-31,Analytics,25.1,7
USG04303,CUST0220,2023-09-29,Notifications,18.7,15
USG04304,CUST0302,2022-01-14,User Management,3.7,18
USG04305,CUST0249,2025-02-13,User Management,9.0,67
USG04306,CUST0428,2025-04-05,Automation,4.0,44
USG04307,CUST0373,2024-07-06,Analytics,14.3,47
USG04308,CUST0154,2023-07-10,Audit Logs,17.2,35
USG04309,CUST0016,2023-07-08,Notifications,11.2,19
USG04310,CUST0367,2024-07-16,Integrations,12.9,80
USG04311,CUST0326,2024-10-15,Notifications,24.6,10
USG04312,CUST0233,2022-02-19,User Management,28.4,33
USG04313,CUST0042,2024-10-15,Audit Logs,14.0,61
USG04314,CUST0185,2022-08-14,Bulk Import,68.0,68
USG04315,CUST0260,2023-12-05,Integrations,5.7,47
USG04316,CUST0122,2022-08-23,Analytics,6.2,22
USG04317,CUST0022,2025-11-19,Reporting,2.1,67
USG04318,CUST0041,2022-12-12,Audit Logs,7.1,72
USG04319,CUST0418,2023-10-15,Integrations,1.6,11
USG04320,CUST0024,2022-08-19,API Access,15.5,40
USG04321,CUST0210,2023-05-19,Automation,5.1,14
USG04322,CUST0160,2024-08-26,Audit Logs,20.0,33
USG04323,CUST0114,2024-05-10,Audit Logs,42.9,13
USG04324,CUST0365,2022-02-23,Analytics,17.5,7
USG04325,CUST0078,2023-11-07,Automation,42.9,60
USG04326,CUST0047,2022-09-10,Audit Logs,18.1,49
USG04327,CUST0179,2025-06-03,Bulk Import,29.6,53
USG04328,CUST0139,2022-05-09,User Management,18.4,28
USG04329,CUST0318,2024-05-30,Integrations,15.1,74
USG04330,CUST0044,2023-10-02,API Access,3.6,76
USG04331,CUST0028,2025-04-08,Integrations,9.1,16
USG04332,CUST0148,2023-10-16,Bulk Import,27.5,36
USG04333,CUST0008,2024-10-09,Analytics,29.9,65
USG04334,CUST0463,2023-05-22,Dashboard,10.4,43
USG04335,CUST0368,2024-05-10,Dashboard,0.3,63
USG04336,CUST0460,2025-12-15,User Management,1.1,61
USG04337,CUST0213,2024-06-14,Bulk Import,7.8,49
USG04338,CUST0216,2025-05-02,Integrations,6.8,44
USG04339,CUST0457,2023-04-18,Automation,5.3,65
USG04340,CUST0300,2023-10-16,User Management,9.4,8
USG04341,CUST0003,2022-12-29,Dashboard,19.7,57
USG04342,CUST0328,2024-03-09,API Access,4.0,64
USG04343,CUST0362,2024-02-05,Audit Logs,7.4,54
USG04344,CUST0104,2025-10-06,Notifications,5.5,28
USG04345,CUST0183,2025-09-11,Reporting,40.4,20
USG04346,CUST0423,2023-05-08,User Management,31.0,31
USG04347,CUST0005,2024-08-21,Dashboard,5.0,44
USG04348,CUST0148,2025-06-09,Analytics,12.9,62
USG04349,CUST0277,2025-05-07,Reporting,8.7,78
USG04350,CUST0080,2025-06-27,User Management,8.6,78
USG04351,CUST0182,2022-09-19,Notifications,8.9,12
USG04352,CUST0297,2023-03-22,Audit Logs,12.5,68
USG04353,CUST0080,2022-09-04,Notifications,3.0,20
USG04354,CUST0263,2022-12-24,API Access,11.8,67
USG04355,CUST0091,2023-12-17,Automation,3.6,56
USG04356,CUST0001,2025-07-28,Analytics,34.8,78
USG04357,CUST0403,2025-07-05,Bulk Import,0.1,43
USG04358,CUST0272,2022-12-19,Dashboard,26.8,1
USG04359,CUST0483,2025-05-25,Automation,17.0,51
USG04360,CUST0043,2025-12-15,Notifications,14.3,34
USG04361,CUST0457,2023-03-16,API Access,26.3,1
USG04362,CUST0314,2024-09-24,Notifications,3.6,27
USG04363,CUST0359,2022-10-02,Dashboard,11.0,10
USG04364,CUST0087,2023-09-07,Bulk Import,26.8,44
USG04365,CUST0474,2025-04-25,Analytics,22.1,72
USG04366,CUST0086,2023-05-14,Integrations,1.1,21
USG04367,CUST0205,2022-07-22,Notifications,4.5,21
USG04368,CUST0435,2023-10-16,Audit Logs,21.0,42
USG04369,CUST0170,2023-09-24,Automation,50.4,19
USG04370,CUST0205,2024-04-15,Notifications,5.2,1
USG04371,CUST0312,2023-08-15,Dashboard,74.9,32
USG04372,CUST0348,2022-07-26,User Management,1.3,75
USG04373,CUST0295,2024-08-14,Automation,9.8,7
USG04374,CUST0333,2024-04-24,Automation,5.5,48
USG04375,CUST0470,2022-06-12,Automation,0.7,45
USG04376,CUST0362,2023-04-23,Audit Logs,8.4,24
USG04377,CUST0351,2025-03-03,Reporting,12.8,30
USG04378,CUST0174,2022-09-10,Analytics,12.0,54
USG04379,CUST0483,2025-05-09,Audit Logs,9.7,71
USG04380,CUST0051,2024-08-16,API Access,6.6,12
USG04381,CUST0227,2022-09-22,Automation,4.5,20
USG04382,CUST0045,2023-10-08,Analytics,0.9,28
USG04383,CUST0052,2022-12-11,User Management,38.6,64
USG04384,CUST0241,2024-03-22,Bulk Import,51.9,62
USG04385,CUST0460,2022-09-29,Notifications,1.6,45
USG04386,CUST0276,2022-05-27,Automation,11.3,27
USG04387,CUST0095,2025-12-26,Audit Logs,10.8,77
USG04388,CUST0354,2025-01-15,Dashboard,14.7,65
USG04389,CUST0002,2023-08-17,Reporting,11.0,54
USG04390,CUST0495,2024-08-23,Audit Logs,18.9,29
USG04391,CUST0487,2023-03-18,Analytics,16.3,74
USG04392,CUST0235,2025-05-03,Audit Logs,19.6,63
USG04393,CUST0146,2022-09-26,Dashboard,4.2,41
USG04394,CUST0125,2022-05-07,User Management,14.0,13
USG04395,CUST0091,2023-06-16,Analytics,13.5,12
USG04396,CUST0191,2024-12-29,Audit Logs,23.3,30
USG04397,CUST0192,2023-03-10,Bulk Import,10.1,37
USG04398,CUST0455,2023-03-17,API Access,21.4,18
USG04399,CUST0152,2025-05-28,Automation,12.0,15
USG04400,CUST0031,2023-07-25,Reporting,11.3,24
USG04401,CUST0236,2025-02-12,API Access,32.7,14
USG04402,CUST0329,2023-05-27,Dashboard,49.8,10
USG04403,CUST0321,2022-03-27,User Management,0.5,79
USG04404,CUST0090,2025-09-08,Analytics,2.5,15
USG04405,CUST0413,2025-02-12,Dashboard,10.3,5
USG04406,CUST0220,2024-10-28,Audit Logs,1.5,39
USG04407,CUST0019,2022-10-29,Reporting,16.9,74
USG04408,CUST0242,2022-12-14,Dashboard,8.5,33
USG04409,CUST0408,2022-05-11,Bulk Import,6.8,3
USG04410,CUST0054,2024-05-03,Analytics,23.7,11
USG04411,CUST0264,2022-02-07,Audit Logs,17.1,64
USG04412,CUST0149,2023-11-08,Analytics,13.5,12
USG04413,CUST0057,2023-04-14,User Management,4.5,44
USG04414,CUST0176,2023-01-12,Audit Logs,4.5,13
USG04415,CUST0205,2023-04-21,Audit Logs,2.6,67
USG04416,CUST0018,2022-11-17,Automation,8.2,79
USG04417,CUST0296,2023-05-12,User Management,39.9,62
USG04418,CUST0263,2022-12-09,Analytics,3.3,35
USG04419,CUST0278,2022-08-02,Audit Logs,25.9,30
USG04420,CUST0451,2024-05-11,API Access,40.0,22
USG04421,CUST0344,2024-06-24,Automation,0.1,61
USG04422,CUST0094,2025-10-15,User Management,37.8,30
USG04423,CUST0310,2024-12-11,Dashboard,0.2,22
USG04424,CUST0043,2023-12-29,User Management,0.2,35
USG04425,CUST0367,2025-07-11,Analytics,19.9,59
USG04426,CUST0328,2022-05-13,Notifications,2.8,64
USG04427,CUST0385,2023-10-04,Automation,3.1,15
USG04428,CUST0482,2023-02-21,Analytics,7.1,43
USG04429,CUST0338,2023-06-14,Reporting,5.4,26
USG04430,CUST0003,2022-05-29,API Access,17.3,28
USG04431,CUST0402,2023-01-09,User Management,53.6,31
USG04432,CUST0035,2022-12-03,Integrations,58.3,65
USG04433,CUST0176,2023-09-26,Automation,8.8,39
USG04434,CUST0291,2024-05-19,Automation,0.4,6
USG04435,CUST0299,2025-03-15,API Access,14.3,37
USG04436,CUST0191,2023-07-09,Dashboard,46.2,53
USG04437,CUST0280,2023-09-10,User Management,9.4,48
USG04438,CUST0051,2024-08-06,Reporting,12.0,74
USG04439,CUST0116,2023-04-20,Dashboard,0.2,18
USG04440,CUST0412,2023-02-20,User Management,15.5,17
USG04441,CUST0380,2023-07-01,User Management,7.3,6
USG04442,CUST0372,2025-08-13,Integrations,30.6,66
USG04443,CUST0110,2025-01-20,Dashboard,3.9,63
USG04444,CUST0457,2025-11-02,User Management,5.6,7
USG04445,CUST0007,2022-01-08,API Access,10.2,74
USG04446,CUST0409,2024-08-28,Audit Logs,0.9,56
USG04447,CUST0270,2025-06-01,Analytics,6.5,18
USG04448,CUST0465,2022-11-10,Reporting,31.2,75
USG04449,CUST0317,2025-10-31,Bulk Import,16.8,22
USG04450,CUST0085,2024-06-04,Audit Logs,12.0,59
USG04451,CUST0446,2025-04-04,Automation,33.1,65
USG04452,CUST0322,2023-10-17,Audit Logs,10.2,25
USG04453,CUST0300,2024-08-28,Integrations,2.5,26
USG04454,CUST0125,2023-10-09,Integrations,26.7,52
USG04455,CUST0024,2025-11-10,Notifications,16.2,71
USG04456,CUST0054,2024-07-25,API Access,13.6,4
USG04457,CUST0025,2024-01-26,User Management,6.6,47
USG04458,CUST0050,2023-06-19,API Access,12.1,62
USG04459,CUST0062,2025-11-28,Bulk Import,5.6,5
USG04460,CUST0097,2022-10-28,Dashboard,29.7,29
USG04461,CUST0130,2024-11-27,Notifications,34.3,7
USG04462,CUST0343,2024-12-05,Audit Logs,35.1,9
USG04463,CUST0374,2023-04-26,Integrations,19.6,18
USG04464,CUST0294,2022-04-29,Audit Logs,22.0,48
USG04465,CUST0119,2024-01-09,Notifications,4.7,23
USG04466,CUST0421,2023-01-13,Automation,21.8,52
USG04467,CUST0343,2022-07-04,Notifications,41.8,37
USG04468,CUST0112,2025-06-30,Bulk Import,13.2,27
USG04469,CUST0128,2025-06-11,Audit Logs,31.4,11
USG04470,CUST0106,2022-11-02,Automation,6.7,25
USG04471,CUST0029,2025-08-20,Dashboard,22.9,11
USG04472,CUST0096,2023-07-09,API Access,9.4,62
USG04473,CUST0111,2024-11-12,API Access,11.8,3
USG04474,CUST0105,2023-03-07,Audit Logs,31.6,72
USG04475,CUST0230,2025-11-29,Notifications,1.5,51
USG04476,CUST0369,2023-02-26,Audit Logs,23.3,7
USG04477,CUST0491,2022-09-08,Automation,24.8,6
USG04478,CUST0086,2023-03-11,Integrations,12.0,2
USG04479,CUST0377,2023-02-01,Reporting,10.3,37
USG04480,CUST0008,2024-09-05,User Management,5.0,11
USG04481,CUST0419,2022-08-14,API Access,36.5,58
USG04482,CUST0026,2025-10-15,API Access,66.4,48
USG04483,CUST0368,2022-10-19,Reporting,12.9,34
USG04484,CUST0397,2025-05-30,Bulk Import,2.7,74
USG04485,CUST0236,2024-01-18,Reporting,11.6,32
USG04486,CUST0401,2022-07-01,Bulk Import,19.1,4
USG04487,CUST0426,2023-09-09,Dashboard,17.9,29
USG04488,CUST0346,2023-02-03,Integrations,67.8,29
USG04489,CUST0293,2023-11-07,Audit Logs,16.7,47
USG04490,CUST0156,2024-07-08,Integrations,0.2,42
USG04491,CUST0250,2022-02-02,Dashboard,18.2,38
USG04492,CUST0296,2022-01-05,Audit Logs,3.4,19
USG04493,CUST0293,2025-03-08,Notifications,29.8,80
USG04494,CUST0249,2024-08-07,Dashboard,10.6,12
USG04495,CUST0029,2025-12-17,Dashboard,49.7,11
USG04496,CUST0096,2025-07-16,Dashboard,4.6,21
USG04497,CUST0169,2025-09-26,Integrations,5.2,40
USG04498,CUST0176,2025-11-10,Notifications,23.0,34
USG04499,CUST0248,2024-05-30,API Access,9.2,18
USG04500,CUST0305,2025-12-14,User Management,38.5,23
USG04501,CUST0064,2024-03-20,Automation,60.5,22
USG04502,CUST0197,2025-04-10,Analytics,45.4,22
USG04503,CUST0437,2023-04-10,Audit Logs,18.2,19
USG04504,CUST0221,2025-01-05,User Management,4.4,55
USG04505,CUST0124,2025-12-05,Dashboard,16.4,76
USG04506,CUST0299,2022-04-22,Notifications,15.7,75
USG04507,CUST0318,2022-01-09,API Access,54.6,46
USG04508,CUST0499,2024-07-30,Reporting,17.8,8
USG04509,CUST0414,2024-12-23,Reporting,9.6,48
USG04510,CUST0159,2023-12-01,Audit Logs,22.0,69
USG04511,CUST0282,2025-09-14,Reporting,26.7,26
USG04512,CUST0494,2022-11-14,Dashboard,22.6,22
USG04513,CUST0435,2025-09-01,API Access,4.9,20
USG04514,CUST0024,2025-08-02,Audit Logs,7.2,11
USG04515,CUST0248,2022-12-15,Bulk Import,58.6,7
USG04516,CUST0129,2024-05-03,User Management,32.6,53
USG04517,CUST0093,2025-07-05,API Access,10.7,59
USG04518,CUST0220,2025-04-06,Automation,42.4,24
USG04519,CUST0212,2025-12-22,Audit Logs,19.0,35
USG04520,CUST0479,2022-12-16,Bulk Import,45.4,56
USG04521,CUST0160,2024-12-17,Audit Logs,18.9,74
USG04522,CUST0321,2022-01-23,Reporting,3.7,54
USG04523,CUST0298,2025-06-09,Automation,32.1,5
USG04524,CUST0249,2024-07-02,Analytics,5.9,22
USG04525,CUST0145,2025-06-19,User Management,6.6,72
USG04526,CUST0139,2025-01-11,Reporting,41.0,25
USG04527,CUST0118,2024-01-15,Reporting,31.1,49
USG04528,CUST0309,2025-05-01,Reporting,11.9,69
USG04529,CUST0142,2024-06-17,Integrations,16.7,24
USG04530,CUST0086,2024-06-07,Audit Logs,21.1,72
USG04531,CUST0309,2022-02-09,Integrations,78.5,76
USG04532,CUST0315,2022-06-01,Analytics,7.9,7
USG04533,CUST0090,2023-01-05,User Management,31.8,38
USG04534,CUST0473,2022-01-21,Automation,6.7,13
USG04535,CUST0347,2024-05-05,Dashboard,19.7,79
USG04536,CUST0381,2023-02-15,Notifications,11.7,80
USG04537,CUST0172,2024-02-15,User Management,0.4,60
USG04538,CUST0257,2023-07-11,Integrations,0.8,70
USG04539,CUST0426,2024-05-17,Analytics,23.0,64
USG04540,CUST0150,2024-05-07,Automation,8.1,76
USG04541,CUST0073,2023-05-26,Dashboard,21.8,10
USG04542,CUST0222,2022-09-23,Analytics,16.7,16
USG04543,CUST0252,2025-09-09,API Access,5.2,26
USG04544,CUST0093,2024-08-22,Dashboard,18.7,45
USG04545,CUST0163,2025-06-25,Bulk Import,30.7,19
USG04546,CUST0051,2024-04-12,Integrations,23.1,80
USG04547,CUST0318,2022-12-22,Integrations,5.8,67
USG04548,CUST0281,2023-08-27,Dashboard,39.6,64
USG04549,CUST0232,2023-02-12,Bulk Import,5.0,11
USG04550,CUST0317,2023-05-12,Integrations,7.0,18
USG04551,CUST0400,2023-07-20,User Management,50.3,4
USG04552,CUST0109,2022-08-19,Automation,4.3,20
USG04553,CUST0374,2022-02-11,Automation,15.9,24
USG04554,CUST0222,2025-02-26,Reporting,78.0,53
USG04555,CUST0228,2024-10-22,Dashboard,8.9,28
USG04556,CUST0372,2024-11-14,API Access,28.1,9
USG04557,CUST0109,2025-04-06,Bulk Import,9.9,31
USG04558,CUST0303,2024-11-24,Dashboard,7.0,32
USG04559,CUST0230,2022-01-18,Audit Logs,10.8,75
USG04560,CUST0020,2025-09-11,User Management,50.2,26
USG04561,CUST0278,2022-02-17,Notifications,11.6,14
USG04562,CUST0424,2025-01-03,API Access,39.5,31
USG04563,CUST0310,2024-07-29,API Access,4.9,45
USG04564,CUST0472,2025-11-22,User Management,18.2,73
USG04565,CUST0474,2023-10-08,Automation,106.7,25
USG04566,CUST0378,2025-08-13,User Management,20.5,32
USG04567,CUST0480,2023-02-08,API Access,37.1,51
USG04568,CUST0457,2024-12-13,User Management,35.9,32
USG04569,CUST0173,2024-11-25,Audit Logs,0.4,42
USG04570,CUST0367,2024-10-18,Reporting,19.6,23
USG04571,CUST0370,2025-01-18,Dashboard,31.6,51
USG04572,CUST0298,2023-09-26,Bulk Import,8.2,53
USG04573,CUST0242,2025-01-25,Analytics,13.0,22
USG04574,CUST0312,2024-10-21,API Access,22.6,15
USG04575,CUST0114,2022-04-19,Reporting,2.0,27
USG04576,CUST0328,2024-03-20,Automation,28.9,64
USG04577,CUST0009,2025-12-02,API Access,7.4,46
USG04578,CUST0319,2023-11-21,Reporting,7.3,12
USG04579,CUST0278,2022-12-27,Automation,21.6,69
USG04580,CUST0325,2023-09-19,API Access,0.4,40
USG04581,CUST0097,2025-07-30,Bulk Import,3.4,46
USG04582,CUST0190,2022-05-12,User Management,22.3,11
USG04583,CUST0004,2022-08-12,Reporting,15.5,45
USG04584,CUST0025,2023-09-12,User Management,23.8,70
USG04585,CUST0079,2023-09-17,API Access,12.6,5
USG04586,CUST0022,2024-12-16,Reporting,0.6,51
USG04587,CUST0092,2023-11-10,API Access,1.9,63
USG04588,CUST0203,2024-03-27,Automation,6.2,35
USG04589,CUST0277,2024-05-02,API Access,32.9,21
USG04590,CUST0229,2024-05-05,Bulk Import,2.6,41
USG04591,CUST0412,2023-06-03,API Access,16.0,18
USG04592,CUST0115,2024-01-29,Dashboard,2.3,11
USG04593,CUST0302,2022-02-15,Integrations,10.1,39
USG04594,CUST0057,2024-06-12,Notifications,11.0,64
USG04595,CUST0336,2022-09-06,Audit Logs,3.5,17
USG04596,CUST0459,2024-08-12,Analytics,5.1,58
USG04597,CUST0265,2024-01-10,Notifications,17.6,39
USG04598,CUST0124,2022-08-01,Audit Logs,3.8,50
USG04599,CUST0473,2024-06-29,Reporting,1.7,22
USG04600,CUST0240,2023-02-20,API Access,3.5,78
USG04601,CUST0257,2025-02-18,Analytics,3.3,74
USG04602,CUST0024,2025-01-03,Notifications,18.3,26
USG04603,CUST0341,2025-08-06,Notifications,7.5,32
USG04604,CUST0481,2024-07-18,Integrations,11.7,13
USG04605,CUST0172,2023-11-01,Bulk Import,24.3,19
USG04606,CUST0314,2024-08-24,Reporting,66.5,68
USG04607,CUST0451,2023-05-31,Notifications,19.7,71
USG04608,CUST0260,2025-07-27,Dashboard,10.6,34
USG04609,CUST0376,2023-05-20,Audit Logs,4.3,11
USG04610,CUST0080,2023-03-24,Analytics,6.4,53
USG04611,CUST0082,2025-08-17,Bulk Import,7.1,49
USG04612,CUST0455,2024-07-23,Integrations,22.9,1
USG04613,CUST0312,2023-06-29,Notifications,6.6,44
USG04614,CUST0293,2022-02-03,Automation,11.6,2
USG04615,CUST0096,2024-04-18,Dashboard,7.0,63
USG04616,CUST0154,2023-07-23,Notifications,12.8,58
USG04617,CUST0048,2022-09-29,Automation,11.8,23
USG04618,CUST0432,2025-12-20,Automation,8.1,52
USG04619,CUST0272,2024-11-28,API Access,10.2,20
USG04620,CUST0492,2023-12-13,Automation,25.5,80
USG04621,CUST0303,2025-09-02,Audit Logs,1.1,41
USG04622,CUST0225,2022-06-17,Notifications,21.0,33
USG04623,CUST0336,2022-07-17,Analytics,13.4,63
USG04624,CUST0225,2023-07-23,Bulk Import,15.0,51
USG04625,CUST0091,2023-11-20,Reporting,19.3,56
USG04626,CUST0010,2025-02-13,Dashboard,5.3,27
USG04627,CUST0286,2025-01-02,Automation,35.8,14
USG04628,CUST0002,2024-05-03,Notifications,0.6,58
USG04629,CUST0495,2022-02-20,Automation,42.0,34
USG04630,CUST0172,2024-01-21,Automation,0.4,59
USG04631,CUST0005,2023-07-30,Reporting,8.0,62
USG04632,CUST0220,2025-09-21,Integrations,24.3,19
USG04633,CUST0419,2023-05-19,Automation,56.6,78
USG04634,CUST0447,2023-05-09,Bulk Import,1.0,71
USG04635,CUST0318,2025-01-11,Notifications,37.3,46
USG04636,CUST0188,2024-07-18,User Management,2.0,23
USG04637,CUST0126,2022-02-06,Dashboard,47.5,55
USG04638,CUST0500,2024-06-18,User Management,7.5,66
USG04639,CUST0303,2024-12-05,Audit Logs,18.2,33
USG04640,CUST0103,2022-03-02,Analytics,2.9,38
USG04641,CUST0418,2024-07-24,Bulk Import,2.5,4
USG04642,CUST0281,2025-02-23,Integrations,7.7,25
USG04643,CUST0198,2024-05-29,API Access,28.5,20
USG04644,CUST0118,2023-10-05,Automation,29.9,37
USG04645,CUST0291,2022-05-08,Automation,0.1,46
USG04646,CUST0079,2024-08-12,Reporting,8.9,9
USG04647,CUST0477,2023-09-02,Analytics,11.0,25
USG04648,CUST0475,2025-09-06,User Management,56.7,14
USG04649,CUST0424,2025-11-08,Dashboard,10.6,10
USG04650,CUST0164,2023-02-14,API Access,1.2,56
USG04651,CUST0195,2023-08-19,Notifications,9.2,69
USG04652,CUST0220,2025-11-23,Bulk Import,27.4,42
USG04653,CUST0346,2025-12-20,Notifications,9.5,1
USG04654,CUST0331,2025-03-07,Automation,22.1,37
USG04655,CUST0200,2024-03-10,Notifications,4.3,3
USG04656,CUST0384,2023-01-14,Reporting,22.1,62
USG04657,CUST0308,2022-09-05,Notifications,31.6,26
USG04658,CUST0107,2024-05-12,User Management,22.9,11
USG04659,CUST0375,2025-10-08,Integrations,8.0,16
USG04660,CUST0231,2025-02-07,Bulk Import,7.2,16
USG04661,CUST0422,2025-04-13,Audit Logs,15.2,2
USG04662,CUST0484,2022-01-21,Reporting,1.0,49
USG04663,CUST0194,2025-04-08,Dashboard,0.2,14
USG04664,CUST0477,2022-03-03,Notifications,22.8,73
USG04665,CUST0432,2025-02-22,Bulk Import,5.1,1
USG04666,CUST0312,2025-05-15,Dashboard,9.9,1
USG04667,CUST0351,2024-08-30,Reporting,42.3,60
USG04668,CUST0136,2025-05-03,Notifications,0.9,34
USG04669,CUST0245,2025-10-16,API Access,14.2,65
USG04670,CUST0143,2025-09-24,Dashboard,3.4,33
USG04671,CUST0373,2025-10-04,Audit Logs,6.0,27
USG04672,CUST0486,2024-08-22,User Management,3.6,42
USG04673,CUST0382,2025-04-30,Bulk Import,4.5,40
USG04674,CUST0305,2022-09-26,Reporting,5.8,27
USG04675,CUST0399,2023-02-08,Automation,3.3,28
USG04676,CUST0117,2022-03-16,Reporting,33.4,28
USG04677,CUST0426,2024-02-26,Bulk Import,26.8,18
USG04678,CUST0312,2022-12-21,Automation,7.6,13
USG04679,CUST0050,2023-08-13,Automation,9.5,37
USG04680,CUST0382,2023-11-02,Analytics,2.7,58
USG04681,CUST0433,2022-11-03,Automation,8.0,27
USG04682,CUST0450,2024-12-25,User Management,6.2,40
USG04683,CUST0100,2024-03-10,Audit Logs,0.8,66
USG04684,CUST0412,2023-11-19,Analytics,4.0,37
USG04685,CUST0381,2024-05-31,Bulk Import,18.6,8
USG04686,CUST0082,2024-08-24,Notifications,1.6,70
USG04687,CUST0142,2025-05-01,Analytics,8.2,6
USG04688,CUST0310,2022-02-24,Dashboard,2.8,48
USG04689,CUST0315,2023-09-13,Reporting,6.4,5
USG04690,CUST0369,2022-08-14,User Management,34.9,11
USG04691,CUST0106,2022-02-16,API Access,6.6,43
USG04692,CUST0150,2022-06-25,Automation,10.5,65
USG04693,CUST0184,2023-06-19,Audit Logs,17.9,75
USG04694,CUST0451,2022-11-11,Audit Logs,1.9,70
USG04695,CUST0328,2024-06-22,Notifications,14.0,48
USG04696,CUST0350,2024-11-04,API Access,16.9,77
USG04697,CUST0068,2025-06-17,Integrations,13.0,20
USG04698,CUST0090,2024-08-04,Analytics,105.3,76
USG04699,CUST0287,2022-04-29,Automation,63.4,31
USG04700,CUST0207,2024-12-11,Analytics,2.9,36
USG04701,CUST0328,2022-06-21,Analytics,2.3,7
USG04702,CUST0051,2024-04-22,Dashboard,7.4,31
USG04703,CUST0255,2022-03-12,Audit Logs,0.2,64
USG04704,CUST0417,2024-04-11,Reporting,54.7,13
USG04705,CUST0088,2023-06-07,Dashboard,20.8,56
USG04706,CUST0351,2023-04-19,User Management,57.6,60
USG04707,CUST0014,2024-11-02,Integrations,9.1,25
USG04708,CUST0377,2023-09-07,Analytics,28.1,49
USG04709,CUST0116,2025-09-19,API Access,0.8,58
USG04710,CUST0207,2024-06-10,Integrations,1.8,71
USG04711,CUST0279,2023-05-13,Bulk Import,24.3,41
USG04712,CUST0450,2022-01-28,Reporting,9.0,33
USG04713,CUST0443,2022-05-06,Notifications,1.2,76
USG04714,CUST0099,2024-09-16,API Access,2.3,59
USG04715,CUST0060,2023-08-29,Dashboard,37.2,37
USG04716,CUST0137,2024-07-23,API Access,33.8,52
USG04717,CUST0343,2025-11-23,Reporting,23.6,7
USG04718,CUST0096,2024-02-26,Analytics,0.0,24
USG04719,CUST0342,2022-07-07,Integrations,103.7,10
USG04720,CUST0266,2022-03-17,Audit Logs,13.0,47
USG04721,CUST0314,2022-06-19,Dashboard,4.7,26
USG04722,CUST0234,2022-09-07,Dashboard,1.1,25
USG04723,CUST0244,2023-11-28,Automation,26.3,25
USG04724,CUST0085,2024-09-01,User Management,23.0,19
USG04725,CUST0072,2024-01-12,Audit Logs,12.5,11
USG04726,CUST0281,2024-09-03,Audit Logs,25.4,26
USG04727,CUST0304,2025-10-13,Notifications,19.7,67
USG04728,CUST0028,2023-12-01,Automation,31.6,57
USG04729,CUST0481,2025-01-12,Dashboard,8.9,31
USG04730,CUST0489,2024-02-22,Bulk Import,2.6,67
USG04731,CUST0057,2025-07-27,Integrations,17.1,14
USG04732,CUST0173,2022-07-09,API Access,24.5,22
USG04733,CUST0255,2025-01-08,User Management,28.9,36
USG04734,CUST0044,2022-07-11,Reporting,64.9,13
USG04735,CUST0081,2023-01-10,Bulk Import,13.4,22
USG04736,CUST0466,2023-06-16,API Access,6.7,60
USG04737,CUST0031,2025-09-15,API Access,45.8,37
USG04738,CUST0382,2023-03-05,Integrations,1.8,42
USG04739,CUST0469,2024-01-05,User Management,3.8,36
USG04740,CUST0230,2023-03-17,Audit Logs,3.6,8
USG04741,CUST0486,2024-11-19,Reporting,30.6,43
USG04742,CUST0124,2022-03-02,Bulk Import,15.8,77
USG04743,CUST0106,2022-04-18,Bulk Import,21.0,11
USG04744,CUST0316,2024-08-02,Integrations,5.0,28
USG04745,CUST0314,2023-05-16,API Access,1.9,6
USG04746,CUST0364,2024-11-16,API Access,1.2,28
USG04747,CUST0228,2023-03-11,API Access,9.9,76
USG04748,CUST0226,2023-12-08,User Management,40.3,1
USG04749,CUST0350,2023-09-10,Analytics,1.8,36
USG04750,CUST0289,2024-04-19,Automation,28.4,72
USG04751,CUST0177,2022-09-04,Bulk Import,11.9,13
USG04752,CUST0117,2022-07-03,Automation,30.0,2
USG04753,CUST0004,2023-01-23,User Management,0.6,54
USG04754,CUST0227,2022-07-17,Integrations,38.0,76
USG04755,CUST0429,2022-12-03,Analytics,29.2,30
USG04756,CUST0179,2024-03-04,Reporting,14.1,15
USG04757,CUST0288,2025-04-30,Notifications,10.5,37
USG04758,CUST0399,2023-02-17,Notifications,13.6,65
USG04759,CUST0246,2024-07-16,Audit Logs,22.1,40
USG04760,CUST0358,2023-12-15,Integrations,4.0,2
USG04761,CUST0202,2023-03-03,API Access,18.0,3
USG04762,CUST0081,2023-04-12,Integrations,15.2,7
USG04763,CUST0211,2022-08-27,Integrations,29.6,79
USG04764,CUST0185,2022-08-06,API Access,20.8,20
USG04765,CUST0109,2022-12-08,Reporting,25.2,48
USG04766,CUST0058,2022-03-31,Bulk Import,14.0,1
USG04767,CUST0093,2025-01-15,Audit Logs,7.6,7
USG04768,CUST0304,2024-02-03,Audit Logs,27.9,29
USG04769,CUST0265,2022-07-12,User Management,36.3,4
USG04770,CUST0426,2022-07-20,User Management,20.3,17
USG04771,CUST0352,2025-02-03,Analytics,0.2,69
USG04772,CUST0471,2022-06-29,Notifications,24.2,34
USG04773,CUST0385,2022-02-03,Notifications,5.2,43
USG04774,CUST0134,2023-08-31,Audit Logs,48.6,34
USG04775,CUST0038,2025-08-18,Bulk Import,15.6,52
USG04776,CUST0351,2025-03-11,Reporting,8.6,7
USG04777,CUST0348,2025-03-10,User Management,1.5,54
USG04778,CUST0254,2025-02-16,Notifications,0.5,10
USG04779,CUST0269,2025-06-24,API Access,1.0,54
USG04780,CUST0194,2023-11-20,User Management,2.1,56
USG04781,CUST0344,2025-07-15,API Access,4.5,36
USG04782,CUST0238,2024-03-04,Notifications,27.1,45
USG04783,CUST0016,2024-11-16,Reporting,14.6,52
USG04784,CUST0192,2022-10-06,User Management,25.5,27
USG04785,CUST0474,2023-10-15,Dashboard,57.8,46
USG04786,CUST0070,2022-08-24,Integrations,42.0,34
USG04787,CUST0372,2025-08-25,Reporting,8.7,54
USG04788,CUST0153,2025-07-02,Bulk Import,8.3,4
USG04789,CUST0264,2025-09-25,Analytics,0.1,74
USG04790,CUST0438,2023-02-01,Integrations,37.9,9
USG04791,CUST0457,2023-07-12,Analytics,8.5,51
USG04792,CUST0163,2025-07-16,Bulk Import,2.9,53
USG04793,CUST0476,2022-11-19,Bulk Import,10.6,51
USG04794,CUST0071,2025-12-02,Audit Logs,10.4,53
USG04795,CUST0218,2022-07-11,Automation,12.7,15
USG04796,CUST0016,2025-08-18,Dashboard,14.2,40
USG04797,CUST0024,2024-12-26,Audit Logs,15.7,54
USG04798,CUST0258,2022-02-06,Dashboard,24.0,32
USG04799,CUST0050,2022-02-13,Bulk Import,6.8,72
USG04800,CUST0368,2025-02-12,Integrations,6.9,35
USG04801,CUST0317,2023-01-13,Dashboard,12.9,49
USG04802,CUST0276,2022-04-19,Notifications,12.4,67
USG04803,CUST0465,2022-04-09,Integrations,7.9,53
USG04804,CUST0356,2024-08-30,Bulk Import,54.6,12
USG04805,CUST0271,2025-09-15,Analytics,106.5,7
USG04806,CUST0070,2024-06-15,Integrations,34.7,32
USG04807,CUST0133,2024-10-21,API Access,8.4,64
USG04808,CUST0166,2025-04-22,Notifications,5.6,33
USG04809,CUST0155,2022-01-02,Bulk Import,8.1,24
USG04810,CUST0411,2022-06-26,Audit Logs,13.5,57
USG04811,CUST0114,2022-01-14,Analytics,7.4,56
USG04812,CUST0400,2025-12-17,Audit Logs,42.7,56
USG04813,CUST0368,2024-12-07,Integrations,30.8,40
USG04814,CUST0081,2025-12-01,Audit Logs,11.1,52
USG04815,CUST0398,2022-03-30,User Management,3.3,69
USG04816,CUST0382,2025-10-28,Audit Logs,3.2,73
USG04817,CUST0411,2024-06-20,Integrations,21.3,16
USG04818,CUST0366,2024-01-03,User Management,47.4,47
USG04819,CUST0370,2024-08-31,Analytics,3.4,73
USG04820,CUST0300,2022-12-26,Bulk Import,88.9,18
USG04821,CUST0281,2024-05-26,API Access,7.3,44
USG04822,CUST0372,2023-06-24,Analytics,43.8,78
USG04823,CUST0466,2023-04-15,Reporting,5.6,8
USG04824,CUST0472,2025-05-02,API Access,4.7,14
USG04825,CUST0421,2023-05-01,Reporting,37.0,47
USG04826,CUST0499,2023-05-25,Dashboard,7.1,66
USG04827,CUST0121,2024-02-19,API Access,5.5,27
USG04828,CUST0245,2025-10-01,Bulk Import,14.8,55
USG04829,CUST0392,2025-05-21,Reporting,12.2,23
USG04830,CUST0286,2022-06-18,Bulk Import,35.2,55
USG04831,CUST0492,2023-11-04,Analytics,8.5,61
USG04832,CUST0079,2024-07-14,API Access,36.3,17
USG04833,CUST0235,2025-10-10,Dashboard,17.1,45
USG04834,CUST0406,2022-08-10,Automation,19.1,73
USG04835,CUST0182,2024-08-21,User Management,19.7,75
USG04836,CUST0286,2022-03-29,Dashboard,6.3,9
USG04837,CUST0420,2024-01-04,Dashboard,0.2,55
USG04838,CUST0026,2022-01-17,Notifications,51.7,77
USG04839,CUST0408,2023-05-04,Analytics,4.8,36
USG04840,CUST0412,2022-06-19,API Access,22.9,41
USG04841,CUST0423,2024-08-27,Audit Logs,77.6,25
USG04842,CUST0230,2022-03-05,User Management,14.5,78
USG04843,CUST0398,2023-05-24,Bulk Import,22.3,10
USG04844,CUST0159,2024-08-30,Dashboard,10.5,61
USG04845,CUST0020,2025-09-10,Automation,30.9,12
USG04846,CUST0222,2022-08-18,Bulk Import,2.9,50
USG04847,CUST0499,2024-06-02,Dashboard,27.1,68
USG04848,CUST0128,2025-12-28,Reporting,11.6,57
USG04849,CUST0361,2023-07-14,Analytics,12.5,44
USG04850,CUST0334,2023-09-04,Integrations,0.0,5
USG04851,CUST0020,2024-12-27,Dashboard,38.4,5
USG04852,CUST0049,2025-09-01,Integrations,9.8,1
USG04853,CUST0077,2023-01-15,Dashboard,55.3,16
USG04854,CUST0487,2022-01-17,Analytics,32.2,72
USG04855,CUST0375,2022-01-10,Audit Logs,0.7,7
USG04856,CUST0224,2022-12-01,Automation,2.9,53
USG04857,CUST0140,2024-04-27,Automation,21.9,45
USG04858,CUST0314,2023-11-25,Dashboard,18.1,34
USG04859,CUST0193,2025-12-11,Notifications,16.1,38
USG04860,CUST0234,2025-08-12,API Access,33.8,19
USG04861,CUST0097,2022-12-08,Reporting,57.4,80
USG04862,CUST0014,2023-11-01,Integrations,0.5,53
USG04863,CUST0366,2025-10-26,Automation,7.6,28
USG04864,CUST0116,2024-05-10,Reporting,46.3,66
USG04865,CUST0202,2023-02-19,Notifications,0.7,44
USG04866,CUST0352,2024-09-10,User Management,6.7,54
USG04867,CUST0385,2024-05-17,Integrations,2.2,42
USG04868,CUST0128,2024-11-19,User Management,20.5,67
USG04869,CUST0256,2025-07-06,User Management,11.8,11
USG04870,CUST0332,2025-08-17,Audit Logs,21.2,54
USG04871,CUST0451,2022-07-20,Notifications,20.3,49
USG04872,CUST0430,2022-12-16,Analytics,13.8,9
USG04873,CUST0335,2023-06-13,Reporting,51.0,43
USG04874,CUST0035,2022-06-26,User Management,7.4,59
USG04875,CUST0010,2023-08-01,Dashboard,35.4,63
USG04876,CUST0471,2025-08-05,Automation,11.0,75
USG04877,CUST0427,2022-07-31,Integrations,13.5,54
USG04878,CUST0091,2023-04-14,Reporting,25.8,67
USG04879,CUST0404,2025-06-04,API Access,7.2,5
USG04880,CUST0070,2022-02-28,Reporting,10.0,79
USG04881,CUST0490,2024-01-28,Audit Logs,6.3,22
USG04882,CUST0269,2023-05-27,API Access,25.1,47
USG04883,CUST0187,2022-01-29,Audit Logs,6.4,4
USG04884,CUST0272,2024-03-05,API Access,17.6,75
USG04885,CUST0465,2023-10-26,User Management,57.7,1
USG04886,CUST0426,2022-01-25,Audit Logs,15.7,72
USG04887,CUST0481,2025-09-02,Bulk Import,2.7,15
USG04888,CUST0016,2023-09-20,Audit Logs,26.7,55
USG04889,CUST0152,2022-01-24,Bulk Import,4.8,62
USG04890,CUST0498,2022-10-08,API Access,2.2,70
USG04891,CUST0379,2023-04-14,Automation,14.8,76
USG04892,CUST0260,2023-09-11,Audit Logs,74.7,5
USG04893,CUST0139,2024-03-06,Automation,16.4,54
USG04894,CUST0228,2023-03-25,API Access,6.3,76
USG04895,CUST0489,2024-09-21,Dashboard,10.7,41
USG04896,CUST0229,2023-01-26,Bulk Import,14.2,22
USG04897,CUST0119,2025-08-18,User Management,0.6,16
USG04898,CUST0346,2024-10-25,Audit Logs,7.0,63
USG04899,CUST0485,2023-09-18,Automation,79.3,19
USG04900,CUST0333,2024-12-19,Integrations,14.8,57
USG04901,CUST0274,2024-11-29,Notifications,8.5,6
USG04902,CUST0365,2025-02-09,Reporting,0.8,46
USG04903,CUST0093,2023-04-19,Reporting,6.6,75
USG04904,CUST0246,2025-04-05,Audit Logs,4.5,65
USG04905,CUST0298,2025-10-12,Automation,5.5,65
USG04906,CUST0379,2023-04-05,Analytics,27.8,49
USG04907,CUST0115,2023-11-10,Bulk Import,6.1,76
USG04908,CUST0423,2022-08-05,User Management,33.4,63
USG04909,CUST0281,2024-07-29,Automation,40.6,53
USG04910,CUST0417,2024-12-13,Dashboard,8.2,59
USG04911,CUST0236,2022-07-17,Reporting,7.3,38
USG04912,CUST0362,2022-06-02,Bulk Import,24.3,11
USG04913,CUST0241,2022-02-08,Dashboard,0.4,26
USG04914,CUST0001,2022-04-18,Automation,7.5,18
USG04915,CUST0306,2024-08-30,API Access,63.8,60
USG04916,CUST0003,2024-12-21,Analytics,4.5,36
USG04917,CUST0492,2025-02-01,Notifications,37.9,65
USG04918,CUST0487,2023-05-06,Analytics,44.0,5
USG04919,CUST0116,2022-03-27,Integrations,16.8,39
USG04920,CUST0119,2025-12-03,API Access,18.7,70
USG04921,CUST0144,2024-10-29,Reporting,6.3,52
USG04922,CUST0496,2024-08-11,Integrations,32.9,61
USG04923,CUST0023,2025-02-11,Audit Logs,2.2,66
USG04924,CUST0433,2022-09-14,Reporting,11.9,17
USG04925,CUST0071,2023-05-18,Analytics,0.0,78
USG04926,CUST0299,2025-01-08,Bulk Import,25.1,35
USG04927,CUST0202,2025-01-22,Notifications,15.9,79
USG04928,CUST0191,2024-07-14,Automation,4.0,18
USG04929,CUST0102,2024-04-15,Integrations,5.9,71
USG04930,CUST0023,2022-11-25,Notifications,6.0,43
USG04931,CUST0279,2025-10-21,API Access,8.7,28
USG04932,CUST0305,2022-09-19,Bulk Import,61.7,34
USG04933,CUST0440,2023-05-19,User Management,2.6,7
USG04934,CUST0453,2023-11-09,Dashboard,3.2,8
USG04935,CUST0249,2022-01-11,API Access,0.8,27
USG04936,CUST0106,2025-12-05,User Management,7.7,26
USG04937,CUST0304,2024-07-14,Automation,8.4,78
USG04938,CUST0139,2025-08-28,Analytics,43.5,73
USG04939,CUST0133,2025-11-29,Integrations,10.0,61
USG04940,CUST0294,2024-01-21,User Management,1.6,70
USG04941,CUST0025,2025-12-26,Integrations,48.7,65
USG04942,CUST0350,2022-04-23,Integrations,1.3,28
USG04943,CUST0333,2025-08-26,Reporting,4.4,75
USG04944,CUST0446,2022-12-15,Automation,3.0,28
USG04945,CUST0465,2024-10-30,Notifications,32.0,36
USG04946,CUST0474,2025-10-19,User Management,7.2,21
USG04947,CUST0113,2024-05-11,Dashboard,60.3,58
USG04948,CUST0245,2024-05-08,Analytics,0.1,58
USG04949,CUST0403,2024-04-06,User Management,6.1,17
USG04950,CUST0176,2024-07-18,Dashboard,12.3,14
USG04951,CUST0183,2025-08-15,API Access,20.2,79
USG04952,CUST0119,2023-04-26,Automation,1.7,71
USG04953,CUST0490,2024-10-21,API Access,2.2,66
USG04954,CUST0146,2025-10-19,Dashboard,7.7,17
USG04955,CUST0159,2022-06-04,Reporting,19.1,49
USG04956,CUST0382,2023-12-25,Notifications,5.7,66
USG04957,CUST0459,2023-07-30,Analytics,9.2,64
USG04958,CUST0240,2023-10-29,API Access,0.4,58
USG04959,CUST0245,2022-05-10,Audit Logs,5.6,33
USG04960,CUST0099,2023-07-21,Bulk Import,2.7,41
USG04961,CUST0044,2025-01-02,API Access,24.4,9
USG04962,CUST0062,2023-09-20,Audit Logs,45.0,58
USG04963,CUST0079,2024-02-05,Dashboard,20.9,55
USG04964,CUST0388,2024-01-30,Automation,5.3,22
USG04965,CUST0265,2025-09-01,Integrations,73.2,65
USG04966,CUST0437,2025-09-01,Automation,22.0,54
USG04967,CUST0002,2025-03-12,Notifications,18.8,38
USG04968,CUST0193,2022-02-19,API Access,11.0,55
USG04969,CUST0080,2025-07-27,Bulk Import,10.7,26
USG04970,CUST0403,2023-12-07,Integrations,0.7,67
USG04971,CUST0427,2024-07-19,Analytics,36.0,11
USG04972,CUST0042,2025-05-11,Notifications,32.6,26
USG04973,CUST0489,2022-12-01,Bulk Import,40.6,55
USG04974,CUST0331,2025-08-12,API Access,5.0,72
USG04975,CUST0058,2025-03-31,Bulk Import,7.9,60
USG04976,CUST0489,2022-08-07,Notifications,3.1,34
USG04977,CUST0409,2025-02-14,Bulk Import,3.2,31
USG04978,CUST0433,2024-01-02,API Access,2.3,45
USG04979,CUST0079,2025-10-02,Audit Logs,5.1,33
USG04980,CUST0316,2024-06-16,Automation,0.9,70
USG04981,CUST0420,2023-06-17,Bulk Import,19.6,68
USG04982,CUST0071,2024-09-19,Integrations,34.0,36
USG04983,CUST0335,2022-03-26,Reporting,25.3,12
USG04984,CUST0288,2024-04-30,Automation,50.8,16
USG04985,CUST0466,2022-05-14,Dashboard,23.8,66
USG04986,CUST0212,2024-01-29,API Access,11.0,78
USG04987,CUST0019,2023-01-29,Audit Logs,20.8,29
USG04988,CUST0273,2024-11-26,Reporting,38.3,33
USG04989,CUST0014,2023-08-09,Notifications,9.4,75
USG04990,CUST0474,2023-07-20,Bulk Import,5.5,12
USG04991,CUST0266,2025-06-13,Reporting,0.5,39
USG04992,CUST0249,2025-03-21,Notifications,19.2,14
USG04993,CUST0353,2023-02-20,Dashboard,5.8,13
USG04994,CUST0404,2022-05-23,Automation,12.6,57
USG04995,CUST0334,2022-01-15,Audit Logs,3.8,1
USG04996,CUST0138,2022-08-03,Notifications,4.6,45
USG04997,CUST0043,2025-06-20,Audit Logs,12.1,62
USG04998,CUST0373,2022-11-17,Reporting,10.1,37
USG04999,CUST0046,2022-06-11,Analytics,64.3,42
USG05000,CUST0438,2023-02-06,User Management,8.0,59
USG05001,CUST0484,2024-08-26,Integrations,13.7,4
USG05002,CUST0396,2025-05-07,Automation,12.3,42
USG05003,CUST0457,2024-05-28,Reporting,8.9,69
USG05004,CUST0475,2025-02-25,Automation,34.2,41
USG05005,CUST0013,2023-09-19,Bulk Import,47.0,6
USG05006,CUST0383,2022-12-13,Notifications,0.5,31
USG05007,CUST0312,2023-07-21,Analytics,7.8,61
USG05008,CUST0312,2025-07-13,Dashboard,8.0,18
USG05009,CUST0247,2022-12-21,Automation,20.7,64
USG05010,CUST0249,2023-09-28,Automation,42.0,40
USG05011,CUST0369,2025-02-11,Dashboard,2.3,23
USG05012,CUST0335,2025-09-07,Dashboard,12.1,69
USG05013,CUST0302,2025-06-25,Automation,7.4,67
USG05014,CUST0148,2024-09-19,Bulk Import,25.4,58
USG05015,CUST0476,2025-12-28,Analytics,41.4,42
USG05016,CUST0450,2022-06-15,User Management,6.5,46
USG05017,CUST0012,2023-04-09,Integrations,22.3,16
USG05018,CUST0115,2025-07-23,Bulk Import,120.0,73
USG05019,CUST0479,2023-06-07,Integrations,12.1,17
USG05020,CUST0364,2023-11-04,Bulk Import,15.0,47
USG05021,CUST0208,2024-02-18,API Access,6.4,70
USG05022,CUST0116,2024-09-14,Automation,11.1,24
USG05023,CUST0017,2022-08-23,Analytics,12.8,76
USG05024,CUST0160,2025-11-24,User Management,3.3,16
USG05025,CUST0411,2023-10-18,Dashboard,6.2,76
USG05026,CUST0318,2022-01-24,Analytics,0.4,64
USG05027,CUST0009,2024-12-12,Notifications,78.4,17
USG05028,CUST0212,2024-11-07,Integrations,14.8,28
USG05029,CUST0500,2022-04-18,Dashboard,20.2,24
USG05030,CUST0367,2023-04-19,Bulk Import,7.0,72
USG05031,CUST0355,2022-12-31,API Access,12.3,19
USG05032,CUST0109,2024-03-30,Notifications,3.1,70
USG05033,CUST0130,2024-09-29,Reporting,29.0,58
USG05034,CUST0382,2022-09-09,Notifications,7.2,52
USG05035,CUST0179,2024-06-29,Bulk Import,26.5,77
USG05036,CUST0031,2024-03-15,Reporting,30.1,68
USG05037,CUST0329,2023-05-07,Audit Logs,23.1,69
USG05038,CUST0127,2025-04-12,Bulk Import,19.2,27
USG05039,CUST0321,2022-06-01,Audit Logs,7.4,14
USG05040,CUST0373,2023-03-02,Dashboard,0.9,25
USG05041,CUST0020,2024-01-24,Analytics,6.6,11
USG05042,CUST0249,2025-05-02,Analytics,14.3,63
USG05043,CUST0290,2024-12-03,Integrations,19.2,70
USG05044,CUST0351,2025-08-11,Bulk Import,24.0,25
USG05045,CUST0496,2022-07-19,Bulk Import,39.2,32
USG05046,CUST0052,2022-02-07,Integrations,42.7,12
USG05047,CUST0254,2024-10-04,Automation,30.2,20
USG05048,CUST0419,2022-01-14,Bulk Import,55.9,53
USG05049,CUST0388,2024-02-13,Integrations,2.8,61
USG05050,CUST0469,2024-08-25,Automation,68.0,9
USG05051,CUST0308,2025-04-30,Bulk Import,31.3,8
USG05052,CUST0323,2024-12-02,Reporting,9.4,9
USG05053,CUST0152,2024-05-28,Integrations,14.7,48
USG05054,CUST0374,2025-08-07,Dashboard,2.0,70
USG05055,CUST0158,2025-05-23,Analytics,11.5,73
USG05056,CUST0323,2022-11-23,Analytics,19.1,2
USG05057,CUST0127,2024-04-12,Analytics,17.2,6
USG05058,CUST0216,2022-10-11,Notifications,22.9,27
USG05059,CUST0437,2025-03-03,Analytics,10.3,23
USG05060,CUST0457,2025-03-28,Reporting,4.1,37
USG05061,CUST0052,2022-11-22,Bulk Import,28.4,76
USG05062,CUST0398,2022-05-27,Notifications,7.6,49
USG05063,CUST0379,2023-11-26,Dashboard,20.7,23
USG05064,CUST0103,2022-01-21,User Management,12.3,29
USG05065,CUST0016,2025-04-29,Integrations,5.5,4
USG05066,CUST0294,2023-07-27,Bulk Import,67.5,23
USG05067,CUST0221,2025-01-25,Automation,18.4,28
USG05068,CUST0272,2024-08-15,Integrations,0.6,9
USG05069,CUST0235,2025-04-19,Dashboard,2.1,62
USG05070,CUST0176,2023-07-21,Integrations,11.3,23
USG05071,CUST0041,2025-03-14,API Access,13.9,2
USG05072,CUST0487,2025-09-06,Reporting,8.1,10
USG05073,CUST0362,2023-08-04,Bulk Import,57.1,76
USG05074,CUST0397,2022-09-29,Integrations,0.4,53
USG05075,CUST0418,2024-05-09,Notifications,5.0,36
USG05076,CUST0188,2024-12-30,Audit Logs,5.6,48
USG05077,CUST0125,2024-01-03,Audit Logs,13.2,24
USG05078,CUST0477,2022-05-07,Integrations,80.8,74
USG05079,CUST0500,2022-05-24,Analytics,22.6,52
USG05080,CUST0291,2022-08-05,API Access,1.3,34
USG05081,CUST0385,2022-11-23,Automation,20.0,27
USG05082,CUST0481,2024-05-31,Analytics,17.7,37
USG05083,CUST0340,2024-12-12,User Management,18.0,43
USG05084,CUST0226,2022-01-16,Automation,4.9,3
USG05085,CUST0211,2024-10-31,Dashboard,21.8,14
USG05086,CUST0249,2022-10-03,Notifications,28.6,52
USG05087,CUST0271,2025-07-02,Analytics,0.6,5
USG05088,CUST0352,2024-01-11,Bulk Import,7.6,78
USG05089,CUST0044,2023-02-18,Audit Logs,18.4,30
USG05090,CUST0347,2022-09-28,Integrations,16.0,16
USG05091,CUST0482,2025-07-23,API Access,21.2,49
USG05092,CUST0185,2023-06-07,Automation,36.6,77
USG05093,CUST0460,2024-10-16,Reporting,3.4,53
USG05094,CUST0174,2022-03-18,Analytics,2.3,29
USG05095,CUST0411,2024-06-30,Notifications,18.7,8
USG05096,CUST0310,2025-06-10,Bulk Import,33.3,69
USG05097,CUST0129,2025-08-05,Reporting,14.3,9
USG05098,CUST0321,2024-02-27,Audit Logs,72.4,26
USG05099,CUST0211,2022-06-29,Dashboard,7.2,44
USG05100,CUST0301,2025-10-18,Integrations,5.5,58
USG05101,CUST0242,2022-09-27,Dashboard,49.6,57
USG05102,CUST0334,2024-11-15,User Management,3.5,60
USG05103,CUST0091,2024-07-27,Reporting,3.8,44
USG05104,CUST0338,2024-03-29,User Management,14.7,54
USG05105,CUST0262,2022-08-19,User Management,31.6,53
USG05106,CUST0220,2024-12-26,Audit Logs,39.5,49
USG05107,CUST0066,2024-08-02,API Access,40.8,77
USG05108,CUST0422,2024-10-22,Bulk Import,17.7,62
USG05109,CUST0077,2022-01-27,Dashboard,36.1,48
USG05110,CUST0082,2024-12-17,Bulk Import,47.7,72
USG05111,CUST0085,2024-03-18,Dashboard,3.3,42
USG05112,CUST0380,2023-04-28,User Management,6.2,15
USG05113,CUST0444,2022-12-18,Integrations,0.6,29
USG05114,CUST0437,2022-05-27,Analytics,0.5,74
USG05115,CUST0406,2022-11-01,Bulk Import,37.4,79
USG05116,CUST0409,2024-07-28,Dashboard,24.3,77
USG05117,CUST0133,2024-09-24,Integrations,48.2,32
USG05118,CUST0189,2025-03-02,Automation,44.3,29
USG05119,CUST0044,2022-04-17,Dashboard,3.0,27
USG05120,CUST0132,2025-11-24,API Access,3.2,19
USG05121,CUST0212,2022-03-25,Analytics,32.9,17
USG05122,CUST0217,2024-09-16,User Management,24.4,52
USG05123,CUST0031,2024-04-01,User Management,29.0,76
USG05124,CUST0070,2024-10-28,Integrations,5.2,56
USG05125,CUST0482,2025-07-26,Integrations,16.1,23
USG05126,CUST0362,2025-04-14,Audit Logs,15.7,35
USG05127,CUST0361,2022-04-06,Bulk Import,3.7,22
USG05128,CUST0192,2024-06-05,Audit Logs,2.6,71
USG05129,CUST0127,2025-10-25,Audit Logs,12.2,43
USG05130,CUST0170,2024-12-12,Automation,21.6,63
USG05131,CUST0229,2023-04-08,Notifications,5.6,10
USG05132,CUST0155,2024-02-27,Bulk Import,5.6,79
USG05133,CUST0026,2025-01-03,API Access,9.7,26
USG05134,CUST0111,2022-01-20,Analytics,28.1,43
USG05135,CUST0441,2023-04-10,Reporting,2.8,34
USG05136,CUST0406,2024-12-25,Integrations,64.0,78
USG05137,CUST0040,2025-07-15,API Access,63.9,39
USG05138,CUST0260,2023-05-03,User Management,20.0,43
USG05139,CUST0218,2023-03-21,Integrations,4.8,49
USG05140,CUST0414,2022-05-28,Analytics,3.6,48
USG05141,CUST0142,2022-03-07,Bulk Import,1.3,60
USG05142,CUST0173,2023-01-29,User Management,17.2,43
USG05143,CUST0112,2022-01-31,User Management,7.9,19
USG05144,CUST0222,2025-09-05,Dashboard,7.9,53
USG05145,CUST0068,2023-02-18,Bulk Import,18.8,66
USG05146,CUST0484,2022-01-26,Notifications,26.3,15
USG05147,CUST0196,2025-07-19,Bulk Import,26.5,50
USG05148,CUST0181,2025-09-21,Audit Logs,7.4,6
USG05149,CUST0018,2022-12-17,Integrations,0.2,21
USG05150,CUST0334,2024-06-08,Notifications,14.7,72
USG05151,CUST0221,2025-04-13,API Access,1.9,62
USG05152,CUST0143,2022-01-04,API Access,12.1,21
USG05153,CUST0377,2025-07-20,Dashboard,26.5,30
USG05154,CUST0408,2023-01-11,Dashboard,1.0,5
USG05155,CUST0173,2022-01-25,Reporting,2.1,72
USG05156,CUST0040,2025-03-07,Integrations,30.7,22
USG05157,CUST0086,2022-01-08,Automation,34.4,70
USG05158,CUST0287,2024-12-21,Notifications,12.9,43
USG05159,CUST0087,2023-08-18,Reporting,11.3,75
USG05160,CUST0286,2024-05-21,API Access,6.1,8
USG05161,CUST0226,2024-03-17,Integrations,24.0,18
USG05162,CUST0472,2025-10-16,API Access,8.3,29
USG05163,CUST0401,2022-04-12,Audit Logs,11.7,75
USG05164,CUST0070,2025-09-19,User Management,3.1,23
USG05165,CUST0392,2022-04-16,API Access,14.3,26
USG05166,CUST0427,2025-12-22,Bulk Import,4.6,9
USG05167,CUST0087,2024-12-21,Notifications,7.2,33
USG05168,CUST0215,2024-04-09,Automation,3.6,20
USG05169,CUST0497,2024-03-13,Analytics,1.1,63
USG05170,CUST0141,2023-06-09,Bulk Import,5.6,24
USG05171,CUST0359,2025-06-13,Dashboard,0.3,38
USG05172,CUST0176,2022-07-20,Dashboard,59.4,56
USG05173,CUST0011,2025-05-20,Notifications,23.4,56
USG05174,CUST0356,2022-04-03,User Management,22.9,2
USG05175,CUST0121,2022-08-12,Audit Logs,4.4,45
USG05176,CUST0023,2025-12-15,Dashboard,8.3,23
USG05177,CUST0162,2023-12-18,Notifications,6.0,46
USG05178,CUST0092,2025-01-31,Reporting,25.0,33
USG05179,CUST0437,2025-11-04,Bulk Import,18.3,15
USG05180,CUST0282,2025-09-09,User Management,10.5,31
USG05181,CUST0446,2025-03-24,Dashboard,7.1,60
USG05182,CUST0459,2025-08-30,Audit Logs,15.2,45
USG05183,CUST0035,2023-11-17,Notifications,2.9,62
USG05184,CUST0304,2023-09-11,Reporting,13.3,14
USG05185,CUST0329,2025-02-11,Integrations,8.8,26
USG05186,CUST0303,2022-10-19,User Management,4.8,38
USG05187,CUST0042,2025-03-24,Reporting,11.2,26
USG05188,CUST0095,2025-03-21,API Access,15.0,20
USG05189,CUST0471,2023-09-18,User Management,23.3,4
USG05190,CUST0259,2023-10-18,User Management,27.2,50
USG05191,CUST0187,2022-10-14,Reporting,14.5,57
USG05192,CUST0016,2024-03-11,Integrations,10.1,54
USG05193,CUST0074,2022-03-29,Bulk Import,47.5,39
USG05194,CUST0233,2024-08-24,Analytics,60.7,63
USG05195,CUST0459,2025-05-16,Bulk Import,32.8,68
USG05196,CUST0437,2025-11-02,Integrations,13.2,64
USG05197,CUST0418,2023-03-23,Automation,4.0,80
USG05198,CUST0013,2025-02-05,Audit Logs,41.4,67
USG05199,CUST0231,2022-11-15,API Access,25.6,72
USG05200,CUST0402,2023-09-21,Audit Logs,19.2,21
USG05201,CUST0277,2023-12-28,API Access,38.4,4
USG05202,CUST0328,2025-12-12,Reporting,27.6,29
USG05203,CUST0478,2023-11-18,Automation,1.2,25
USG05204,CUST0057,2023-12-31,Integrations,1.2,65
USG05205,CUST0259,2024-09-17,API Access,1.4,35
USG05206,CUST0185,2022-05-11,Audit Logs,31.3,53
USG05207,CUST0102,2025-04-18,Notifications,26.8,32
USG05208,CUST0081,2024-01-15,Notifications,3.6,48
USG05209,CUST0236,2023-10-25,Bulk Import,19.3,51
USG05210,CUST0002,2022-08-29,Audit Logs,20.9,34
USG05211,CUST0461,2025-11-22,Reporting,2.3,1
USG05212,CUST0419,2022-02-07,Notifications,6.4,44
USG05213,CUST0373,2023-12-28,User Management,18.4,70
USG05214,CUST0416,2024-04-07,Reporting,18.6,43
USG05215,CUST0029,2024-12-22,API Access,7.1,12
USG05216,CUST0040,2025-07-20,Bulk Import,45.3,25
USG05217,CUST0010,2025-11-07,Reporting,7.7,62
USG05218,CUST0072,2023-10-16,Notifications,13.9,8
USG05219,CUST0195,2024-08-03,Reporting,4.1,15
USG05220,CUST0069,2025-04-14,User Management,18.4,59
USG05221,CUST0060,2022-05-06,Automation,9.8,50
USG05222,CUST0474,2022-01-19,Analytics,4.2,72
USG05223,CUST0095,2024-08-25,Audit Logs,13.4,9
USG05224,CUST0175,2025-04-11,User Management,22.4,44
USG05225,CUST0333,2022-05-06,Analytics,15.3,44
USG05226,CUST0436,2025-08-23,Audit Logs,15.1,14
USG05227,CUST0257,2023-06-30,Integrations,11.6,41
USG05228,CUST0045,2025-05-29,Dashboard,1.9,14
USG05229,CUST0260,2025-07-05,Analytics,5.3,29
USG05230,CUST0178,2024-02-20,Integrations,4.5,4
USG05231,CUST0281,2022-01-14,Dashboard,6.6,45
USG05232,CUST0195,2022-12-16,Dashboard,13.5,21
USG05233,CUST0161,2022-01-07,Audit Logs,8.6,69
USG05234,CUST0439,2024-11-15,Bulk Import,23.6,30
USG05235,CUST0051,2023-08-16,Audit Logs,9.4,66
USG05236,CUST0321,2024-04-15,Bulk Import,5.3,34
USG05237,CUST0219,2025-09-09,Integrations,2.1,77
USG05238,CUST0217,2024-09-16,Dashboard,8.7,19
USG05239,CUST0494,2024-10-20,Bulk Import,65.8,40
USG05240,CUST0097,2024-04-25,Dashboard,3.9,2
USG05241,CUST0005,2023-03-10,Audit Logs,0.4,80
USG05242,CUST0327,2023-11-16,User Management,2.6,78
USG05243,CUST0243,2022-11-09,Bulk Import,5.1,75
USG05244,CUST0089,2022-07-28,Reporting,2.8,5
USG05245,CUST0259,2024-10-06,Dashboard,41.5,11
USG05246,CUST0146,2023-06-19,User Management,40.6,26
USG05247,CUST0310,2025-12-02,Integrations,6.9,63
USG05248,CUST0185,2023-01-03,Integrations,16.3,58
USG05249,CUST0080,2023-05-27,Integrations,1.0,77
USG05250,CUST0491,2023-10-25,API Access,38.9,1
USG05251,CUST0490,2023-07-27,Automation,41.4,66
USG05252,CUST0010,2025-01-11,Analytics,15.3,36
USG05253,CUST0427,2023-03-17,Dashboard,9.0,53
USG05254,CUST0294,2024-03-23,Audit Logs,4.0,4
USG05255,CUST0125,2025-05-30,Dashboard,5.1,62
USG05256,CUST0248,2023-11-10,Analytics,29.5,58
USG05257,CUST0302,2022-06-14,Automation,5.6,72
USG05258,CUST0103,2023-01-31,User Management,33.6,35
USG05259,CUST0185,2022-02-12,User Management,11.6,40
USG05260,CUST0133,2022-09-30,Dashboard,7.7,25
USG05261,CUST0478,2024-01-01,User Management,28.6,38
USG05262,CUST0449,2022-08-16,Analytics,102.3,12
USG05263,CUST0062,2024-12-17,User Management,2.9,53
USG05264,CUST0012,2025-05-08,Analytics,31.5,31
USG05265,CUST0182,2025-07-25,Analytics,24.6,54
USG05266,CUST0111,2022-07-03,Automation,11.4,19
USG05267,CUST0370,2025-09-30,Audit Logs,0.1,47
USG05268,CUST0277,2022-01-23,Bulk Import,6.0,67
USG05269,CUST0163,2022-01-31,Automation,34.9,40
USG05270,CUST0319,2023-07-01,Automation,1.1,58
USG05271,CUST0224,2025-05-03,Bulk Import,32.6,23
USG05272,CUST0035,2024-08-29,Analytics,12.6,19
USG05273,CUST0367,2024-10-23,Bulk Import,22.3,1
USG05274,CUST0354,2022-05-19,Integrations,2.9,80
USG05275,CUST0443,2022-06-30,Audit Logs,0.9,54
USG05276,CUST0132,2023-09-16,User Management,2.8,48
USG05277,CUST0134,2022-02-15,Automation,0.7,44
USG05278,CUST0338,2022-07-29,Integrations,14.8,46
USG05279,CUST0117,2023-03-24,User Management,12.7,72
USG05280,CUST0190,2022-06-01,Automation,85.9,8
USG05281,CUST0254,2023-09-24,Audit Logs,6.3,34
USG05282,CUST0113,2022-09-23,Reporting,5.8,44
USG05283,CUST0209,2025-11-19,Bulk Import,3.6,13
USG05284,CUST0436,2025-04-18,Bulk Import,0.6,41
USG05285,CUST0354,2024-03-18,Audit Logs,3.6,73
USG05286,CUST0331,2023-12-31,Bulk Import,21.7,39
USG05287,CUST0176,2025-07-29,Dashboard,11.8,20
USG05288,CUST0089,2024-05-25,Audit Logs,48.9,76
USG05289,CUST0085,2024-01-15,Audit Logs,1.0,29
USG05290,CUST0033,2023-07-03,Automation,26.4,12
USG05291,CUST0013,2025-06-03,Notifications,6.4,8
USG05292,CUST0308,2025-08-14,Audit Logs,8.0,7
USG05293,CUST0375,2022-01-04,Dashboard,17.6,37
USG05294,CUST0049,2023-05-16,Automation,15.1,63
USG05295,CUST0173,2022-08-24,Dashboard,27.2,1
USG05296,CUST0367,2025-04-03,Automation,19.7,12
USG05297,CUST0409,2025-11-18,Bulk Import,33.3,75
USG05298,CUST0410,2023-10-24,Audit Logs,1.2,33
USG05299,CUST0080,2025-06-21,Automation,36.1,49
USG05300,CUST0448,2024-03-07,Automation,15.8,71
USG05301,CUST0455,2022-03-28,Audit Logs,2.3,1
USG05302,CUST0348,2023-04-25,Integrations,26.3,67
USG05303,CUST0470,2025-07-04,API Access,2.4,9
USG05304,CUST0486,2025-11-17,Automation,5.9,68
USG05305,CUST0308,2024-07-14,Reporting,10.9,63
USG05306,CUST0244,2024-01-20,Dashboard,11.9,47
USG05307,CUST0408,2024-03-21,Bulk Import,19.3,71
USG05308,CUST0019,2024-09-30,Notifications,48.9,74
USG05309,CUST0043,2022-04-29,Reporting,29.9,25
USG05310,CUST0436,2025-11-23,Bulk Import,8.1,57
USG05311,CUST0053,2024-08-01,Reporting,15.6,12
USG05312,CUST0197,2023-01-19,Reporting,2.3,63
USG05313,CUST0044,2023-10-29,Audit Logs,33.4,50
USG05314,CUST0297,2024-03-09,Reporting,65.7,34
USG05315,CUST0433,2024-08-29,Audit Logs,31.1,73
USG05316,CUST0159,2024-11-10,Audit Logs,2.7,77
USG05317,CUST0211,2022-07-09,Automation,19.8,48
USG05318,CUST0438,2025-04-22,API Access,24.1,36
USG05319,CUST0499,2025-07-18,Dashboard,7.7,38
USG05320,CUST0256,2022-02-26,User Management,2.6,14
USG05321,CUST0226,2023-05-09,Reporting,21.0,54
USG05322,CUST0157,2023-12-16,Reporting,14.7,76
USG05323,CUST0339,2025-07-01,User Management,0.4,51
USG05324,CUST0039,2023-06-19,Dashboard,2.7,70
USG05325,CUST0266,2024-06-06,Bulk Import,12.0,72
USG05326,CUST0008,2023-03-11,Integrations,8.6,16
USG05327,CUST0013,2023-04-07,Bulk Import,7.4,79
USG05328,CUST0211,2022-09-23,Audit Logs,2.3,43
USG05329,CUST0293,2023-10-20,Integrations,2.0,68
USG05330,CUST0173,2024-04-15,Integrations,4.3,4
USG05331,CUST0418,2025-07-21,Notifications,2.7,51
USG05332,CUST0013,2024-09-12,Analytics,1.7,36
USG05333,CUST0102,2022-04-13,User Management,5.4,43
USG05334,CUST0309,2025-11-08,Integrations,33.6,8
USG05335,CUST0225,2022-11-13,Notifications,20.5,77
USG05336,CUST0449,2025-07-24,Audit Logs,6.3,79
USG05337,CUST0221,2025-07-13,Dashboard,28.7,16
USG05338,CUST0110,2025-06-19,Bulk Import,15.5,23
USG05339,CUST0302,2023-01-07,Audit Logs,4.7,49
USG05340,CUST0348,2022-04-26,Bulk Import,19.1,48
USG05341,CUST0319,2022-03-21,Dashboard,28.5,23
USG05342,CUST0461,2025-12-12,Notifications,0.5,39
USG05343,CUST0470,2023-01-28,API Access,24.7,28
USG05344,CUST0216,2024-08-30,Analytics,1.1,77
USG05345,CUST0348,2024-12-04,Notifications,9.0,77
USG05346,CUST0482,2024-05-07,Bulk Import,26.2,16
USG05347,CUST0400,2024-01-04,Integrations,0.8,68
USG05348,CUST0242,2025-12-01,Automation,49.6,63
USG05349,CUST0344,2023-06-12,Reporting,7.7,39
USG05350,CUST0167,2024-05-29,Automation,17.7,28
USG05351,CUST0236,2023-09-02,Reporting,17.1,12
USG05352,CUST0137,2022-02-27,Integrations,15.6,39
USG05353,CUST0160,2025-03-24,User Management,57.6,19
USG05354,CUST0184,2024-06-27,User Management,12.5,9
USG05355,CUST0260,2025-05-17,Notifications,3.3,45
USG05356,CUST0302,2022-10-07,Integrations,10.9,11
USG05357,CUST0479,2024-05-08,Bulk Import,0.3,48
USG05358,CUST0472,2025-09-01,Dashboard,15.2,50
USG05359,CUST0354,2024-11-16,Automation,40.2,67
USG05360,CUST0413,2025-12-22,Bulk Import,0.2,73
USG05361,CUST0226,2023-04-28,Automation,13.6,65
USG05362,CUST0377,2025-11-08,Audit Logs,18.3,80
USG05363,CUST0060,2025-11-04,Notifications,2.9,44
USG05364,CUST0459,2025-02-17,Bulk Import,2.0,13
USG05365,CUST0153,2025-05-05,Audit Logs,3.3,64
USG05366,CUST0077,2025-12-14,Dashboard,0.4,27
USG05367,CUST0289,2025-03-30,Notifications,34.9,3
USG05368,CUST0216,2022-05-18,Automation,6.2,48
USG05369,CUST0049,2023-02-26,Bulk Import,12.9,65
USG05370,CUST0166,2023-01-01,Bulk Import,17.0,79
USG05371,CUST0343,2022-08-24,Dashboard,8.3,42
USG05372,CUST0211,2025-06-11,Bulk Import,29.9,15
USG05373,CUST0058,2024-12-30,Dashboard,17.2,12
USG05374,CUST0319,2025-11-03,Dashboard,23.2,70
USG05375,CUST0449,2025-09-02,Audit Logs,72.0,16
USG05376,CUST0118,2022-08-17,User Management,60.0,13
USG05377,CUST0211,2025-02-04,User Management,64.6,14
USG05378,CUST0206,2022-07-04,API Access,30.4,37
USG05379,CUST0022,2025-11-05,Automation,3.9,44
USG05380,CUST0484,2024-05-19,Audit Logs,1.0,59
USG05381,CUST0027,2023-10-05,Automation,0.3,55
USG05382,CUST0331,2024-10-03,Notifications,77.6,71
USG05383,CUST0327,2024-11-24,Analytics,13.8,26
USG05384,CUST0046,2024-06-29,Notifications,9.9,52
USG05385,CUST0043,2025-10-10,User Management,23.8,19
USG05386,CUST0351,2024-09-09,User Management,8.3,61
USG05387,CUST0476,2025-08-15,Analytics,17.3,54
USG05388,CUST0427,2024-03-22,Dashboard,22.2,78
USG05389,CUST0112,2022-02-08,User Management,2.3,79
USG05390,CUST0496,2025-02-12,Bulk Import,20.1,28
USG05391,CUST0029,2023-04-05,API Access,0.9,28
USG05392,CUST0344,2024-03-16,Dashboard,0.6,67
USG05393,CUST0320,2023-11-03,Dashboard,4.2,36
USG05394,CUST0062,2022-06-14,Dashboard,67.2,67
USG05395,CUST0023,2025-06-25,Notifications,3.9,10
USG05396,CUST0420,2023-05-23,Analytics,10.7,20
USG05397,CUST0196,2022-06-11,Dashboard,47.8,16
USG05398,CUST0108,2025-06-30,User Management,46.7,74
USG05399,CUST0364,2025-09-18,Reporting,5.2,14
USG05400,CUST0127,2024-10-19,Automation,0.4,70
USG05401,CUST0060,2023-02-15,User Management,12.5,11
USG05402,CUST0016,2023-11-26,Dashboard,2.6,60
USG05403,CUST0180,2023-11-08,Notifications,28.6,59
USG05404,CUST0452,2022-12-20,Analytics,1.6,78
USG05405,CUST0247,2025-12-27,User Management,27.2,50
USG05406,CUST0086,2022-11-29,Notifications,3.8,45
USG05407,CUST0436,2025-01-20,Integrations,6.2,39
USG05408,CUST0412,2022-11-10,Integrations,13.4,1
USG05409,CUST0306,2024-11-09,API Access,10.7,22
USG05410,CUST0039,2023-03-09,Analytics,3.4,74
USG05411,CUST0066,2022-08-04,Automation,120.0,44
USG05412,CUST0227,2022-10-20,User Management,13.7,44
USG05413,CUST0422,2023-10-13,Integrations,7.4,51
USG05414,CUST0403,2024-07-02,Dashboard,13.4,6
USG05415,CUST0306,2023-02-28,API Access,34.6,62
USG05416,CUST0207,2025-04-01,Bulk Import,31.0,77
USG05417,CUST0427,2022-03-30,API Access,6.6,31
USG05418,CUST0367,2022-12-19,Bulk Import,3.5,13
USG05419,CUST0137,2022-06-21,Analytics,47.3,30
USG05420,CUST0085,2024-04-03,Audit Logs,7.3,71
USG05421,CUST0401,2022-05-04,Analytics,13.3,10
USG05422,CUST0174,2022-06-06,Analytics,0.6,22
USG05423,CUST0496,2022-05-10,Integrations,2.8,14
USG05424,CUST0168,2023-12-29,Bulk Import,72.9,40
USG05425,CUST0209,2024-10-02,Integrations,4.9,59
USG05426,CUST0244,2024-11-20,User Management,12.7,30
USG05427,CUST0176,2024-04-17,Audit Logs,45.8,2
USG05428,CUST0095,2022-12-08,API Access,69.4,73
USG05429,CUST0081,2024-02-05,Notifications,22.1,72
USG05430,CUST0200,2023-03-17,Notifications,21.5,24
USG05431,CUST0238,2022-08-06,User Management,27.9,41
USG05432,CUST0160,2022-02-16,Audit Logs,16.7,17
USG05433,CUST0313,2022-05-05,User Management,9.3,1
USG05434,CUST0266,2025-01-03,Audit Logs,15.0,52
USG05435,CUST0091,2022-02-19,User Management,31.9,63
USG05436,CUST0151,2024-04-24,Reporting,21.8,37
USG05437,CUST0451,2023-06-29,Automation,6.3,45
USG05438,CUST0049,2023-04-19,Analytics,48.3,13
USG05439,CUST0271,2023-09-19,API Access,10.9,41
USG05440,CUST0241,2025-12-10,API Access,3.3,41
USG05441,CUST0293,2024-11-15,Audit Logs,11.3,75
USG05442,CUST0239,2024-01-18,Dashboard,7.8,47
USG05443,CUST0483,2023-07-29,Reporting,1.9,67
USG05444,CUST0380,2022-06-29,API Access,6.6,79
USG05445,CUST0438,2022-12-20,Audit Logs,48.4,25
USG05446,CUST0229,2024-03-27,Integrations,16.3,21
USG05447,CUST0289,2023-08-27,Bulk Import,4.6,36
USG05448,CUST0220,2025-05-23,Audit Logs,6.9,24
USG05449,CUST0336,2023-09-08,Bulk Import,24.5,43
USG05450,CUST0038,2022-04-09,Integrations,5.2,4
USG05451,CUST0482,2025-08-28,Notifications,51.1,77
USG05452,CUST0388,2025-11-02,Notifications,26.9,21
USG05453,CUST0421,2024-02-15,Reporting,15.3,18
USG05454,CUST0337,2023-11-02,Audit Logs,0.5,6
USG05455,CUST0325,2022-04-19,Audit Logs,18.3,29
USG05456,CUST0226,2022-08-24,Dashboard,44.2,30
USG05457,CUST0116,2022-02-05,Reporting,27.5,26
USG05458,CUST0041,2022-08-14,Reporting,5.0,50
USG05459,CUST0429,2023-05-21,Audit Logs,13.9,53
USG05460,CUST0403,2025-04-27,Analytics,10.0,68
USG05461,CUST0316,2023-02-16,User Management,23.9,16
USG05462,CUST0322,2025-11-03,Automation,41.9,12
USG05463,CUST0142,2022-06-17,Audit Logs,0.3,25
USG05464,CUST0090,2025-09-08,Analytics,0.6,41
USG05465,CUST0327,2022-04-24,User Management,25.6,53
USG05466,CUST0213,2025-12-07,User Management,21.6,33
USG05467,CUST0204,2025-09-17,Analytics,25.2,34
USG05468,CUST0236,2025-08-20,Reporting,22.6,2
USG05469,CUST0319,2022-01-30,Audit Logs,17.0,6
USG05470,CUST0434,2023-03-04,Dashboard,4.7,53
USG05471,CUST0193,2025-07-07,Reporting,36.1,13
USG05472,CUST0500,2025-02-11,Notifications,1.9,33
USG05473,CUST0014,2023-09-18,User Management,47.8,34
USG05474,CUST0173,2024-03-31,Automation,13.6,72
USG05475,CUST0459,2022-10-16,Bulk Import,6.6,9
USG05476,CUST0432,2023-06-10,Audit Logs,35.2,63
USG05477,CUST0450,2025-11-27,API Access,18.1,29
USG05478,CUST0254,2022-05-07,API Access,53.7,35
USG05479,CUST0085,2023-05-14,Reporting,12.9,21
USG05480,CUST0372,2024-06-27,API Access,0.7,1
USG05481,CUST0322,2025-10-13,Audit Logs,33.1,21
USG05482,CUST0079,2023-01-24,Audit Logs,19.1,2
USG05483,CUST0438,2022-02-18,Analytics,60.2,62
USG05484,CUST0109,2023-08-08,Bulk Import,46.9,16
USG05485,CUST0193,2024-07-01,Audit Logs,32.9,69
USG05486,CUST0104,2022-04-23,Automation,20.3,30
USG05487,CUST0408,2023-05-09,Audit Logs,4.8,46
USG05488,CUST0197,2025-09-24,Bulk Import,2.0,28
USG05489,CUST0095,2025-11-14,Reporting,33.0,12
USG05490,CUST0356,2025-06-04,Audit Logs,21.9,37
USG05491,CUST0466,2024-08-05,Reporting,13.9,27
USG05492,CUST0199,2022-05-06,Integrations,35.4,4
USG05493,CUST0338,2024-03-06,Audit Logs,1.9,70
USG05494,CUST0179,2023-11-13,Automation,9.7,10
USG05495,CUST0045,2024-10-19,Dashboard,11.4,51
USG05496,CUST0325,2024-02-13,Notifications,71.0,24
USG05497,CUST0252,2024-12-19,Audit Logs,2.4,17
USG05498,CUST0372,2022-08-04,Notifications,11.8,21
USG05499,CUST0312,2025-09-01,API Access,22.5,64
USG05500,CUST0417,2022-05-26,Dashboard,27.7,17
USG05501,CUST0396,2023-08-18,Reporting,9.5,71
USG05502,CUST0231,2023-04-24,Reporting,117.8,46
USG05503,CUST0294,2025-09-18,API Access,9.7,49
USG05504,CUST0097,2025-01-10,Notifications,17.0,1
USG05505,CUST0249,2023-09-08,Reporting,43.4,55
USG05506,CUST0045,2024-02-19,Audit Logs,40.8,12
USG05507,CUST0380,2023-03-01,User Management,0.4,41
USG05508,CUST0112,2023-09-15,Integrations,9.9,78
USG05509,CUST0185,2024-04-22,Audit Logs,27.9,73
USG05510,CUST0427,2024-07-02,Analytics,13.1,79
USG05511,CUST0209,2022-01-21,Dashboard,77.3,72
USG05512,CUST0136,2022-09-01,Analytics,31.0,2
USG05513,CUST0207,2023-05-15,Notifications,16.1,55
USG05514,CUST0217,2022-03-27,User Management,44.1,62
USG05515,CUST0029,2025-02-03,Automation,6.5,1
USG05516,CUST0188,2022-07-26,Reporting,8.3,63
USG05517,CUST0163,2024-09-12,Dashboard,1.3,29
USG05518,CUST0009,2025-11-08,Notifications,12.8,79
USG05519,CUST0389,2024-10-29,Integrations,25.0,45
USG05520,CUST0298,2025-11-01,Audit Logs,6.2,30
USG05521,CUST0392,2022-02-20,Reporting,51.0,6
USG05522,CUST0116,2022-09-20,Automation,15.2,32
USG05523,CUST0023,2023-07-10,Dashboard,5.1,58
USG05524,CUST0064,2023-02-11,Bulk Import,5.4,33
USG05525,CUST0380,2025-07-06,Notifications,14.5,17
USG05526,CUST0223,2025-05-05,Analytics,43.3,41
USG05527,CUST0480,2025-12-10,Notifications,4.8,48
USG05528,CUST0383,2023-10-22,User Management,71.8,49
USG05529,CUST0040,2024-02-29,Analytics,1.2,56
USG05530,CUST0319,2024-09-20,Reporting,2.9,27
USG05531,CUST0229,2024-04-09,Bulk Import,4.5,68
USG05532,CUST0255,2025-04-29,Notifications,7.5,43
USG05533,CUST0278,2025-05-05,Bulk Import,32.6,4
USG05534,CUST0245,2024-11-09,Automation,2.9,75
USG05535,CUST0369,2023-05-03,Analytics,1.0,30
USG05536,CUST0460,2022-05-01,Reporting,10.4,78
USG05537,CUST0408,2022-11-14,Reporting,24.9,79
USG05538,CUST0260,2022-12-30,Notifications,14.5,32
USG05539,CUST0347,2023-04-23,Integrations,13.7,80
USG05540,CUST0122,2024-02-08,Bulk Import,4.7,34
USG05541,CUST0247,2022-06-04,Analytics,33.6,10
USG05542,CUST0086,2024-02-26,API Access,1.7,13
USG05543,CUST0172,2022-11-03,Integrations,3.2,20
USG05544,CUST0487,2023-02-08,Analytics,25.9,66
USG05545,CUST0426,2023-07-17,Audit Logs,46.6,50
USG05546,CUST0291,2023-11-10,Integrations,73.3,39
USG05547,CUST0424,2022-10-17,API Access,2.8,60
USG05548,CUST0066,2022-06-06,Automation,29.1,65
USG05549,CUST0295,2023-12-28,Bulk Import,9.2,37
USG05550,CUST0332,2025-06-09,User Management,32.3,60
USG05551,CUST0342,2024-12-18,Bulk Import,29.0,77
USG05552,CUST0483,2025-07-24,Notifications,13.7,64
USG05553,CUST0350,2024-05-08,Reporting,47.1,33
USG05554,CUST0277,2024-11-28,Dashboard,75.8,55
USG05555,CUST0081,2024-12-01,Notifications,1.0,11
USG05556,CUST0474,2024-04-26,API Access,1.3,24
USG05557,CUST0005,2024-05-12,Automation,8.1,51
USG05558,CUST0478,2023-05-06,Analytics,6.7,58
USG05559,CUST0142,2025-11-02,API Access,16.2,46
USG05560,CUST0301,2023-07-08,Integrations,30.0,22
USG05561,CUST0102,2025-05-17,Bulk Import,6.9,42
USG05562,CUST0250,2022-07-29,User Management,5.1,13
USG05563,CUST0008,2025-03-25,User Management,3.5,60
USG05564,CUST0383,2024-03-29,Automation,40.7,42
USG05565,CUST0362,2022-08-07,API Access,4.9,6
USG05566,CUST0420,2023-06-23,Automation,0.4,4
USG05567,CUST0230,2023-03-30,Reporting,0.6,5
USG05568,CUST0132,2025-06-02,Dashboard,6.3,48
USG05569,CUST0231,2024-09-11,Analytics,16.4,60
USG05570,CUST0084,2023-03-27,API Access,15.0,9
USG05571,CUST0013,2024-11-05,User Management,69.0,75
USG05572,CUST0084,2024-08-27,Integrations,12.8,61
USG05573,CUST0259,2022-10-22,Notifications,2.1,77
USG05574,CUST0116,2022-12-17,User Management,1.6,70
USG05575,CUST0096,2025-01-07,Automation,30.1,30
USG05576,CUST0169,2024-05-17,API Access,7.6,80
USG05577,CUST0395,2024-07-11,Analytics,1.3,46
USG05578,CUST0266,2025-12-17,Integrations,0.1,20
USG05579,CUST0380,2024-06-27,Audit Logs,10.3,63
USG05580,CUST0354,2025-09-26,Dashboard,0.6,23
USG05581,CUST0416,2025-02-02,API Access,27.2,44
USG05582,CUST0079,2024-07-16,Integrations,18.9,35
USG05583,CUST0424,2025-12-28,Audit Logs,14.4,29
USG05584,CUST0097,2022-08-24,Reporting,14.9,74
USG05585,CUST0336,2023-05-19,API Access,6.5,48
USG05586,CUST0107,2023-10-26,Analytics,27.8,3
USG05587,CUST0148,2024-03-02,Dashboard,18.0,51
USG05588,CUST0241,2023-03-03,Integrations,37.8,2
USG05589,CUST0040,2025-01-30,Audit Logs,7.4,2
USG05590,CUST0232,2022-05-22,API Access,12.5,23
USG05591,CUST0392,2023-10-30,Dashboard,26.1,56
USG05592,CUST0096,2025-09-26,Analytics,3.4,78
USG05593,CUST0418,2022-12-28,Integrations,7.2,45
USG05594,CUST0192,2024-03-12,API Access,35.8,12
USG05595,CUST0102,2023-10-10,Bulk Import,5.6,34
USG05596,CUST0117,2022-05-05,Audit Logs,5.5,68
USG05597,CUST0218,2023-07-20,Analytics,22.4,21
USG05598,CUST0471,2022-04-01,User Management,35.0,24
USG05599,CUST0241,2024-10-20,Audit Logs,11.4,58
USG05600,CUST0154,2022-06-28,Automation,41.9,79
USG05601,CUST0430,2025-12-26,Reporting,2.1,66
USG05602,CUST0024,2025-08-12,Integrations,19.6,29
USG05603,CUST0313,2025-01-16,Dashboard,11.0,28
USG05604,CUST0413,2023-12-05,Notifications,32.3,78
USG05605,CUST0033,2022-10-06,Reporting,19.4,43
USG05606,CUST0334,2022-09-08,API Access,38.2,55
USG05607,CUST0010,2024-07-21,Automation,24.3,57
USG05608,CUST0297,2022-04-10,Notifications,85.8,57
USG05609,CUST0367,2025-02-14,Notifications,23.4,43
USG05610,CUST0449,2025-05-26,Notifications,4.8,38
USG05611,CUST0327,2024-01-24,Notifications,25.1,5
USG05612,CUST0271,2022-10-06,Reporting,1.8,18
USG05613,CUST0257,2024-01-28,Bulk Import,31.6,28
USG05614,CUST0310,2024-12-03,Integrations,7.2,9
USG05615,CUST0354,2022-04-09,Integrations,5.9,46
USG05616,CUST0031,2024-01-29,Integrations,8.5,59
USG05617,CUST0383,2024-06-10,Audit Logs,20.5,31
USG05618,CUST0448,2023-09-15,Automation,3.5,17
USG05619,CUST0491,2025-02-02,Automation,10.6,22
USG05620,CUST0266,2023-02-07,Dashboard,3.7,64
USG05621,CUST0165,2022-09-15,Dashboard,6.4,71
USG05622,CUST0228,2025-08-08,Dashboard,0.2,46
USG05623,CUST0172,2023-08-15,User Management,9.0,24
USG05624,CUST0256,2024-10-20,Audit Logs,33.4,65
USG05625,CUST0055,2022-11-11,Notifications,3.5,32
USG05626,CUST0158,2024-08-15,Notifications,3.3,3
USG05627,CUST0211,2024-12-26,User Management,6.1,63
USG05628,CUST0493,2022-10-26,Bulk Import,30.7,44
USG05629,CUST0062,2025-03-15,Audit Logs,6.6,72
USG05630,CUST0228,2022-11-30,Notifications,7.7,50
USG05631,CUST0286,2025-05-04,Bulk Import,12.2,74
USG05632,CUST0197,2022-08-06,Automation,49.5,1
USG05633,CUST0398,2025-10-25,Notifications,1.8,55
USG05634,CUST0113,2023-11-19,Audit Logs,18.8,51
USG05635,CUST0438,2022-08-10,Bulk Import,3.7,34
USG05636,CUST0152,2023-07-21,Analytics,20.2,75
USG05637,CUST0250,2024-03-28,Analytics,20.0,43
USG05638,CUST0314,2024-04-29,Dashboard,3.7,4
USG05639,CUST0386,2025-08-18,Integrations,5.9,41
USG05640,CUST0062,2023-05-02,Dashboard,15.7,15
USG05641,CUST0299,2022-10-16,Notifications,23.7,38
USG05642,CUST0101,2023-11-14,Notifications,29.5,40
USG05643,CUST0488,2023-09-04,Reporting,26.3,37
USG05644,CUST0076,2022-12-06,Analytics,7.0,36
USG05645,CUST0460,2023-10-17,Automation,10.4,6
USG05646,CUST0291,2023-12-21,User Management,17.4,11
USG05647,CUST0257,2024-08-03,User Management,5.7,16
USG05648,CUST0265,2022-01-25,Integrations,2.7,77
USG05649,CUST0256,2025-01-20,API Access,19.5,72
USG05650,CUST0475,2024-02-10,Bulk Import,1.6,49
USG05651,CUST0095,2023-12-22,Dashboard,31.8,67
USG05652,CUST0481,2023-09-28,Audit Logs,1.1,68
USG05653,CUST0342,2025-05-24,Audit Logs,2.2,48
USG05654,CUST0364,2025-02-09,Dashboard,1.1,65
USG05655,CUST0053,2024-05-22,Audit Logs,0.8,2
USG05656,CUST0316,2022-11-14,Analytics,30.8,66
USG05657,CUST0112,2023-06-07,Audit Logs,0.3,78
USG05658,CUST0197,2023-05-02,User Management,2.5,64
USG05659,CUST0216,2025-05-18,Notifications,68.6,38
USG05660,CUST0354,2022-12-16,Integrations,12.6,9
USG05661,CUST0293,2022-06-08,API Access,9.4,39
USG05662,CUST0486,2023-04-25,Notifications,2.7,77
USG05663,CUST0246,2025-11-13,Integrations,0.6,27
USG05664,CUST0024,2024-04-09,Dashboard,6.1,54
USG05665,CUST0306,2024-10-09,API Access,17.6,62
USG05666,CUST0079,2023-01-10,Audit Logs,50.6,40
USG05667,CUST0306,2024-11-29,API Access,12.8,44
USG05668,CUST0354,2022-03-03,API Access,0.3,42
USG05669,CUST0368,2025-05-05,Audit Logs,11.5,26
USG05670,CUST0140,2022-12-01,Audit Logs,20.2,11
USG05671,CUST0416,2025-07-04,Reporting,17.5,6
USG05672,CUST0266,2024-10-22,User Management,9.6,46
USG05673,CUST0391,2025-04-03,Reporting,21.8,69
USG05674,CUST0464,2023-02-04,API Access,13.3,47
USG05675,CUST0424,2023-02-09,Dashboard,10.6,70
USG05676,CUST0106,2022-01-04,API Access,5.2,18
USG05677,CUST0312,2022-10-17,User Management,5.8,16
USG05678,CUST0072,2023-04-13,Bulk Import,6.0,50
USG05679,CUST0117,2024-07-11,User Management,5.2,53
USG05680,CUST0435,2023-09-24,Bulk Import,8.1,57
USG05681,CUST0016,2023-05-06,User Management,2.7,23
USG05682,CUST0181,2023-10-12,Dashboard,5.8,4
USG05683,CUST0294,2025-12-22,Reporting,57.7,56
USG05684,CUST0102,2024-11-09,Dashboard,3.0,15
USG05685,CUST0023,2022-04-15,User Management,1.7,47
USG05686,CUST0400,2024-11-02,Analytics,21.0,38
USG05687,CUST0475,2024-03-15,Dashboard,2.6,21
USG05688,CUST0245,2025-06-27,Integrations,53.9,4
USG05689,CUST0096,2025-06-15,Bulk Import,12.5,44
USG05690,CUST0125,2022-06-24,Notifications,2.7,18
USG05691,CUST0382,2022-09-19,Analytics,51.6,17
USG05692,CUST0295,2022-09-18,Notifications,15.6,52
USG05693,CUST0404,2023-05-30,Dashboard,3.6,15
USG05694,CUST0416,2025-11-16,Automation,27.2,15
USG05695,CUST0008,2024-11-21,User Management,70.1,45
USG05696,CUST0113,2023-06-19,Dashboard,35.8,28
USG05697,CUST0286,2022-08-18,Bulk Import,12.8,79
USG05698,CUST0169,2023-10-10,Notifications,8.7,37
USG05699,CUST0438,2024-06-25,Bulk Import,19.5,59
USG05700,CUST0490,2024-03-02,Audit Logs,18.0,11
USG05701,CUST0316,2025-11-15,Reporting,9.5,34
USG05702,CUST0305,2024-03-15,Automation,3.7,56
USG05703,CUST0176,2025-12-18,Reporting,12.9,18
USG05704,CUST0473,2024-06-20,Bulk Import,31.0,59
USG05705,CUST0301,2025-11-30,Integrations,6.2,67
USG05706,CUST0008,2024-11-02,API Access,1.6,56
USG05707,CUST0348,2024-05-22,Automation,7.6,42
USG05708,CUST0233,2024-11-10,User Management,7.2,39
USG05709,CUST0022,2023-12-10,User Management,27.7,53
USG05710,CUST0483,2023-02-08,Automation,2.3,34
USG05711,CUST0137,2025-10-03,User Management,11.3,31
USG05712,CUST0227,2022-03-08,Automation,3.1,7
USG05713,CUST0401,2023-11-12,User Management,5.9,22
USG05714,CUST0379,2023-08-29,Reporting,42.5,23
USG05715,CUST0197,2022-11-16,Dashboard,57.2,43
USG05716,CUST0413,2025-07-16,Integrations,0.5,61
USG05717,CUST0483,2022-02-01,User Management,18.8,50
USG05718,CUST0409,2025-10-17,Analytics,1.8,32
USG05719,CUST0299,2024-08-14,Analytics,98.7,40
USG05720,CUST0494,2024-12-04,API Access,2.6,69
USG05721,CUST0254,2022-10-27,Audit Logs,80.8,66
USG05722,CUST0005,2025-11-27,Reporting,47.8,4
USG05723,CUST0085,2022-12-11,Notifications,24.0,51
USG05724,CUST0402,2024-01-25,Audit Logs,30.1,42
USG05725,CUST0499,2022-06-08,Reporting,11.6,63
USG05726,CUST0328,2025-02-02,Dashboard,0.2,65
USG05727,CUST0086,2022-04-23,API Access,65.2,28
USG05728,CUST0479,2023-05-19,Dashboard,8.5,16
USG05729,CUST0298,2025-09-27,Dashboard,3.2,11
USG05730,CUST0236,2023-01-16,Audit Logs,1.0,60
USG05731,CUST0402,2023-01-21,User Management,0.0,3
USG05732,CUST0358,2025-10-03,Integrations,7.8,2
USG05733,CUST0103,2022-04-03,Audit Logs,14.2,44
USG05734,CUST0464,2022-04-26,Analytics,21.0,66
USG05735,CUST0218,2024-11-06,Integrations,31.8,12
USG05736,CUST0192,2023-01-27,Audit Logs,27.3,35
USG05737,CUST0477,2022-07-04,Reporting,12.9,62
USG05738,CUST0111,2023-07-11,Integrations,95.4,78
USG05739,CUST0155,2022-06-19,Notifications,7.6,9
USG05740,CUST0152,2023-02-10,Reporting,2.2,76
USG05741,CUST0386,2025-08-19,Audit Logs,29.0,47
USG05742,CUST0364,2025-05-02,Reporting,23.9,59
USG05743,CUST0427,2025-01-24,Bulk Import,7.5,44
USG05744,CUST0386,2023-04-29,User Management,2.4,56
USG05745,CUST0144,2023-04-02,Reporting,41.7,35
USG05746,CUST0020,2022-12-20,Automation,10.8,74
USG05747,CUST0173,2022-04-21,User Management,8.3,60
USG05748,CUST0456,2023-07-26,Reporting,20.1,79
USG05749,CUST0417,2025-02-12,Analytics,0.4,32
USG05750,CUST0372,2025-03-04,Dashboard,34.8,34
USG05751,CUST0119,2023-03-25,Reporting,11.6,4
USG05752,CUST0437,2024-10-07,Notifications,42.4,23
USG05753,CUST0077,2025-07-13,Notifications,19.8,72
USG05754,CUST0030,2024-10-04,Integrations,14.0,59
USG05755,CUST0400,2022-11-13,Analytics,7.5,7
USG05756,CUST0308,2023-02-23,Reporting,24.4,27
USG05757,CUST0294,2023-08-04,Bulk Import,76.7,30
USG05758,CUST0338,2022-11-17,API Access,4.6,49
USG05759,CUST0382,2025-01-31,Automation,58.5,28
USG05760,CUST0466,2023-02-09,Dashboard,2.9,44
USG05761,CUST0260,2023-12-15,Integrations,3.1,76
USG05762,CUST0319,2023-04-25,Reporting,7.4,11
USG05763,CUST0449,2024-01-02,Reporting,14.2,43
USG05764,CUST0029,2024-09-18,Audit Logs,11.9,17
USG05765,CUST0125,2022-07-27,Dashboard,23.8,75
USG05766,CUST0086,2025-11-22,Bulk Import,10.6,67
USG05767,CUST0476,2023-11-14,Dashboard,0.8,7
USG05768,CUST0174,2025-01-25,Audit Logs,1.9,29
USG05769,CUST0102,2022-03-06,Automation,9.2,73
USG05770,CUST0309,2023-01-27,Automation,12.2,73
USG05771,CUST0442,2022-05-27,Integrations,9.3,1
USG05772,CUST0350,2024-10-25,Dashboard,46.7,78
USG05773,CUST0196,2023-08-11,User Management,28.3,55
USG05774,CUST0479,2025-05-28,Dashboard,18.3,15
USG05775,CUST0035,2023-03-19,Reporting,15.5,31
USG05776,CUST0343,2025-07-29,Bulk Import,46.2,8
USG05777,CUST0217,2024-04-05,Dashboard,0.1,74
USG05778,CUST0353,2025-05-23,User Management,15.9,28
USG05779,CUST0257,2025-11-18,Integrations,1.1,63
USG05780,CUST0325,2025-09-28,Dashboard,28.1,74
USG05781,CUST0164,2024-09-30,Bulk Import,34.8,43
USG05782,CUST0250,2022-04-06,Reporting,6.4,36
USG05783,CUST0174,2022-07-21,Reporting,41.2,55
USG05784,CUST0380,2023-12-08,Reporting,2.7,10
USG05785,CUST0045,2023-10-05,Automation,52.2,26
USG05786,CUST0276,2025-10-22,User Management,20.6,22
USG05787,CUST0152,2024-05-24,API Access,19.9,62
USG05788,CUST0269,2024-12-26,User Management,16.8,17
USG05789,CUST0004,2023-01-03,Analytics,28.3,40
USG05790,CUST0144,2025-03-08,Reporting,5.6,67
USG05791,CUST0259,2025-06-24,Analytics,2.2,79
USG05792,CUST0232,2024-04-10,API Access,19.1,69
USG05793,CUST0263,2024-06-20,Automation,31.0,71
USG05794,CUST0415,2023-05-11,Dashboard,1.6,55
USG05795,CUST0091,2023-01-01,Notifications,48.6,19
USG05796,CUST0234,2024-02-14,Integrations,44.0,11
USG05797,CUST0051,2023-10-19,Dashboard,10.7,54
USG05798,CUST0415,2022-09-17,Automation,2.8,16
USG05799,CUST0357,2022-08-17,Reporting,5.9,60
USG05800,CUST0470,2023-03-05,Dashboard,1.7,41
USG05801,CUST0199,2022-04-27,API Access,7.9,5
USG05802,CUST0287,2023-07-18,Automation,31.2,3
USG05803,CUST0113,2024-06-25,Analytics,10.8,80
USG05804,CUST0034,2025-03-14,Reporting,20.0,17
USG05805,CUST0219,2023-07-17,Dashboard,5.9,19
USG05806,CUST0120,2023-04-07,Integrations,5.3,4
USG05807,CUST0029,2023-11-09,User Management,1.5,66
USG05808,CUST0230,2023-08-26,Integrations,27.6,77
USG05809,CUST0367,2025-11-16,Analytics,11.6,38
USG05810,CUST0109,2023-05-26,Automation,22.4,16
USG05811,CUST0161,2024-01-01,Analytics,31.4,11
USG05812,CUST0338,2025-07-18,Notifications,5.8,40
USG05813,CUST0009,2023-11-12,API Access,1.9,17
USG05814,CUST0155,2024-08-17,Notifications,44.2,20
USG05815,CUST0486,2024-04-08,Reporting,20.1,54
USG05816,CUST0466,2023-07-26,Audit Logs,31.7,12
USG05817,CUST0358,2023-09-25,Analytics,5.2,58
USG05818,CUST0494,2024-10-28,Integrations,1.0,76
USG05819,CUST0304,2025-12-20,Integrations,68.3,64
USG05820,CUST0263,2022-02-08,User Management,27.7,50
USG05821,CUST0219,2025-10-18,Automation,38.7,60
USG05822,CUST0062,2023-10-14,Automation,25.5,25
USG05823,CUST0380,2023-01-25,Reporting,12.0,36
USG05824,CUST0240,2022-08-03,Analytics,11.0,29
USG05825,CUST0080,2022-10-26,Reporting,24.0,24
USG05826,CUST0356,2023-12-17,Audit Logs,34.1,59
USG05827,CUST0176,2023-08-31,Notifications,6.9,25
USG05828,CUST0017,2024-09-08,Bulk Import,6.3,11
USG05829,CUST0464,2024-05-20,User Management,11.1,44
USG05830,CUST0143,2022-02-17,Audit Logs,47.0,43
USG05831,CUST0367,2025-11-12,API Access,5.8,14
USG05832,CUST0295,2025-06-12,Analytics,2.3,34
USG05833,CUST0167,2025-02-19,Integrations,4.7,18
USG05834,CUST0090,2022-12-13,Dashboard,17.4,68
USG05835,CUST0396,2022-09-14,Integrations,5.1,42
USG05836,CUST0298,2023-07-22,Integrations,2.9,29
USG05837,CUST0366,2022-11-16,Bulk Import,9.8,69
USG05838,CUST0386,2025-04-14,Notifications,4.4,42
USG05839,CUST0446,2025-02-23,Audit Logs,77.9,7
USG05840,CUST0483,2025-12-21,Automation,36.6,77
USG05841,CUST0224,2024-01-01,Bulk Import,8.4,65
USG05842,CUST0450,2023-05-17,User Management,5.4,20
USG05843,CUST0142,2022-03-31,Reporting,16.3,2
USG05844,CUST0489,2024-01-19,Reporting,10.4,76
USG05845,CUST0017,2022-08-11,Notifications,1.4,37
USG05846,CUST0253,2025-04-13,User Management,15.0,41
USG05847,CUST0043,2023-05-27,Analytics,2.4,31
USG05848,CUST0335,2022-01-29,Notifications,30.5,72
USG05849,CUST0122,2024-06-05,Automation,10.6,3
USG05850,CUST0301,2023-10-29,Audit Logs,10.3,53
USG05851,CUST0288,2022-10-10,Reporting,7.2,62
USG05852,CUST0337,2023-08-14,Bulk Import,17.0,49
USG05853,CUST0115,2023-10-29,User Management,9.9,28
USG05854,CUST0475,2024-11-10,Audit Logs,15.8,77
USG05855,CUST0172,2024-06-22,Dashboard,37.0,36
USG05856,CUST0312,2024-05-04,Dashboard,22.9,47
USG05857,CUST0066,2022-10-01,Analytics,23.9,18
USG05858,CUST0240,2024-09-20,Reporting,3.9,3
USG05859,CUST0257,2022-01-08,Analytics,5.6,4
USG05860,CUST0439,2025-02-27,Reporting,17.4,11
USG05861,CUST0126,2024-07-11,Dashboard,9.1,73
USG05862,CUST0181,2023-08-31,Bulk Import,16.9,3
USG05863,CUST0317,2025-12-29,Reporting,34.1,34
USG05864,CUST0136,2025-04-22,Reporting,6.8,69
USG05865,CUST0080,2024-09-29,Automation,13.3,30
USG05866,CUST0477,2025-04-13,Notifications,0.0,38
USG05867,CUST0486,2024-11-25,Automation,6.9,31
USG05868,CUST0144,2024-08-21,Dashboard,4.3,9
USG05869,CUST0225,2025-04-12,Automation,2.9,65
USG05870,CUST0237,2025-08-10,Notifications,7.5,18
USG05871,CUST0247,2024-05-24,Bulk Import,30.4,45
USG05872,CUST0407,2023-01-06,Analytics,5.6,57
USG05873,CUST0399,2025-10-23,Notifications,45.7,76
USG05874,CUST0385,2023-11-22,Integrations,7.4,17
USG05875,CUST0078,2024-07-31,Reporting,26.0,78
USG05876,CUST0275,2022-09-01,Analytics,13.4,78
USG05877,CUST0317,2023-11-13,Audit Logs,14.6,22
USG05878,CUST0302,2024-02-14,Automation,45.5,40
USG05879,CUST0082,2023-08-25,API Access,30.5,6
USG05880,CUST0254,2023-03-09,Notifications,8.2,35
USG05881,CUST0437,2022-04-23,User Management,16.7,44
USG05882,CUST0097,2022-05-16,User Management,2.2,2
USG05883,CUST0060,2025-02-05,Audit Logs,23.8,60
USG05884,CUST0247,2022-12-10,Analytics,15.2,3
USG05885,CUST0272,2025-06-18,User Management,10.7,26
USG05886,CUST0386,2025-04-27,Integrations,36.7,49
USG05887,CUST0331,2025-04-20,API Access,26.2,79
USG05888,CUST0400,2025-08-23,Bulk Import,4.0,61
USG05889,CUST0115,2023-01-26,Audit Logs,5.6,29
USG05890,CUST0100,2023-01-15,API Access,31.5,80
USG05891,CUST0481,2022-04-04,Notifications,7.8,38
USG05892,CUST0443,2024-10-09,Analytics,12.3,8
USG05893,CUST0045,2022-11-10,Bulk Import,9.4,33
USG05894,CUST0134,2024-04-30,Dashboard,46.6,31
USG05895,CUST0175,2025-04-10,Bulk Import,8.0,35
USG05896,CUST0360,2024-09-02,Bulk Import,14.8,44
USG05897,CUST0282,2025-11-07,Analytics,2.0,70
USG05898,CUST0496,2022-12-07,User Management,0.9,67
USG05899,CUST0114,2025-10-03,Notifications,23.7,17
USG05900,CUST0343,2023-08-17,Dashboard,8.5,64
USG05901,CUST0242,2022-04-05,Bulk Import,13.4,5
USG05902,CUST0199,2023-08-19,Audit Logs,1.5,53
USG05903,CUST0043,2024-09-14,Automation,54.5,20
USG05904,CUST0375,2024-01-13,Bulk Import,12.4,33
USG05905,CUST0349,2022-10-20,Dashboard,8.0,4
USG05906,CUST0450,2025-05-01,User Management,20.0,50
USG05907,CUST0260,2024-05-27,Dashboard,30.3,63
USG05908,CUST0263,2023-12-08,User Management,22.6,24
USG05909,CUST0134,2023-03-11,Analytics,0.2,76
USG05910,CUST0197,2023-09-02,Notifications,2.6,55
USG05911,CUST0459,2025-09-17,Automation,3.1,14
USG05912,CUST0316,2022-09-23,Audit Logs,21.8,47
USG05913,CUST0455,2024-03-22,Reporting,24.5,58
USG05914,CUST0494,2024-11-07,Bulk Import,8.0,35
USG05915,CUST0422,2025-12-27,Reporting,14.8,18
USG05916,CUST0336,2025-05-21,Dashboard,46.3,76
USG05917,CUST0197,2025-12-10,Integrations,8.3,40
USG05918,CUST0377,2023-09-03,Analytics,4.1,5
USG05919,CUST0172,2023-09-12,API Access,13.9,37
USG05920,CUST0271,2025-04-17,User Management,3.8,65
USG05921,CUST0450,2023-08-31,Automation,18.4,56
USG05922,CUST0314,2024-05-10,User Management,12.2,5
USG05923,CUST0258,2025-11-05,Notifications,1.8,75
USG05924,CUST0450,2022-08-30,Automation,25.0,6
USG05925,CUST0339,2024-01-09,Notifications,21.3,61
USG05926,CUST0096,2022-02-08,Bulk Import,0.5,20
USG05927,CUST0036,2024-11-07,Notifications,13.6,21
USG05928,CUST0386,2022-10-01,User Management,6.7,4
USG05929,CUST0282,2025-03-01,API Access,3.8,48
USG05930,CUST0368,2022-05-31,Notifications,1.5,16
USG05931,CUST0318,2025-02-08,Bulk Import,2.5,10
USG05932,CUST0412,2022-09-03,Notifications,2.8,49
USG05933,CUST0122,2023-02-23,Integrations,39.5,70
USG05934,CUST0484,2022-03-19,Dashboard,0.8,14
USG05935,CUST0476,2025-05-30,User Management,46.8,67
USG05936,CUST0008,2024-08-28,User Management,17.5,4
USG05937,CUST0173,2023-06-05,Analytics,10.6,48
USG05938,CUST0356,2024-07-08,Automation,9.0,35
USG05939,CUST0086,2023-08-03,Dashboard,52.9,24
USG05940,CUST0304,2023-12-15,Analytics,29.5,23
USG05941,CUST0152,2025-07-03,User Management,120.0,37
USG05942,CUST0098,2024-03-14,Reporting,26.4,72
USG05943,CUST0044,2024-12-13,Bulk Import,2.9,28
USG05944,CUST0437,2025-01-09,User Management,3.9,61
USG05945,CUST0306,2022-08-01,Reporting,12.9,9
USG05946,CUST0432,2025-11-21,API Access,39.8,62
USG05947,CUST0245,2023-05-09,Dashboard,63.4,80
USG05948,CUST0013,2022-12-06,Dashboard,5.4,52
USG05949,CUST0213,2025-01-07,Reporting,14.3,7
USG05950,CUST0182,2022-05-26,Integrations,62.0,77
USG05951,CUST0141,2022-10-12,API Access,0.7,54
USG05952,CUST0295,2025-04-16,Bulk Import,18.6,31
USG05953,CUST0137,2023-06-08,User Management,8.2,54
USG05954,CUST0300,2025-07-15,Bulk Import,18.4,55
USG05955,CUST0343,2022-06-18,User Management,9.5,72
USG05956,CUST0298,2022-01-13,User Management,24.4,11
USG05957,CUST0239,2024-01-15,Reporting,9.8,54
USG05958,CUST0464,2023-10-05,Automation,16.9,11
USG05959,CUST0417,2025-11-16,Reporting,20.5,37
USG05960,CUST0271,2023-05-29,Bulk Import,54.7,72
USG05961,CUST0035,2025-01-08,Bulk Import,16.5,7
USG05962,CUST0392,2024-08-09,Notifications,4.8,74
USG05963,CUST0437,2023-05-02,Audit Logs,3.3,23
USG05964,CUST0141,2022-10-25,Reporting,18.2,1
USG05965,CUST0107,2023-12-19,Integrations,3.9,68
USG05966,CUST0240,2022-09-08,Notifications,22.3,14
USG05967,CUST0443,2022-09-14,Integrations,7.2,12
USG05968,CUST0340,2025-05-13,Reporting,13.0,6
USG05969,CUST0313,2022-08-12,Audit Logs,91.3,64
USG05970,CUST0177,2022-02-19,Automation,9.0,62
USG05971,CUST0367,2022-08-28,User Management,15.5,67
USG05972,CUST0352,2023-02-21,Notifications,85.4,68
USG05973,CUST0117,2023-07-24,API Access,11.6,53
USG05974,CUST0043,2024-06-07,Automation,2.3,37
USG05975,CUST0092,2023-03-04,Reporting,22.4,23
USG05976,CUST0488,2023-03-06,Integrations,3.5,30
USG05977,CUST0464,2024-10-05,Bulk Import,0.7,6
USG05978,CUST0040,2022-03-03,Analytics,10.4,47
USG05979,CUST0270,2025-09-10,Analytics,4.2,69
USG05980,CUST0087,2024-05-31,Bulk Import,13.4,8
USG05981,CUST0219,2022-03-14,Audit Logs,17.9,78
USG05982,CUST0293,2025-05-10,Notifications,26.9,34
USG05983,CUST0417,2023-01-16,Audit Logs,0.9,36
USG05984,CUST0281,2024-01-09,Notifications,4.3,53
USG05985,CUST0001,2023-02-11,Dashboard,8.0,20
USG05986,CUST0071,2025-04-30,Notifications,2.9,27
USG05987,CUST0373,2025-04-03,Reporting,54.1,40
USG05988,CUST0121,2025-08-24,Bulk Import,13.1,44
USG05989,CUST0263,2023-03-09,Reporting,56.2,55
USG05990,CUST0005,2025-05-11,Analytics,25.7,6
USG05991,CUST0492,2023-01-20,Automation,0.2,64
USG05992,CUST0362,2024-03-11,Integrations,16.3,65
USG05993,CUST0353,2022-04-22,User Management,8.0,19
USG05994,CUST0360,2025-11-22,Bulk Import,2.7,39
USG05995,CUST0368,2024-01-30,Bulk Import,45.3,18
USG05996,CUST0114,2024-07-29,Analytics,17.6,71
USG05997,CUST0295,2025-04-13,Automation,16.6,62
USG05998,CUST0118,2022-07-29,Dashboard,13.8,54
USG05999,CUST0339,2022-06-26,Notifications,3.3,71
USG06000,CUST0250,2024-01-27,Reporting,48.3,73
USG06001,CUST0289,2023-11-02,Automation,16.4,36
USG06002,CUST0268,2023-07-21,API Access,3.3,68
USG06003,CUST0147,2022-12-13,Reporting,6.2,16
USG06004,CUST0060,2022-06-13,Dashboard,64.6,48
USG06005,CUST0268,2024-08-04,Audit Logs,24.6,36
USG06006,CUST0144,2023-05-20,User Management,2.0,19
USG06007,CUST0240,2024-04-27,Integrations,12.8,69
USG06008,CUST0478,2023-03-11,Analytics,6.9,79
USG06009,CUST0271,2023-10-24,User Management,8.0,53
USG06010,CUST0458,2023-04-08,API Access,9.3,16
USG06011,CUST0491,2023-01-31,Audit Logs,23.5,49
USG06012,CUST0239,2023-06-19,Reporting,11.7,51
USG06013,CUST0033,2025-09-23,API Access,11.3,1
USG06014,CUST0377,2025-05-02,User Management,15.7,23
USG06015,CUST0002,2023-01-25,Integrations,8.3,66
USG06016,CUST0028,2024-02-10,Automation,11.9,23
USG06017,CUST0062,2025-03-03,Bulk Import,11.7,73
USG06018,CUST0051,2022-11-05,Analytics,9.7,60
USG06019,CUST0085,2024-08-28,Automation,14.5,28
USG06020,CUST0162,2025-05-22,Notifications,1.8,4
USG06021,CUST0204,2022-11-23,Notifications,1.3,46
USG06022,CUST0069,2023-03-23,Integrations,10.2,6
USG06023,CUST0072,2024-09-28,Automation,27.4,32
USG06024,CUST0389,2023-01-02,Notifications,26.3,21
USG06025,CUST0035,2024-03-30,Dashboard,0.7,14
USG06026,CUST0492,2022-11-07,User Management,31.3,10
USG06027,CUST0316,2023-08-06,User Management,69.2,59
USG06028,CUST0489,2024-04-16,Bulk Import,13.9,33
USG06029,CUST0423,2023-05-09,Integrations,3.9,11
USG06030,CUST0347,2025-07-11,User Management,32.6,39
USG06031,CUST0068,2024-08-21,User Management,2.2,19
USG06032,CUST0243,2023-03-04,Reporting,78.6,60
USG06033,CUST0295,2023-09-25,Bulk Import,64.1,67
USG06034,CUST0018,2024-02-16,Reporting,90.3,61
USG06035,CUST0238,2023-05-18,Bulk Import,4.9,51
USG06036,CUST0206,2025-07-03,User Management,12.1,66
USG06037,CUST0238,2023-08-06,User Management,17.2,68
USG06038,CUST0274,2023-08-26,Notifications,3.0,47
USG06039,CUST0194,2024-05-18,API Access,20.7,48
USG06040,CUST0245,2022-01-12,API Access,78.9,23
USG06041,CUST0152,2024-11-26,Audit Logs,24.0,41
USG06042,CUST0082,2025-04-11,Reporting,36.3,4
USG06043,CUST0324,2023-04-08,Reporting,22.8,24
USG06044,CUST0472,2024-12-10,API Access,0.6,33
USG06045,CUST0249,2023-01-30,API Access,17.2,64
USG06046,CUST0154,2024-03-11,Notifications,1.6,12
USG06047,CUST0248,2024-01-18,Bulk Import,23.8,24
USG06048,CUST0087,2024-09-28,Dashboard,0.3,61
USG06049,CUST0398,2024-11-04,Reporting,3.9,23
USG06050,CUST0484,2022-06-12,Reporting,33.3,15
USG06051,CUST0198,2025-11-21,Integrations,59.4,59
USG06052,CUST0479,2023-09-15,Dashboard,8.2,65
USG06053,CUST0109,2023-04-25,User Management,25.8,78
USG06054,CUST0483,2024-12-07,Analytics,7.9,80
USG06055,CUST0426,2024-12-29,Audit Logs,46.7,23
USG06056,CUST0053,2025-01-26,API Access,13.4,24
USG06057,CUST0212,2023-10-13,API Access,42.9,2
USG06058,CUST0383,2025-07-06,Reporting,10.2,31
USG06059,CUST0266,2024-09-18,Automation,4.2,77
USG06060,CUST0152,2025-01-10,API Access,10.9,45
USG06061,CUST0056,2022-12-28,API Access,31.3,64
USG06062,CUST0325,2025-04-15,Bulk Import,6.7,19
USG06063,CUST0352,2025-01-31,Integrations,20.1,12
USG06064,CUST0282,2025-11-26,User Management,35.3,3
USG06065,CUST0036,2022-07-08,Dashboard,1.7,45
USG06066,CUST0325,2023-03-31,Audit Logs,1.9,6
USG06067,CUST0500,2024-08-26,API Access,21.7,64
USG06068,CUST0448,2025-08-11,User Management,6.1,27
USG06069,CUST0041,2022-10-27,Audit Logs,29.1,25
USG06070,CUST0024,2024-10-20,User Management,3.2,25
USG06071,CUST0115,2025-05-23,Automation,1.7,6
USG06072,CUST0243,2025-02-23,Bulk Import,1.0,73
USG06073,CUST0234,2022-03-17,Analytics,58.1,60
USG06074,CUST0107,2025-09-19,Automation,10.2,16
USG06075,CUST0144,2025-05-25,Integrations,23.9,21
USG06076,CUST0141,2025-04-20,Analytics,5.1,21
USG06077,CUST0289,2024-02-12,Audit Logs,10.5,54
USG06078,CUST0476,2022-06-10,Notifications,39.3,48
USG06079,CUST0051,2022-07-03,Automation,4.4,66
USG06080,CUST0084,2025-10-16,Reporting,1.3,30
USG06081,CUST0023,2022-06-14,Dashboard,46.7,43
USG06082,CUST0429,2025-04-17,Audit Logs,24.3,14
USG06083,CUST0304,2023-06-04,User Management,28.1,39
USG06084,CUST0169,2025-08-04,Integrations,5.2,35
USG06085,CUST0052,2023-11-22,Analytics,2.4,47
USG06086,CUST0313,2024-02-27,Analytics,3.9,3
USG06087,CUST0342,2024-11-07,Notifications,7.4,41
USG06088,CUST0059,2022-09-05,Audit Logs,1.4,12
USG06089,CUST0202,2025-05-27,User Management,18.8,74
USG06090,CUST0003,2022-03-28,Reporting,2.8,18
USG06091,CUST0445,2023-09-19,Reporting,17.1,64
USG06092,CUST0274,2022-11-07,Bulk Import,14.6,59
USG06093,CUST0158,2025-02-07,Reporting,10.6,45
USG06094,CUST0238,2025-01-03,API Access,9.6,60
USG06095,CUST0277,2024-08-29,Notifications,19.7,71
USG06096,CUST0173,2023-02-07,Integrations,1.3,68
USG06097,CUST0151,2024-07-16,Automation,4.1,57
USG06098,CUST0114,2023-10-10,Analytics,20.7,26
USG06099,CUST0350,2022-04-22,Dashboard,6.1,9
USG06100,CUST0233,2024-01-27,API Access,31.1,79
USG06101,CUST0050,2022-05-22,Notifications,52.9,70
USG06102,CUST0178,2022-10-26,Notifications,4.7,44
USG06103,CUST0043,2022-08-21,User Management,3.2,63
USG06104,CUST0105,2025-06-16,Audit Logs,13.3,77
USG06105,CUST0307,2022-09-24,Automation,21.4,57
USG06106,CUST0106,2023-06-09,Integrations,12.9,26
USG06107,CUST0489,2023-06-11,Integrations,17.5,8
USG06108,CUST0374,2022-09-05,Integrations,70.8,31
USG06109,CUST0022,2023-11-24,Automation,19.9,1
USG06110,CUST0230,2024-08-19,Integrations,4.6,19
USG06111,CUST0226,2025-01-24,User Management,5.6,33
USG06112,CUST0221,2023-11-26,Reporting,4.0,58
USG06113,CUST0324,2025-07-19,Bulk Import,13.9,8
USG06114,CUST0277,2023-06-07,Bulk Import,0.2,46
USG06115,CUST0367,2023-01-04,API Access,26.1,74
USG06116,CUST0022,2023-06-04,User Management,17.2,7
USG06117,CUST0433,2025-12-08,Audit Logs,13.2,21
USG06118,CUST0222,2023-02-08,Integrations,39.7,45
USG06119,CUST0163,2025-09-25,Integrations,13.1,24
USG06120,CUST0194,2023-03-19,Automation,3.0,7
USG06121,CUST0067,2024-04-30,Reporting,74.1,49
USG06122,CUST0133,2025-08-01,User Management,7.8,50
USG06123,CUST0043,2024-11-19,Dashboard,11.0,57
USG06124,CUST0099,2022-07-01,Reporting,4.6,71
USG06125,CUST0459,2024-09-22,Dashboard,6.6,24
USG06126,CUST0257,2022-12-10,Notifications,5.5,80
USG06127,CUST0158,2025-11-01,Dashboard,32.4,30
USG06128,CUST0402,2022-12-02,Audit Logs,56.6,48
USG06129,CUST0343,2023-04-09,Analytics,18.9,11
USG06130,CUST0268,2024-08-05,Automation,11.0,6
USG06131,CUST0431,2025-02-12,Bulk Import,7.4,57
USG06132,CUST0102,2024-05-02,Dashboard,26.4,28
USG06133,CUST0152,2024-02-11,Dashboard,9.9,45
USG06134,CUST0458,2025-07-08,Audit Logs,16.7,50
USG06135,CUST0340,2022-01-30,Integrations,4.5,13
USG06136,CUST0336,2023-11-09,Dashboard,38.1,13
USG06137,CUST0012,2023-05-16,API Access,2.6,14
USG06138,CUST0337,2022-12-30,Integrations,53.7,53
USG06139,CUST0277,2022-11-19,Reporting,28.4,74
USG06140,CUST0413,2024-05-06,User Management,23.9,61
USG06141,CUST0066,2023-04-13,User Management,1.6,14
USG06142,CUST0121,2022-07-22,Analytics,25.6,52
USG06143,CUST0356,2024-02-14,Integrations,7.1,28
USG06144,CUST0493,2022-05-27,Automation,19.6,13
USG06145,CUST0413,2024-11-28,User Management,13.0,68
USG06146,CUST0226,2024-02-17,Notifications,32.9,60
USG06147,CUST0057,2022-03-03,Audit Logs,35.4,75
USG06148,CUST0191,2023-02-11,Integrations,0.2,58
USG06149,CUST0495,2023-01-05,API Access,34.1,28
USG06150,CUST0068,2025-05-21,API Access,10.1,20
USG06151,CUST0430,2025-02-26,Reporting,41.8,79
USG06152,CUST0054,2025-01-18,Integrations,28.0,80
USG06153,CUST0071,2022-01-23,Automation,29.1,55
USG06154,CUST0336,2023-11-02,Bulk Import,0.7,70
USG06155,CUST0141,2024-09-05,Automation,4.5,59
USG06156,CUST0472,2024-07-11,Audit Logs,26.6,27
USG06157,CUST0055,2023-12-11,Bulk Import,36.9,25
USG06158,CUST0317,2024-08-25,User Management,18.5,44
USG06159,CUST0402,2024-12-03,API Access,14.0,61
USG06160,CUST0092,2025-09-03,Integrations,8.2,38
USG06161,CUST0333,2023-04-17,Automation,13.9,60
USG06162,CUST0088,2022-11-14,Automation,5.2,14
USG06163,CUST0171,2022-10-29,Audit Logs,4.4,74
USG06164,CUST0486,2022-08-12,Reporting,15.3,54
USG06165,CUST0133,2024-10-24,Analytics,3.7,15
USG06166,CUST0075,2023-05-03,Notifications,8.2,55
USG06167,CUST0224,2025-01-10,Notifications,24.9,5
USG06168,CUST0298,2025-05-27,Notifications,19.4,26
USG06169,CUST0437,2022-11-09,Bulk Import,26.5,66
USG06170,CUST0134,2025-11-03,Audit Logs,18.7,37
USG06171,CUST0460,2022-02-09,Dashboard,1.4,4
USG06172,CUST0361,2023-04-07,Bulk Import,41.4,13
USG06173,CUST0139,2025-02-27,Integrations,40.7,38
USG06174,CUST0315,2023-03-04,Automation,1.1,74
USG06175,CUST0346,2025-03-17,Audit Logs,7.5,74
USG06176,CUST0495,2022-11-11,Notifications,24.9,6
USG06177,CUST0379,2023-04-11,Audit Logs,3.1,10
USG06178,CUST0184,2024-12-15,Automation,32.5,6
USG06179,CUST0319,2024-12-24,User Management,30.5,8
USG06180,CUST0160,2022-07-07,API Access,8.8,74
USG06181,CUST0174,2022-09-12,Automation,68.1,30
USG06182,CUST0482,2023-09-20,Audit Logs,2.7,6
USG06183,CUST0092,2022-05-18,Automation,36.3,25
USG06184,CUST0028,2023-02-24,User Management,2.9,70
USG06185,CUST0455,2023-11-17,Reporting,14.5,21
USG06186,CUST0261,2023-04-05,Integrations,8.3,50
USG06187,CUST0264,2025-12-25,Audit Logs,6.0,71
USG06188,CUST0231,2025-12-04,User Management,28.5,47
USG06189,CUST0281,2025-04-29,Audit Logs,22.5,28
USG06190,CUST0367,2024-03-27,API Access,5.9,32
USG06191,CUST0096,2023-12-01,Notifications,6.6,39
USG06192,CUST0367,2024-09-09,API Access,9.8,32
USG06193,CUST0118,2023-02-21,Automation,3.0,75
USG06194,CUST0488,2024-02-16,Dashboard,5.9,31
USG06195,CUST0133,2025-08-19,Analytics,2.3,12
USG06196,CUST0117,2024-07-20,Dashboard,5.7,28
USG06197,CUST0370,2024-05-12,API Access,0.5,72
USG06198,CUST0224,2023-01-23,Notifications,49.6,33
USG06199,CUST0498,2025-08-23,Notifications,6.6,6
USG06200,CUST0486,2024-06-22,Bulk Import,3.2,53
USG06201,CUST0481,2022-07-23,Notifications,20.9,15
USG06202,CUST0033,2023-08-12,Integrations,1.0,63
USG06203,CUST0198,2023-04-08,Notifications,6.8,10
USG06204,CUST0052,2024-08-30,Notifications,12.8,40
USG06205,CUST0430,2022-09-29,API Access,2.3,72
USG06206,CUST0069,2023-11-27,Bulk Import,14.2,72
USG06207,CUST0344,2022-05-18,Audit Logs,9.0,62
USG06208,CUST0205,2024-10-04,Notifications,7.5,28
USG06209,CUST0341,2024-02-24,Integrations,19.6,60
USG06210,CUST0486,2022-03-29,Analytics,24.6,73
USG06211,CUST0487,2024-01-28,API Access,1.6,37
USG06212,CUST0046,2022-11-06,Bulk Import,17.4,56
USG06213,CUST0115,2024-07-18,API Access,5.0,53
USG06214,CUST0424,2024-04-11,Bulk Import,20.4,2
USG06215,CUST0125,2025-06-27,User Management,9.5,37
USG06216,CUST0244,2023-10-12,User Management,8.3,10
USG06217,CUST0313,2024-09-23,API Access,6.9,75
USG06218,CUST0289,2023-03-20,Audit Logs,19.7,68
USG06219,CUST0116,2023-12-16,Notifications,0.3,47
USG06220,CUST0008,2023-09-20,Analytics,41.5,78
USG06221,CUST0276,2024-04-05,Notifications,3.7,1
USG06222,CUST0399,2023-10-21,User Management,18.7,38
USG06223,CUST0174,2024-04-22,User Management,60.4,75
USG06224,CUST0179,2023-09-19,Notifications,15.6,72
USG06225,CUST0398,2024-08-28,Analytics,14.0,27
USG06226,CUST0403,2025-10-06,User Management,33.0,13
USG06227,CUST0333,2024-09-21,Reporting,24.4,57
USG06228,CUST0094,2024-03-23,Integrations,40.0,76
USG06229,CUST0236,2022-03-02,Analytics,25.5,28
USG06230,CUST0260,2025-11-06,Reporting,29.3,68
USG06231,CUST0327,2024-04-08,User Management,11.4,63
USG06232,CUST0247,2025-01-29,Dashboard,15.4,27
USG06233,CUST0106,2024-06-10,Notifications,8.7,14
USG06234,CUST0354,2022-12-23,Dashboard,17.9,4
USG06235,CUST0128,2025-11-15,Reporting,17.3,78
USG06236,CUST0033,2022-04-12,Dashboard,54.4,36
USG06237,CUST0246,2022-06-09,Analytics,2.6,39
USG06238,CUST0293,2023-09-24,Dashboard,77.1,4
USG06239,CUST0488,2023-04-12,Notifications,2.5,17
USG06240,CUST0238,2022-11-27,User Management,2.9,39
USG06241,CUST0177,2023-12-23,Analytics,40.0,54
USG06242,CUST0425,2025-09-10,Dashboard,6.9,69
USG06243,CUST0049,2022-10-19,Automation,47.5,4
USG06244,CUST0312,2025-03-09,Audit Logs,3.4,65
USG06245,CUST0226,2023-02-15,Audit Logs,41.9,44
USG06246,CUST0265,2023-06-03,Integrations,2.8,1
USG06247,CUST0423,2025-10-01,Bulk Import,2.2,58
USG06248,CUST0239,2025-05-16,Notifications,21.8,15
USG06249,CUST0259,2022-07-08,Audit Logs,0.1,6
USG06250,CUST0281,2023-07-28,Notifications,16.5,39
USG06251,CUST0460,2025-08-07,Dashboard,7.9,48
USG06252,CUST0409,2024-11-24,Bulk Import,12.7,48
USG06253,CUST0398,2025-12-08,Reporting,39.5,8
USG06254,CUST0166,2025-09-13,Integrations,54.7,21
USG06255,CUST0255,2024-11-04,Reporting,18.6,36
USG06256,CUST0081,2024-11-19,Audit Logs,7.5,52
USG06257,CUST0271,2024-06-25,Automation,36.8,30
USG06258,CUST0134,2023-11-27,Reporting,7.2,18
USG06259,CUST0438,2023-06-27,Integrations,13.2,53
USG06260,CUST0372,2022-08-28,Audit Logs,36.9,23
USG06261,CUST0155,2023-01-21,Analytics,14.8,71
USG06262,CUST0203,2024-07-03,Bulk Import,23.7,8
USG06263,CUST0424,2025-03-09,Notifications,0.5,75
USG06264,CUST0242,2022-11-19,Dashboard,7.6,18
USG06265,CUST0471,2024-10-09,Notifications,7.8,5
USG06266,CUST0420,2023-04-17,Audit Logs,2.8,59
USG06267,CUST0112,2025-04-23,Bulk Import,5.2,25
USG06268,CUST0096,2022-12-06,User Management,18.0,79
USG06269,CUST0033,2025-01-16,Analytics,29.9,1
USG06270,CUST0027,2023-05-18,Analytics,9.7,77
USG06271,CUST0438,2024-10-07,Dashboard,6.0,14
USG06272,CUST0404,2023-04-11,API Access,9.9,17
USG06273,CUST0181,2024-03-17,User Management,3.5,16
USG06274,CUST0488,2024-06-11,Automation,26.4,51
USG06275,CUST0067,2022-06-11,Dashboard,20.3,70
USG06276,CUST0278,2023-10-17,Audit Logs,13.3,4
USG06277,CUST0346,2024-05-03,Automation,120.0,11
USG06278,CUST0128,2022-03-14,API Access,11.8,75
USG06279,CUST0428,2024-02-29,Bulk Import,2.7,35
USG06280,CUST0400,2024-08-25,API Access,1.6,7
USG06281,CUST0309,2022-05-15,User Management,0.9,28
USG06282,CUST0311,2023-11-03,Reporting,15.9,45
USG06283,CUST0350,2022-03-19,Dashboard,17.3,38
USG06284,CUST0321,2024-01-15,Integrations,5.9,30
USG06285,CUST0234,2023-01-29,Reporting,1.5,40
USG06286,CUST0293,2024-03-31,User Management,6.8,28
USG06287,CUST0235,2025-05-02,API Access,9.4,20
USG06288,CUST0425,2022-01-27,Reporting,4.6,44
USG06289,CUST0476,2025-02-19,Analytics,43.2,34
USG06290,CUST0327,2023-08-10,Bulk Import,38.3,2
USG06291,CUST0094,2025-12-21,API Access,42.9,18
USG06292,CUST0407,2022-11-12,Bulk Import,46.0,39
USG06293,CUST0403,2023-08-24,Automation,2.8,53
USG06294,CUST0329,2025-08-28,Audit Logs,12.7,22
USG06295,CUST0245,2025-07-01,API Access,18.6,11
USG06296,CUST0075,2023-07-20,Dashboard,8.5,35
USG06297,CUST0163,2022-04-18,Dashboard,25.7,1
USG06298,CUST0306,2025-05-08,User Management,11.3,13
USG06299,CUST0451,2022-05-25,Integrations,0.6,14
USG06300,CUST0052,2022-08-09,Analytics,20.9,19
USG06301,CUST0267,2023-01-18,Dashboard,23.9,48
USG06302,CUST0145,2023-07-30,Reporting,37.4,75
USG06303,CUST0032,2025-08-27,Automation,15.7,59
USG06304,CUST0007,2025-06-11,Notifications,24.6,5
USG06305,CUST0442,2025-06-06,Integrations,3.4,2
USG06306,CUST0300,2023-11-05,Analytics,1.2,21
USG06307,CUST0078,2025-10-05,Audit Logs,15.5,45
USG06308,CUST0385,2024-01-14,User Management,11.9,8
USG06309,CUST0342,2025-01-12,Automation,8.2,76
USG06310,CUST0228,2023-08-17,User Management,10.9,48
USG06311,CUST0077,2022-09-27,Reporting,35.1,3
USG06312,CUST0427,2024-04-12,API Access,21.7,42
USG06313,CUST0004,2025-03-12,Dashboard,11.7,14
USG06314,CUST0488,2023-03-10,Dashboard,8.2,70
USG06315,CUST0238,2022-06-22,Analytics,4.3,36
USG06316,CUST0204,2023-10-15,Reporting,33.5,50
USG06317,CUST0228,2025-11-22,Integrations,23.0,40
USG06318,CUST0255,2023-02-19,Analytics,47.2,4
USG06319,CUST0096,2023-01-18,Notifications,18.8,68
USG06320,CUST0141,2022-01-12,Audit Logs,48.4,63
USG06321,CUST0331,2022-12-03,User Management,0.2,52
USG06322,CUST0187,2025-11-19,API Access,26.4,71
USG06323,CUST0471,2024-07-30,Audit Logs,47.2,48
USG06324,CUST0265,2025-03-21,Audit Logs,1.8,8
USG06325,CUST0254,2022-10-07,Audit Logs,115.9,55
USG06326,CUST0476,2024-05-30,Notifications,40.7,69
USG06327,CUST0155,2023-04-17,Bulk Import,11.0,17
USG06328,CUST0286,2022-01-14,Bulk Import,3.9,38
USG06329,CUST0024,2022-04-07,Reporting,34.0,6
USG06330,CUST0242,2024-04-01,User Management,0.8,32
USG06331,CUST0311,2025-02-21,Reporting,8.5,49
USG06332,CUST0019,2022-10-17,Analytics,1.7,24
USG06333,CUST0199,2023-02-03,Automation,52.0,40
USG06334,CUST0286,2023-12-10,Analytics,12.7,73
USG06335,CUST0336,2024-11-02,Integrations,11.8,29
USG06336,CUST0441,2023-06-05,Notifications,0.8,18
USG06337,CUST0306,2023-07-31,Analytics,3.6,43
USG06338,CUST0491,2025-04-07,Notifications,15.8,73
USG06339,CUST0332,2024-05-10,Integrations,34.8,44
USG06340,CUST0280,2023-11-16,Dashboard,8.6,18
USG06341,CUST0401,2023-04-18,Analytics,0.1,31
USG06342,CUST0496,2022-12-18,Automation,38.4,76
USG06343,CUST0064,2025-05-22,Bulk Import,77.6,54
USG06344,CUST0107,2025-08-27,Notifications,22.1,4
USG06345,CUST0107,2024-10-11,User Management,63.7,71
USG06346,CUST0184,2025-04-13,Integrations,13.9,24
USG06347,CUST0191,2022-08-02,Automation,1.5,75
USG06348,CUST0374,2025-03-07,Audit Logs,21.5,13
USG06349,CUST0107,2022-05-08,Analytics,17.9,45
USG06350,CUST0312,2023-02-09,API Access,2.0,39
USG06351,CUST0461,2025-11-25,User Management,32.0,70
USG06352,CUST0242,2024-05-30,Notifications,2.0,78
USG06353,CUST0226,2022-08-01,User Management,48.5,30
USG06354,CUST0036,2025-06-03,API Access,1.7,54
USG06355,CUST0089,2024-09-29,Integrations,5.6,1
USG06356,CUST0246,2025-03-27,User Management,11.0,19
USG06357,CUST0006,2022-05-09,Automation,4.6,26
USG06358,CUST0297,2023-08-04,Automation,6.2,41
USG06359,CUST0335,2023-09-09,Bulk Import,24.0,50
USG06360,CUST0386,2025-08-18,Reporting,7.5,76
USG06361,CUST0294,2024-09-10,Automation,21.7,27
USG06362,CUST0164,2022-05-13,Analytics,0.2,50
USG06363,CUST0128,2022-04-14,Notifications,0.6,44
USG06364,CUST0297,2022-06-06,User Management,2.7,41
USG06365,CUST0286,2022-12-15,Analytics,4.8,34
USG06366,CUST0043,2023-11-12,Notifications,28.7,11
USG06367,CUST0127,2023-05-24,Analytics,5.1,34
USG06368,CUST0476,2025-01-10,User Management,21.8,43
USG06369,CUST0362,2024-02-01,Audit Logs,9.9,53
USG06370,CUST0077,2025-05-17,Reporting,31.8,76
USG06371,CUST0426,2023-12-01,Dashboard,5.5,11
USG06372,CUST0493,2022-08-06,Notifications,1.4,24
USG06373,CUST0385,2022-08-20,User Management,28.6,63
USG06374,CUST0084,2025-01-19,API Access,8.9,2
USG06375,CUST0327,2022-04-13,Analytics,20.2,56
USG06376,CUST0015,2023-02-03,Reporting,3.6,17
USG06377,CUST0316,2025-02-13,Bulk Import,11.0,33
USG06378,CUST0325,2024-02-16,Bulk Import,4.9,14
USG06379,CUST0149,2022-06-12,Integrations,23.4,25
USG06380,CUST0225,2024-05-25,Reporting,1.5,18
USG06381,CUST0308,2023-02-26,Audit Logs,25.6,5
USG06382,CUST0460,2024-06-05,API Access,64.1,19
USG06383,CUST0116,2023-04-15,Dashboard,0.1,35
USG06384,CUST0303,2023-09-12,Bulk Import,1.5,54
USG06385,CUST0424,2024-01-06,API Access,15.7,55
USG06386,CUST0406,2022-06-28,Analytics,20.4,71
USG06387,CUST0071,2025-07-20,Reporting,5.6,73
USG06388,CUST0029,2025-01-29,Bulk Import,16.4,17
USG06389,CUST0049,2022-02-25,Automation,24.5,2
USG06390,CUST0432,2022-12-24,Notifications,4.4,55
USG06391,CUST0251,2023-02-15,Analytics,7.4,61
USG06392,CUST0005,2024-04-04,Audit Logs,8.7,33
USG06393,CUST0141,2025-04-28,API Access,14.5,20
USG06394,CUST0125,2025-08-28,API Access,0.1,39
USG06395,CUST0227,2023-10-20,Analytics,10.8,15
USG06396,CUST0088,2022-10-23,Audit Logs,33.6,80
USG06397,CUST0347,2024-10-27,API Access,39.6,39
USG06398,CUST0487,2025-09-28,Reporting,9.4,46
USG06399,CUST0410,2023-09-02,Audit Logs,1.2,36
USG06400,CUST0229,2024-02-20,Bulk Import,33.3,49
USG06401,CUST0013,2023-01-07,API Access,33.3,29
USG06402,CUST0014,2023-07-17,Audit Logs,15.0,66
USG06403,CUST0431,2023-11-24,Dashboard,4.4,67
USG06404,CUST0163,2025-06-30,Integrations,5.4,75
USG06405,CUST0144,2022-05-02,Dashboard,16.4,9
USG06406,CUST0409,2023-06-09,Integrations,3.2,72
USG06407,CUST0234,2023-02-09,Integrations,4.3,1
USG06408,CUST0369,2024-10-24,Notifications,6.1,45
USG06409,CUST0148,2025-09-19,Dashboard,2.4,60
USG06410,CUST0022,2025-03-11,Dashboard,2.9,48
USG06411,CUST0372,2023-01-25,API Access,15.7,21
USG06412,CUST0421,2022-05-02,User Management,39.9,53
USG06413,CUST0344,2024-05-02,User Management,16.7,32
USG06414,CUST0105,2022-08-11,Analytics,6.7,76
USG06415,CUST0486,2024-11-13,Notifications,5.3,64
USG06416,CUST0022,2022-02-27,Reporting,21.7,79
USG06417,CUST0364,2022-11-18,Automation,36.8,65
USG06418,CUST0395,2025-11-02,API Access,13.1,73
USG06419,CUST0356,2022-04-11,Analytics,10.3,46
USG06420,CUST0248,2023-06-28,Bulk Import,14.9,47
USG06421,CUST0471,2022-03-07,Automation,6.0,71
USG06422,CUST0300,2025-11-11,Notifications,4.2,33
USG06423,CUST0281,2022-04-19,Dashboard,1.0,48
USG06424,CUST0169,2023-12-14,Analytics,11.4,64
USG06425,CUST0148,2023-01-09,Analytics,12.6,63
USG06426,CUST0303,2022-10-08,Bulk Import,62.8,70
USG06427,CUST0216,2022-08-13,User Management,2.4,30
USG06428,CUST0023,2024-05-10,Dashboard,43.5,71
USG06429,CUST0300,2025-05-18,Dashboard,22.8,66
USG06430,CUST0389,2023-10-10,Notifications,13.7,63
USG06431,CUST0159,2024-02-05,Audit Logs,34.2,38
USG06432,CUST0321,2023-05-11,User Management,3.4,48
USG06433,CUST0402,2023-12-20,Notifications,6.6,55
USG06434,CUST0119,2022-04-09,Analytics,40.3,44
USG06435,CUST0118,2023-04-09,API Access,22.6,49
USG06436,CUST0250,2022-11-13,Bulk Import,15.0,6
USG06437,CUST0180,2022-06-13,Notifications,22.1,75
USG06438,CUST0232,2024-03-10,Analytics,35.5,64
USG06439,CUST0104,2022-09-13,API Access,9.5,26
USG06440,CUST0351,2025-07-22,Notifications,39.6,47
USG06441,CUST0451,2023-12-01,Notifications,46.0,59
USG06442,CUST0367,2024-02-24,Analytics,33.7,7
USG06443,CUST0192,2022-02-09,Integrations,10.7,13
USG06444,CUST0188,2022-10-10,Analytics,25.2,10
USG06445,CUST0469,2023-10-26,API Access,14.8,61
USG06446,CUST0489,2022-10-12,API Access,44.3,32
USG06447,CUST0210,2025-07-12,Dashboard,3.6,11
USG06448,CUST0092,2025-06-07,Dashboard,9.2,27
USG06449,CUST0343,2024-05-24,Audit Logs,28.1,57
USG06450,CUST0354,2025-03-29,User Management,5.3,59
USG06451,CUST0037,2024-08-11,User Management,30.3,21
USG06452,CUST0046,2022-03-31,API Access,0.7,14
USG06453,CUST0436,2022-12-24,Notifications,36.2,49
USG06454,CUST0459,2025-09-16,Integrations,2.0,13
USG06455,CUST0077,2024-09-08,Notifications,1.6,4
USG06456,CUST0411,2024-03-18,Audit Logs,25.6,36
USG06457,CUST0347,2023-05-22,Bulk Import,22.3,8
USG06458,CUST0099,2023-02-08,Audit Logs,2.7,60
USG06459,CUST0447,2025-01-18,Reporting,22.4,68
USG06460,CUST0460,2023-12-29,Integrations,11.5,66
USG06461,CUST0337,2025-03-24,Dashboard,18.3,4
USG06462,CUST0001,2023-09-29,API Access,1.8,76
USG06463,CUST0295,2024-06-23,Audit Logs,20.2,14
USG06464,CUST0394,2024-04-28,Notifications,1.8,10
USG06465,CUST0194,2022-03-20,Reporting,12.6,16
USG06466,CUST0077,2025-12-16,Notifications,4.1,45
USG06467,CUST0269,2022-12-14,Notifications,13.0,48
USG06468,CUST0105,2022-10-21,Notifications,23.7,9
USG06469,CUST0002,2025-09-11,Automation,20.0,69
USG06470,CUST0161,2025-06-12,Bulk Import,10.6,60
USG06471,CUST0423,2025-05-30,User Management,2.1,50
USG06472,CUST0373,2024-06-27,Bulk Import,0.4,56
USG06473,CUST0426,2024-08-11,Analytics,2.4,74
USG06474,CUST0455,2024-07-10,Integrations,25.1,32
USG06475,CUST0158,2024-03-02,Reporting,21.2,66
USG06476,CUST0449,2024-10-03,Notifications,1.6,21
USG06477,CUST0047,2024-09-21,Bulk Import,10.2,15
USG06478,CUST0408,2025-01-16,Audit Logs,20.8,58
USG06479,CUST0216,2022-06-09,Notifications,14.9,26
USG06480,CUST0412,2024-04-05,Bulk Import,5.2,63
USG06481,CUST0451,2024-04-25,Automation,14.6,35
USG06482,CUST0306,2025-01-24,Notifications,1.7,53
USG06483,CUST0416,2023-12-19,Reporting,36.5,29
USG06484,CUST0067,2024-09-19,Notifications,4.3,43
USG06485,CUST0275,2022-09-19,Bulk Import,1.6,78
USG06486,CUST0398,2023-07-25,Automation,90.5,13
USG06487,CUST0146,2022-10-15,Audit Logs,31.8,14
USG06488,CUST0106,2025-11-24,Reporting,20.4,28
USG06489,CUST0478,2025-12-08,User Management,7.5,21
USG06490,CUST0227,2023-11-25,Bulk Import,14.9,10
USG06491,CUST0155,2022-01-10,Bulk Import,51.8,77
USG06492,CUST0404,2022-06-19,Notifications,17.5,13
USG06493,CUST0207,2025-12-08,API Access,16.8,66
USG06494,CUST0347,2023-06-24,Bulk Import,24.4,38
USG06495,CUST0185,2022-04-20,Analytics,11.4,38
USG06496,CUST0051,2024-09-28,Reporting,2.4,76
USG06497,CUST0411,2025-06-06,Reporting,54.8,78
USG06498,CUST0494,2025-04-26,Notifications,17.0,68
USG06499,CUST0415,2024-11-14,Audit Logs,16.8,23
USG06500,CUST0211,2023-02-07,Notifications,2.4,28
USG06501,CUST0337,2024-08-13,API Access,2.4,47
USG06502,CUST0222,2024-04-30,Automation,104.8,13
USG06503,CUST0012,2025-07-23,Bulk Import,20.6,57
USG06504,CUST0153,2023-12-02,Analytics,53.9,25
USG06505,CUST0004,2025-09-24,Dashboard,13.7,19
USG06506,CUST0230,2022-06-07,Audit Logs,8.4,30
USG06507,CUST0271,2023-03-07,Dashboard,66.4,59
USG06508,CUST0348,2022-09-24,Reporting,13.0,14
USG06509,CUST0298,2023-02-06,User Management,6.8,63
USG06510,CUST0252,2024-11-16,User Management,13.0,73
USG06511,CUST0446,2025-12-13,Notifications,6.2,28
USG06512,CUST0286,2022-09-08,Integrations,3.8,34
USG06513,CUST0318,2025-05-11,Integrations,45.9,73
USG06514,CUST0382,2024-11-14,Automation,10.5,7
USG06515,CUST0361,2022-09-27,User Management,66.2,16
USG06516,CUST0397,2022-07-08,Dashboard,58.6,66
USG06517,CUST0191,2023-03-17,Automation,1.6,21
USG06518,CUST0469,2024-07-08,Audit Logs,11.4,33
USG06519,CUST0274,2023-11-27,Integrations,12.0,55
USG06520,CUST0047,2024-04-25,Analytics,20.8,39
USG06521,CUST0115,2022-12-27,Automation,12.1,52
USG06522,CUST0173,2024-11-13,Bulk Import,24.1,12
USG06523,CUST0176,2024-05-28,Analytics,11.9,19
USG06524,CUST0500,2025-11-20,Notifications,13.7,71
USG06525,CUST0438,2023-04-05,Automation,14.9,55
USG06526,CUST0149,2023-06-21,API Access,19.5,70
USG06527,CUST0116,2023-05-17,Audit Logs,8.1,71
USG06528,CUST0267,2025-08-25,Reporting,9.6,13
USG06529,CUST0221,2024-11-28,Notifications,32.3,13
USG06530,CUST0019,2022-11-30,Audit Logs,10.2,19
USG06531,CUST0489,2023-09-30,API Access,16.4,76
USG06532,CUST0212,2022-11-01,Reporting,39.6,45
USG06533,CUST0297,2022-10-16,API Access,2.9,66
USG06534,CUST0109,2024-10-22,Bulk Import,8.2,66
USG06535,CUST0103,2022-05-12,Integrations,19.3,8
USG06536,CUST0111,2023-03-12,Bulk Import,2.2,3
USG06537,CUST0208,2023-05-28,Audit Logs,35.0,7
USG06538,CUST0473,2024-08-11,Automation,1.6,26
USG06539,CUST0082,2022-11-12,API Access,104.7,54
USG06540,CUST0196,2025-12-10,Bulk Import,0.1,50
USG06541,CUST0189,2023-06-05,Bulk Import,16.7,54
USG06542,CUST0489,2025-03-25,User Management,8.4,45
USG06543,CUST0354,2022-01-05,Reporting,54.5,60
USG06544,CUST0127,2024-11-09,API Access,4.3,74
USG06545,CUST0137,2024-12-19,Notifications,5.5,44
USG06546,CUST0083,2024-10-16,Automation,92.7,56
USG06547,CUST0211,2023-05-30,Audit Logs,2.7,52
USG06548,CUST0224,2022-01-10,Reporting,14.7,11
USG06549,CUST0012,2025-09-08,Integrations,15.8,7
USG06550,CUST0146,2025-10-14,Reporting,0.5,73
USG06551,CUST0324,2023-05-15,Analytics,9.0,1
USG06552,CUST0479,2022-01-09,API Access,1.8,77
USG06553,CUST0204,2023-02-06,Integrations,23.8,21
USG06554,CUST0080,2025-12-16,API Access,2.6,45
USG06555,CUST0279,2022-02-23,Integrations,27.4,65
USG06556,CUST0057,2023-03-20,API Access,64.3,71
USG06557,CUST0025,2023-05-19,Bulk Import,13.6,70
USG06558,CUST0139,2023-10-15,Notifications,14.8,54
USG06559,CUST0374,2024-03-04,Automation,23.5,21
USG06560,CUST0416,2023-12-27,Audit Logs,13.2,67
USG06561,CUST0062,2024-03-24,Dashboard,1.1,1
USG06562,CUST0014,2025-09-23,Analytics,48.8,26
USG06563,CUST0279,2022-10-22,User Management,36.4,13
USG06564,CUST0015,2022-04-23,Notifications,9.8,21
USG06565,CUST0088,2023-03-12,Automation,6.8,6
USG06566,CUST0118,2025-04-02,Reporting,9.8,7
USG06567,CUST0438,2025-05-11,Bulk Import,38.1,7
USG06568,CUST0315,2025-11-25,API Access,48.9,13
USG06569,CUST0271,2024-07-06,Dashboard,1.8,20
USG06570,CUST0087,2023-07-20,Dashboard,23.4,19
USG06571,CUST0411,2024-05-19,Notifications,91.1,54
USG06572,CUST0211,2023-06-29,Audit Logs,22.6,41
USG06573,CUST0235,2024-10-04,Analytics,12.2,75
USG06574,CUST0116,2022-10-09,User Management,10.9,20
USG06575,CUST0127,2025-10-06,Automation,20.8,45
USG06576,CUST0423,2022-02-21,Notifications,9.3,17
USG06577,CUST0465,2022-09-23,Notifications,0.0,48
USG06578,CUST0196,2023-04-06,Analytics,47.8,14
USG06579,CUST0113,2025-12-03,Reporting,2.2,18
USG06580,CUST0172,2024-08-04,Audit Logs,3.0,12
USG06581,CUST0211,2024-12-06,Dashboard,3.0,80
USG06582,CUST0402,2023-11-20,Bulk Import,11.2,59
USG06583,CUST0233,2023-07-03,Reporting,19.2,38
USG06584,CUST0012,2023-05-20,Bulk Import,5.4,68
USG06585,CUST0437,2024-11-21,Automation,4.9,45
USG06586,CUST0155,2025-09-25,Reporting,1.5,70
USG06587,CUST0030,2022-12-17,Notifications,24.5,21
USG06588,CUST0202,2025-12-10,API Access,3.3,48
USG06589,CUST0438,2022-12-25,Automation,6.1,54
USG06590,CUST0230,2025-12-20,Automation,3.4,10
USG06591,CUST0057,2023-06-04,Notifications,0.6,10
USG06592,CUST0387,2022-10-31,Automation,40.8,49
USG06593,CUST0176,2025-07-30,Reporting,22.5,76
USG06594,CUST0026,2025-10-26,Reporting,21.3,6
USG06595,CUST0354,2024-06-08,Integrations,4.8,65
USG06596,CUST0295,2024-05-22,Notifications,2.1,28
USG06597,CUST0026,2025-07-23,Dashboard,1.4,64
USG06598,CUST0463,2023-04-07,Dashboard,3.0,14
USG06599,CUST0166,2022-02-28,Analytics,9.3,22
USG06600,CUST0146,2024-07-14,Automation,15.9,67
USG06601,CUST0491,2024-11-17,Automation,47.1,67
USG06602,CUST0086,2023-09-01,Analytics,5.7,17
USG06603,CUST0305,2023-05-24,Dashboard,7.4,53
USG06604,CUST0398,2023-03-27,Integrations,13.4,30
USG06605,CUST0174,2024-09-10,Notifications,12.3,30
USG06606,CUST0336,2023-08-28,Audit Logs,18.5,31
USG06607,CUST0165,2025-12-10,User Management,9.0,12
USG06608,CUST0370,2023-12-04,API Access,11.6,80
USG06609,CUST0248,2024-10-18,Bulk Import,0.9,49
USG06610,CUST0398,2024-02-13,Analytics,25.5,77
USG06611,CUST0296,2025-08-27,Bulk Import,23.5,4
USG06612,CUST0377,2024-03-07,Analytics,4.2,51
USG06613,CUST0126,2023-04-09,Automation,13.8,35
USG06614,CUST0058,2022-04-03,Reporting,103.5,74
USG06615,CUST0413,2025-01-02,Dashboard,49.9,36
USG06616,CUST0479,2024-01-28,Analytics,19.8,7
USG06617,CUST0173,2024-05-23,Integrations,39.6,71
USG06618,CUST0018,2023-11-26,API Access,8.4,71
USG06619,CUST0068,2025-04-26,User Management,40.0,25
USG06620,CUST0115,2025-06-04,API Access,2.2,36
USG06621,CUST0037,2024-07-24,User Management,10.9,8
USG06622,CUST0026,2023-02-22,Notifications,8.1,52
USG06623,CUST0333,2022-08-09,Audit Logs,45.1,33
USG06624,CUST0144,2023-06-19,Analytics,2.4,39
USG06625,CUST0155,2022-07-05,Analytics,37.0,64
USG06626,CUST0217,2024-08-04,User Management,13.6,78
USG06627,CUST0490,2025-01-30,Automation,15.0,6
USG06628,CUST0211,2024-11-04,Automation,29.2,15
USG06629,CUST0402,2022-05-16,Reporting,14.2,16
USG06630,CUST0234,2024-02-03,Dashboard,66.2,14
USG06631,CUST0297,2024-06-16,Audit Logs,15.9,32
USG06632,CUST0199,2023-07-30,Dashboard,9.4,5
USG06633,CUST0139,2024-12-11,Bulk Import,3.5,61
USG06634,CUST0046,2022-09-28,Integrations,3.2,64
USG06635,CUST0416,2023-02-25,Dashboard,17.7,75
USG06636,CUST0454,2022-06-20,Notifications,51.0,23
USG06637,CUST0064,2025-06-08,Automation,23.4,75
USG06638,CUST0420,2025-12-30,Dashboard,24.6,66
USG06639,CUST0272,2023-12-12,Automation,3.2,64
USG06640,CUST0065,2024-08-28,Dashboard,7.9,7
USG06641,CUST0385,2023-03-07,Notifications,1.7,69
USG06642,CUST0058,2025-10-16,Audit Logs,8.7,40
USG06643,CUST0359,2024-08-26,Analytics,9.4,41
USG06644,CUST0102,2022-01-16,API Access,36.8,26
USG06645,CUST0212,2025-05-04,Notifications,7.9,57
USG06646,CUST0197,2023-11-02,Reporting,1.0,46
USG06647,CUST0449,2023-05-30,API Access,8.1,33
USG06648,CUST0259,2024-04-29,Integrations,4.3,9
USG06649,CUST0353,2022-07-20,User Management,21.2,2
USG06650,CUST0080,2024-11-29,Analytics,5.4,45
USG06651,CUST0120,2022-06-02,Analytics,1.4,2
USG06652,CUST0416,2025-05-14,Notifications,26.4,64
USG06653,CUST0397,2022-04-23,Integrations,15.3,46
USG06654,CUST0355,2025-10-28,User Management,10.3,61
USG06655,CUST0133,2022-06-29,User Management,2.8,40
USG06656,CUST0408,2025-06-19,User Management,1.9,58
USG06657,CUST0286,2024-10-10,Integrations,4.4,72
USG06658,CUST0486,2022-05-18,Integrations,84.8,53
USG06659,CUST0377,2023-08-02,User Management,79.3,45
USG06660,CUST0399,2024-01-12,Reporting,11.3,28
USG06661,CUST0369,2023-05-26,User Management,2.6,30
USG06662,CUST0496,2022-10-29,Automation,14.2,20
USG06663,CUST0258,2023-11-30,Bulk Import,5.2,49
USG06664,CUST0256,2023-02-10,Notifications,22.0,65
USG06665,CUST0212,2024-12-16,Notifications,5.8,20
USG06666,CUST0010,2023-10-07,Audit Logs,5.9,62
USG06667,CUST0375,2024-01-28,Audit Logs,18.2,69
USG06668,CUST0050,2024-11-03,Dashboard,37.8,33
USG06669,CUST0469,2025-10-18,Audit Logs,37.4,63
USG06670,CUST0331,2024-02-24,Integrations,11.9,70
USG06671,CUST0365,2023-06-21,Bulk Import,14.1,25
USG06672,CUST0248,2025-04-21,Integrations,3.6,53
USG06673,CUST0308,2025-03-27,Automation,4.6,47
USG06674,CUST0043,2025-07-31,Automation,9.4,11
USG06675,CUST0211,2022-12-18,Analytics,57.0,79
USG06676,CUST0293,2024-08-18,Analytics,12.9,20
USG06677,CUST0230,2025-06-04,Reporting,16.6,35
USG06678,CUST0495,2022-08-28,Integrations,35.4,75
USG06679,CUST0250,2023-08-11,Notifications,0.4,33
USG06680,CUST0496,2025-05-24,Audit Logs,22.4,12
USG06681,CUST0466,2023-01-15,Analytics,21.3,79
USG06682,CUST0274,2022-12-05,Bulk Import,25.3,65
USG06683,CUST0122,2022-07-02,Notifications,5.2,37
USG06684,CUST0489,2024-01-04,Audit Logs,18.6,51
USG06685,CUST0377,2025-03-19,Integrations,24.3,14
USG06686,CUST0109,2025-03-19,Analytics,1.2,60
USG06687,CUST0148,2022-03-05,Dashboard,1.4,18
USG06688,CUST0476,2024-08-14,Reporting,13.9,18
USG06689,CUST0448,2025-06-20,Dashboard,15.6,39
USG06690,CUST0210,2024-10-03,API Access,0.4,63
USG06691,CUST0289,2023-07-05,Analytics,31.5,18
USG06692,CUST0408,2022-09-14,User Management,12.2,36
USG06693,CUST0064,2024-03-31,Notifications,4.1,79
USG06694,CUST0499,2025-11-13,Analytics,22.5,44
USG06695,CUST0031,2024-10-19,Analytics,1.5,40
USG06696,CUST0497,2025-11-21,Reporting,75.6,59
USG06697,CUST0198,2024-02-19,Audit Logs,8.6,27
USG06698,CUST0491,2022-08-19,Dashboard,17.0,77
USG06699,CUST0080,2025-01-19,Automation,21.1,78
USG06700,CUST0303,2023-01-27,Audit Logs,7.4,59
USG06701,CUST0173,2024-04-19,Notifications,6.4,25
USG06702,CUST0033,2023-07-08,API Access,0.0,34
USG06703,CUST0352,2023-07-18,Integrations,31.4,34
USG06704,CUST0152,2023-04-12,Notifications,28.3,31
USG06705,CUST0464,2022-01-29,Notifications,2.4,27
USG06706,CUST0325,2023-10-12,Audit Logs,2.2,8
USG06707,CUST0450,2022-08-03,Bulk Import,4.1,45
USG06708,CUST0205,2024-06-12,Audit Logs,22.0,36
USG06709,CUST0367,2022-08-19,Dashboard,11.5,78
USG06710,CUST0100,2022-11-17,Automation,38.9,46
USG06711,CUST0482,2023-10-20,Reporting,0.9,22
USG06712,CUST0256,2023-06-06,API Access,10.9,1
USG06713,CUST0128,2025-10-21,Bulk Import,16.6,76
USG06714,CUST0112,2022-08-20,User Management,10.9,17
USG06715,CUST0120,2025-06-26,Bulk Import,15.2,76
USG06716,CUST0148,2023-07-30,Integrations,14.7,26
USG06717,CUST0352,2025-08-15,Dashboard,118.3,66
USG06718,CUST0228,2024-05-23,Reporting,10.6,74
USG06719,CUST0398,2024-05-05,API Access,15.2,28
USG06720,CUST0403,2025-07-07,Notifications,18.4,66
USG06721,CUST0417,2024-12-05,API Access,14.8,18
USG06722,CUST0424,2024-11-26,Bulk Import,15.9,50
USG06723,CUST0352,2022-11-04,Notifications,2.1,42
USG06724,CUST0242,2025-09-24,Bulk Import,22.0,40
USG06725,CUST0329,2023-12-13,Bulk Import,1.0,2
USG06726,CUST0286,2024-09-05,Audit Logs,1.4,27
USG06727,CUST0188,2025-04-25,Integrations,18.5,70
USG06728,CUST0127,2024-12-10,Reporting,1.4,50
USG06729,CUST0133,2025-12-23,Automation,13.7,13
USG06730,CUST0072,2024-11-01,Dashboard,22.4,25
USG06731,CUST0121,2025-09-19,Analytics,7.3,27
USG06732,CUST0315,2024-03-05,Analytics,9.3,44
USG06733,CUST0028,2024-10-13,API Access,1.9,34
USG06734,CUST0099,2022-09-29,Automation,13.4,11
USG06735,CUST0241,2022-02-17,Dashboard,9.3,53
USG06736,CUST0191,2025-12-27,Integrations,2.5,70
USG06737,CUST0085,2024-06-12,Dashboard,25.8,17
USG06738,CUST0425,2023-03-01,Notifications,22.3,75
USG06739,CUST0495,2023-06-25,API Access,62.3,47
USG06740,CUST0238,2025-11-20,Audit Logs,7.8,20
USG06741,CUST0103,2025-07-14,Audit Logs,14.4,50
USG06742,CUST0453,2025-06-19,User Management,3.1,2
USG06743,CUST0282,2024-10-31,API Access,96.7,22
USG06744,CUST0208,2024-08-19,API Access,38.9,16
USG06745,CUST0183,2025-08-10,Audit Logs,19.6,63
USG06746,CUST0441,2022-11-08,Audit Logs,11.5,22
USG06747,CUST0443,2022-07-01,User Management,1.2,24
USG06748,CUST0048,2024-06-13,Bulk Import,0.6,16
USG06749,CUST0228,2024-03-26,Automation,56.3,42
USG06750,CUST0256,2022-02-05,Analytics,18.9,55
USG06751,CUST0405,2024-05-20,API Access,6.0,62
USG06752,CUST0466,2023-05-11,Notifications,54.1,4
USG06753,CUST0259,2025-07-09,Reporting,2.3,30
USG06754,CUST0257,2024-06-27,Integrations,37.3,41
USG06755,CUST0382,2024-04-22,Integrations,17.9,59
USG06756,CUST0435,2023-01-15,Reporting,25.7,49
USG06757,CUST0413,2023-07-31,API Access,29.1,51
USG06758,CUST0254,2022-11-16,Dashboard,26.6,26
USG06759,CUST0159,2022-01-05,API Access,12.1,27
USG06760,CUST0466,2022-08-05,Audit Logs,31.8,6
USG06761,CUST0134,2022-03-07,Notifications,2.1,62
USG06762,CUST0274,2024-08-22,Notifications,78.2,80
USG06763,CUST0069,2022-07-21,Analytics,5.3,50
USG06764,CUST0029,2022-10-18,Bulk Import,2.7,15
USG06765,CUST0057,2025-06-06,Integrations,10.6,51
USG06766,CUST0274,2024-08-01,API Access,27.9,47
USG06767,CUST0134,2023-05-27,Integrations,12.1,64
USG06768,CUST0188,2025-07-14,Dashboard,3.2,23
USG06769,CUST0446,2022-01-01,Bulk Import,6.2,70
USG06770,CUST0232,2022-07-04,Reporting,1.5,4
USG06771,CUST0458,2024-11-28,Analytics,18.7,17
USG06772,CUST0188,2022-08-25,Analytics,6.2,36
USG06773,CUST0182,2022-02-09,Integrations,10.6,67
USG06774,CUST0055,2025-11-14,Automation,3.7,23
USG06775,CUST0244,2025-01-03,API Access,88.9,14
USG06776,CUST0392,2023-01-03,Analytics,14.5,11
USG06777,CUST0271,2025-11-16,API Access,9.5,12
USG06778,CUST0459,2022-09-30,Dashboard,1.4,34
USG06779,CUST0393,2023-09-21,User Management,2.2,9
USG06780,CUST0398,2023-12-23,User Management,6.5,25
USG06781,CUST0302,2024-02-12,Reporting,13.8,4
USG06782,CUST0381,2025-01-21,Automation,1.3,20
USG06783,CUST0188,2025-03-01,Audit Logs,31.9,26
USG06784,CUST0071,2025-08-23,Notifications,22.9,53
USG06785,CUST0469,2024-01-26,Reporting,120.0,74
USG06786,CUST0033,2022-09-06,Automation,3.7,2
USG06787,CUST0258,2023-10-26,Automation,25.9,63
USG06788,CUST0209,2024-12-23,API Access,13.0,34
USG06789,CUST0410,2025-07-11,Notifications,9.1,37
USG06790,CUST0114,2023-02-05,Automation,9.4,27
USG06791,CUST0437,2025-05-15,Reporting,6.4,60
USG06792,CUST0139,2022-01-22,Bulk Import,33.5,80
USG06793,CUST0060,2024-01-17,Notifications,4.7,69
USG06794,CUST0132,2022-04-04,API Access,9.4,30
USG06795,CUST0169,2024-11-17,Dashboard,9.8,43
USG06796,CUST0097,2024-04-23,Notifications,0.3,48
USG06797,CUST0435,2023-08-27,Automation,6.8,47
USG06798,CUST0312,2022-05-04,Integrations,25.5,62
USG06799,CUST0064,2023-05-12,User Management,23.2,43
USG06800,CUST0375,2023-07-10,Dashboard,6.3,33
USG06801,CUST0458,2022-11-23,Notifications,1.6,6
USG06802,CUST0037,2023-02-06,Notifications,15.0,68
USG06803,CUST0351,2025-03-23,Bulk Import,0.7,9
USG06804,CUST0040,2024-11-29,Analytics,8.2,59
USG06805,CUST0160,2024-01-16,Analytics,33.3,39
USG06806,CUST0471,2024-11-30,Bulk Import,1.0,4
USG06807,CUST0488,2025-09-28,Integrations,7.1,31
USG06808,CUST0484,2022-03-13,API Access,37.8,28
USG06809,CUST0148,2022-08-14,API Access,22.4,77
USG06810,CUST0228,2023-02-05,Analytics,0.5,38
USG06811,CUST0001,2022-09-23,User Management,54.6,11
USG06812,CUST0496,2024-09-14,Reporting,16.2,39
USG06813,CUST0449,2023-10-14,Integrations,12.6,31
USG06814,CUST0158,2022-06-09,API Access,4.7,31
USG06815,CUST0396,2024-04-22,Dashboard,2.0,5
USG06816,CUST0295,2025-01-30,Integrations,3.7,42
USG06817,CUST0160,2025-03-05,API Access,31.3,62
USG06818,CUST0276,2024-08-12,User Management,22.6,40
USG06819,CUST0008,2024-04-05,Automation,3.1,24
USG06820,CUST0236,2025-12-15,Dashboard,4.6,38
USG06821,CUST0440,2024-07-15,Notifications,12.9,16
USG06822,CUST0393,2025-09-06,Automation,22.1,17
USG06823,CUST0245,2024-01-24,Notifications,1.5,11
USG06824,CUST0232,2024-11-21,Notifications,4.2,38
USG06825,CUST0158,2025-11-10,Notifications,76.6,60
USG06826,CUST0404,2022-11-07,Analytics,6.8,60
USG06827,CUST0477,2023-09-26,Automation,8.6,23
USG06828,CUST0025,2024-09-05,Reporting,20.1,15
USG06829,CUST0057,2023-06-10,Integrations,5.1,72
USG06830,CUST0054,2023-04-14,Notifications,2.8,49
USG06831,CUST0047,2025-09-04,Automation,23.0,52
USG06832,CUST0219,2022-09-11,Notifications,13.0,1
USG06833,CUST0142,2024-04-07,Notifications,5.0,76
USG06834,CUST0267,2024-05-19,Automation,10.3,75
USG06835,CUST0332,2022-09-08,Notifications,14.4,5
USG06836,CUST0013,2024-07-25,User Management,7.3,69
USG06837,CUST0112,2023-05-14,Integrations,3.0,12
USG06838,CUST0491,2023-09-25,Dashboard,3.0,19
USG06839,CUST0192,2024-04-05,User Management,5.1,29
USG06840,CUST0272,2025-11-23,Audit Logs,1.1,71
USG06841,CUST0055,2022-05-31,Dashboard,3.1,16
USG06842,CUST0499,2023-12-17,Dashboard,96.9,42
USG06843,CUST0352,2025-02-10,Reporting,3.2,2
USG06844,CUST0288,2023-08-09,Analytics,17.7,57
USG06845,CUST0242,2025-05-18,API Access,32.5,43
USG06846,CUST0488,2025-11-19,Analytics,21.5,51
USG06847,CUST0260,2023-12-25,API Access,40.5,22
USG06848,CUST0198,2024-12-21,Dashboard,14.2,41
USG06849,CUST0348,2023-11-26,User Management,31.0,67
USG06850,CUST0337,2023-09-03,Bulk Import,11.9,66
USG06851,CUST0175,2025-04-30,API Access,120.0,5
USG06852,CUST0308,2022-02-22,Bulk Import,21.8,7
USG06853,CUST0466,2025-04-11,Bulk Import,6.7,42
USG06854,CUST0136,2025-11-26,Notifications,9.6,78
USG06855,CUST0147,2025-01-13,Bulk Import,0.2,34
USG06856,CUST0321,2022-11-14,Notifications,5.6,36
USG06857,CUST0060,2024-12-12,User Management,2.4,35
USG06858,CUST0173,2023-10-27,Dashboard,28.4,66
USG06859,CUST0085,2023-08-21,Bulk Import,7.8,77
USG06860,CUST0069,2024-11-09,Automation,1.5,47
USG06861,CUST0470,2023-07-27,Audit Logs,18.2,36
USG06862,CUST0364,2024-09-24,Integrations,6.9,58
USG06863,CUST0344,2022-02-06,Analytics,4.8,48
USG06864,CUST0286,2024-02-21,Reporting,20.1,6
USG06865,CUST0420,2024-03-03,Automation,18.0,21
USG06866,CUST0107,2025-01-27,Notifications,34.1,61
USG06867,CUST0340,2024-02-11,Integrations,7.6,63
USG06868,CUST0323,2022-09-28,Audit Logs,44.9,64
USG06869,CUST0396,2023-07-26,Bulk Import,16.8,12
USG06870,CUST0427,2023-09-07,API Access,51.6,47
USG06871,CUST0179,2024-06-28,Integrations,5.9,20
USG06872,CUST0027,2022-04-24,Audit Logs,3.2,77
USG06873,CUST0476,2024-04-26,Audit Logs,7.6,69
USG06874,CUST0004,2022-03-18,Notifications,23.4,59
USG06875,CUST0054,2024-12-08,Reporting,7.5,41
USG06876,CUST0422,2025-11-11,Integrations,2.9,59
USG06877,CUST0466,2023-02-26,API Access,9.1,43
USG06878,CUST0279,2022-07-11,Analytics,7.2,40
USG06879,CUST0153,2025-06-09,Analytics,11.2,8
USG06880,CUST0486,2025-09-16,Notifications,4.7,78
USG06881,CUST0163,2025-03-20,Reporting,19.9,20
USG06882,CUST0235,2022-07-08,Reporting,0.4,72
USG06883,CUST0212,2022-06-27,Automation,33.9,66
USG06884,CUST0012,2022-03-25,API Access,18.5,2
USG06885,CUST0323,2023-11-28,Notifications,2.7,35
USG06886,CUST0195,2023-07-05,Dashboard,5.2,69
USG06887,CUST0437,2023-01-01,Reporting,10.8,57
USG06888,CUST0136,2024-07-25,User Management,35.3,62
USG06889,CUST0103,2025-09-05,Integrations,11.6,34
USG06890,CUST0195,2022-05-15,Reporting,11.5,22
USG06891,CUST0436,2024-07-02,API Access,2.3,69
USG06892,CUST0090,2025-12-07,Integrations,31.6,66
USG06893,CUST0176,2022-01-17,User Management,13.5,77
USG06894,CUST0268,2023-02-12,Bulk Import,14.9,71
USG06895,CUST0497,2022-11-06,Analytics,2.0,56
USG06896,CUST0373,2024-09-18,Reporting,22.9,68
USG06897,CUST0367,2025-12-10,Notifications,37.7,34
USG06898,CUST0433,2022-08-31,Reporting,13.1,64
USG06899,CUST0310,2025-04-28,Notifications,19.2,74
USG06900,CUST0279,2025-07-03,Notifications,24.5,12
USG06901,CUST0317,2022-08-28,Notifications,28.9,1
USG06902,CUST0139,2024-06-16,Analytics,62.1,32
USG06903,CUST0370,2022-01-31,Audit Logs,29.7,15
USG06904,CUST0177,2025-07-12,API Access,12.0,2
USG06905,CUST0232,2022-10-31,Automation,42.9,76
USG06906,CUST0078,2023-06-09,Automation,23.4,41
USG06907,CUST0251,2024-09-18,User Management,9.5,63
USG06908,CUST0269,2024-02-17,API Access,48.5,39
USG06909,CUST0113,2025-05-21,Bulk Import,9.2,51
USG06910,CUST0234,2023-12-06,Dashboard,10.4,64
USG06911,CUST0156,2024-11-17,Reporting,6.6,21
USG06912,CUST0055,2022-11-22,Dashboard,16.0,5
USG06913,CUST0464,2025-07-15,Reporting,9.1,37
USG06914,CUST0245,2023-09-20,Automation,8.6,12
USG06915,CUST0489,2023-10-28,Automation,13.3,66
USG06916,CUST0166,2023-08-29,Dashboard,10.1,44
USG06917,CUST0432,2025-02-24,Audit Logs,19.0,67
USG06918,CUST0134,2025-10-28,Automation,7.3,18
USG06919,CUST0241,2023-06-04,Analytics,3.7,35
USG06920,CUST0340,2022-03-25,Integrations,1.2,62
USG06921,CUST0255,2024-07-07,Dashboard,2.5,26
USG06922,CUST0423,2025-12-04,Automation,20.5,75
USG06923,CUST0389,2024-07-13,Audit Logs,1.9,3
USG06924,CUST0475,2023-01-05,Integrations,34.3,2
USG06925,CUST0437,2024-03-18,Audit Logs,8.2,21
USG06926,CUST0319,2024-01-15,Reporting,11.5,37
USG06927,CUST0491,2023-06-29,API Access,8.2,74
USG06928,CUST0212,2022-12-13,API Access,3.8,39
USG06929,CUST0324,2023-11-15,Bulk Import,23.2,13
USG06930,CUST0074,2025-04-25,API Access,2.7,53
USG06931,CUST0084,2024-10-02,Notifications,6.8,39
USG06932,CUST0142,2023-12-22,Audit Logs,26.3,19
USG06933,CUST0334,2023-05-27,Analytics,13.7,71
USG06934,CUST0483,2024-05-16,User Management,29.8,26
USG06935,CUST0154,2022-09-01,User Management,30.4,78
USG06936,CUST0417,2025-03-27,Integrations,22.0,8
USG06937,CUST0183,2025-07-12,Notifications,11.7,68
USG06938,CUST0223,2025-05-14,API Access,33.1,36
USG06939,CUST0004,2023-05-21,API Access,1.8,4
USG06940,CUST0491,2023-09-29,Reporting,18.2,33
USG06941,CUST0490,2025-11-15,User Management,52.0,25
USG06942,CUST0042,2023-02-08,Bulk Import,10.3,55
USG06943,CUST0252,2024-02-06,Reporting,2.8,16
USG06944,CUST0103,2024-12-16,User Management,1.1,50
USG06945,CUST0316,2023-05-27,Audit Logs,0.6,74
USG06946,CUST0385,2024-07-05,Bulk Import,40.1,23
USG06947,CUST0240,2023-02-02,Analytics,61.7,16
USG06948,CUST0381,2022-01-04,Analytics,34.4,26
USG06949,CUST0049,2022-12-24,API Access,14.5,31
USG06950,CUST0386,2024-02-23,Bulk Import,48.3,20
USG06951,CUST0054,2022-04-26,Analytics,51.6,27
USG06952,CUST0144,2025-07-15,Automation,31.6,56
USG06953,CUST0452,2022-05-16,Reporting,12.1,80
USG06954,CUST0279,2023-04-11,Bulk Import,42.9,52
USG06955,CUST0358,2024-12-07,Audit Logs,10.8,53
USG06956,CUST0236,2023-03-01,Automation,1.7,22
USG06957,CUST0245,2024-09-28,API Access,8.6,71
USG06958,CUST0017,2024-07-17,Audit Logs,4.6,61
USG06959,CUST0310,2023-01-06,User Management,2.4,10
USG06960,CUST0489,2022-08-04,Dashboard,26.9,19
USG06961,CUST0245,2024-10-07,Bulk Import,27.7,25
USG06962,CUST0340,2025-12-30,Automation,7.1,24
USG06963,CUST0184,2024-06-03,Notifications,23.1,20
USG06964,CUST0274,2025-10-04,Bulk Import,27.4,59
USG06965,CUST0414,2023-06-06,Analytics,16.4,63
USG06966,CUST0298,2022-06-13,User Management,15.1,32
USG06967,CUST0429,2023-09-22,Bulk Import,14.2,61
USG06968,CUST0409,2025-08-11,Bulk Import,20.5,62
USG06969,CUST0100,2023-02-06,Bulk Import,1.2,20
USG06970,CUST0446,2024-02-09,API Access,85.5,63
USG06971,CUST0307,2025-09-14,Dashboard,18.7,18
USG06972,CUST0218,2022-07-14,Integrations,40.7,53
USG06973,CUST0443,2022-02-14,Integrations,8.2,49
USG06974,CUST0183,2022-06-29,Analytics,10.0,2
USG06975,CUST0064,2023-07-01,Bulk Import,15.9,76
USG06976,CUST0091,2022-08-25,Automation,0.4,24
USG06977,CUST0413,2024-09-18,Bulk Import,41.5,26
USG06978,CUST0122,2022-05-06,Analytics,31.1,57
USG06979,CUST0097,2022-06-27,User Management,10.0,62
USG06980,CUST0495,2022-05-07,Automation,26.0,17
USG06981,CUST0401,2025-05-07,Reporting,20.9,19
USG06982,CUST0093,2024-10-10,API Access,34.5,45
USG06983,CUST0142,2024-11-15,User Management,36.6,69
USG06984,CUST0332,2023-01-15,Integrations,43.0,10
USG06985,CUST0456,2022-04-29,API Access,58.1,7
USG06986,CUST0343,2023-11-14,Notifications,23.6,2
USG06987,CUST0211,2025-02-28,Audit Logs,5.7,21
USG06988,CUST0195,2023-07-01,Integrations,14.7,67
USG06989,CUST0340,2024-07-14,Dashboard,8.2,31
USG06990,CUST0111,2024-11-18,Analytics,9.6,77
USG06991,CUST0047,2024-04-28,Bulk Import,47.2,50
USG06992,CUST0079,2025-01-18,Reporting,22.0,60
USG06993,CUST0355,2022-10-10,Integrations,3.3,34
USG06994,CUST0178,2024-07-18,Reporting,2.0,74
USG06995,CUST0279,2024-04-17,Analytics,7.7,26
USG06996,CUST0019,2024-06-20,Notifications,26.5,80
USG06997,CUST0330,2023-10-24,User Management,5.3,43
USG06998,CUST0276,2024-05-16,Bulk Import,20.0,42
USG06999,CUST0298,2023-06-16,Integrations,11.4,63
USG07000,CUST0321,2022-09-13,Bulk Import,25.8,41
USG07001,CUST0060,2024-12-27,Notifications,120.0,6
USG07002,CUST0012,2025-02-13,User Management,14.2,46
USG07003,CUST0335,2025-07-05,Bulk Import,21.3,29
USG07004,CUST0291,2024-06-15,Analytics,2.2,45
USG07005,CUST0324,2022-04-24,API Access,13.9,28
USG07006,CUST0243,2022-11-29,Integrations,8.0,25
USG07007,CUST0491,2024-03-12,Reporting,68.1,68
USG07008,CUST0096,2024-06-30,Automation,2.3,30
USG07009,CUST0042,2022-03-13,Integrations,0.9,52
USG07010,CUST0401,2025-02-07,Automation,10.1,16
USG07011,CUST0102,2024-11-28,Audit Logs,20.2,13
USG07012,CUST0050,2024-10-06,Automation,14.8,63
USG07013,CUST0080,2023-05-28,Dashboard,25.4,5
USG07014,CUST0212,2023-09-04,Automation,3.0,1
USG07015,CUST0331,2022-03-16,User Management,15.4,13
USG07016,CUST0196,2024-12-26,Dashboard,24.9,70
USG07017,CUST0436,2025-08-07,Bulk Import,1.5,61
USG07018,CUST0441,2024-08-13,Integrations,50.6,9
USG07019,CUST0363,2023-06-06,Integrations,50.6,53
USG07020,CUST0439,2023-10-12,User Management,14.8,44
USG07021,CUST0087,2022-04-20,Reporting,0.0,17
USG07022,CUST0050,2025-08-25,Reporting,28.5,26
USG07023,CUST0216,2022-03-25,Notifications,12.7,34
USG07024,CUST0421,2024-05-29,Analytics,5.1,63
USG07025,CUST0245,2023-01-20,User Management,13.0,42
USG07026,CUST0288,2023-05-06,API Access,19.6,80
USG07027,CUST0356,2025-01-09,Notifications,18.0,75
USG07028,CUST0464,2023-05-13,Integrations,40.6,67
USG07029,CUST0283,2024-05-23,User Management,3.4,59
USG07030,CUST0040,2023-06-19,Integrations,52.2,36
USG07031,CUST0243,2024-06-27,API Access,4.2,77
USG07032,CUST0086,2024-05-19,Notifications,11.3,29
USG07033,CUST0322,2022-10-11,Reporting,25.1,19
USG07034,CUST0487,2024-09-20,Automation,24.7,71
USG07035,CUST0140,2022-05-04,Notifications,29.5,76
USG07036,CUST0047,2023-08-24,Notifications,35.5,53
USG07037,CUST0373,2025-07-08,Dashboard,45.4,61
USG07038,CUST0329,2024-09-17,Dashboard,3.7,9
USG07039,CUST0209,2023-06-16,API Access,34.2,5
USG07040,CUST0372,2025-08-22,User Management,24.4,18
USG07041,CUST0162,2023-07-18,Notifications,26.0,73
USG07042,CUST0177,2024-12-28,User Management,63.1,57
USG07043,CUST0252,2023-01-21,Reporting,10.7,55
USG07044,CUST0387,2025-02-12,Automation,82.2,63
USG07045,CUST0296,2024-05-21,Dashboard,20.5,74
USG07046,CUST0333,2024-07-21,Audit Logs,17.3,17
USG07047,CUST0201,2024-02-22,Automation,22.5,69
USG07048,CUST0132,2023-03-30,Audit Logs,28.3,5
USG07049,CUST0013,2023-06-29,Automation,1.2,57
USG07050,CUST0079,2022-01-16,User Management,0.9,73
USG07051,CUST0111,2022-12-03,User Management,0.9,56
USG07052,CUST0289,2024-06-09,Analytics,0.4,52
USG07053,CUST0198,2024-02-10,User Management,8.7,60
USG07054,CUST0412,2025-12-25,Analytics,9.4,67
USG07055,CUST0008,2023-02-22,Automation,2.0,61
USG07056,CUST0289,2025-11-11,Notifications,12.6,60
USG07057,CUST0351,2024-06-29,Notifications,19.7,70
USG07058,CUST0189,2022-08-14,Automation,20.1,12
USG07059,CUST0112,2024-09-28,Bulk Import,8.1,43
USG07060,CUST0117,2024-05-25,User Management,13.4,79
USG07061,CUST0022,2025-04-21,Bulk Import,12.7,53
USG07062,CUST0486,2025-12-18,Reporting,55.6,76
USG07063,CUST0277,2023-07-11,Automation,6.1,42
USG07064,CUST0212,2025-09-10,Reporting,9.3,24
USG07065,CUST0252,2024-01-07,Bulk Import,1.0,66
USG07066,CUST0313,2022-05-27,Notifications,33.4,65
USG07067,CUST0314,2024-09-21,Notifications,43.0,20
USG07068,CUST0167,2024-12-28,Notifications,26.2,56
USG07069,CUST0020,2022-08-04,Reporting,0.0,26
USG07070,CUST0274,2023-03-10,API Access,14.9,31
USG07071,CUST0427,2025-06-10,Audit Logs,7.1,42
USG07072,CUST0396,2022-04-18,Dashboard,44.6,73
USG07073,CUST0336,2022-06-24,Bulk Import,0.8,5
USG07074,CUST0451,2025-07-24,Analytics,5.0,10
USG07075,CUST0396,2024-03-09,API Access,17.4,58
USG07076,CUST0173,2023-10-13,Dashboard,1.7,27
USG07077,CUST0408,2022-01-23,Analytics,1.8,77
USG07078,CUST0259,2025-10-27,Notifications,4.0,16
USG07079,CUST0477,2023-09-06,User Management,37.0,72
USG07080,CUST0488,2023-05-04,User Management,13.7,20
USG07081,CUST0134,2023-08-30,Notifications,1.6,42
USG07082,CUST0092,2023-10-15,Reporting,7.4,21
USG07083,CUST0469,2024-01-09,User Management,14.7,75
USG07084,CUST0475,2025-06-17,Bulk Import,10.4,12
USG07085,CUST0069,2024-04-18,Audit Logs,29.8,4
USG07086,CUST0097,2023-03-25,Bulk Import,9.9,51
USG07087,CUST0234,2022-05-24,Reporting,62.7,70
USG07088,CUST0184,2023-09-20,Audit Logs,12.5,42
USG07089,CUST0112,2024-10-01,Reporting,2.8,2
USG07090,CUST0222,2023-08-11,Dashboard,13.3,23
USG07091,CUST0389,2024-02-22,Reporting,17.0,16
USG07092,CUST0329,2023-09-30,User Management,4.8,61
USG07093,CUST0160,2025-05-28,Dashboard,0.6,5
USG07094,CUST0313,2025-06-21,Audit Logs,54.9,11
USG07095,CUST0311,2023-04-09,Audit Logs,0.9,13
USG07096,CUST0009,2023-07-30,Dashboard,8.9,28
USG07097,CUST0087,2024-08-13,Analytics,12.4,3
USG07098,CUST0040,2025-06-08,Reporting,9.4,49
USG07099,CUST0057,2025-06-17,Reporting,6.8,46
USG07100,CUST0169,2022-03-21,Bulk Import,17.5,60
USG07101,CUST0197,2023-05-14,Reporting,29.3,74
USG07102,CUST0230,2022-11-15,Automation,23.3,17
USG07103,CUST0484,2025-05-29,Dashboard,3.8,53
USG07104,CUST0057,2024-03-06,API Access,5.6,66
USG07105,CUST0232,2022-09-04,Integrations,10.3,21
USG07106,CUST0016,2025-08-18,Analytics,3.6,62
USG07107,CUST0494,2024-05-03,Automation,5.6,73
USG07108,CUST0305,2022-12-01,Analytics,4.1,48
USG07109,CUST0298,2025-12-22,Automation,7.3,17
USG07110,CUST0095,2025-09-22,Integrations,11.0,59
USG07111,CUST0207,2024-12-14,Dashboard,11.9,51
USG07112,CUST0322,2022-04-06,Audit Logs,25.1,41
USG07113,CUST0332,2023-12-28,Audit Logs,3.3,41
USG07114,CUST0211,2025-03-25,API Access,24.1,9
USG07115,CUST0351,2024-06-01,User Management,3.3,39
USG07116,CUST0162,2023-05-08,Integrations,11.8,71
USG07117,CUST0204,2025-01-21,Notifications,9.8,1
USG07118,CUST0315,2025-09-08,API Access,17.6,69
USG07119,CUST0273,2024-08-27,Dashboard,26.0,77
USG07120,CUST0445,2025-02-07,Notifications,19.0,28
USG07121,CUST0070,2025-06-12,Notifications,3.1,66
USG07122,CUST0267,2022-04-22,Integrations,31.0,1
USG07123,CUST0408,2022-04-07,Analytics,6.2,3
USG07124,CUST0409,2022-09-23,Bulk Import,41.5,26
USG07125,CUST0319,2024-01-09,Notifications,13.7,5
USG07126,CUST0125,2023-12-11,Bulk Import,0.1,32
USG07127,CUST0490,2025-06-03,Bulk Import,45.2,11
USG07128,CUST0027,2024-11-12,Analytics,47.0,54
USG07129,CUST0368,2022-01-11,User Management,6.4,35
USG07130,CUST0500,2023-03-05,Dashboard,12.3,24
USG07131,CUST0426,2024-08-14,Bulk Import,0.9,24
USG07132,CUST0423,2022-11-18,Notifications,24.1,73
USG07133,CUST0416,2025-03-30,Audit Logs,42.1,69
USG07134,CUST0500,2024-11-12,Audit Logs,7.3,62
USG07135,CUST0354,2024-07-03,Analytics,17.6,4
USG07136,CUST0228,2025-12-20,API Access,30.8,5
USG07137,CUST0107,2025-01-02,Automation,12.0,40
USG07138,CUST0476,2024-11-16,Analytics,0.7,48
USG07139,CUST0330,2023-09-05,Integrations,8.0,68
USG07140,CUST0402,2025-08-21,Bulk Import,17.0,45
USG07141,CUST0271,2024-10-03,Notifications,12.8,34
USG07142,CUST0179,2025-03-17,API Access,19.2,3
USG07143,CUST0480,2025-05-26,Reporting,13.7,38
USG07144,CUST0486,2024-12-18,Automation,7.2,6
USG07145,CUST0281,2022-12-13,Analytics,26.4,20
USG07146,CUST0340,2024-09-07,Audit Logs,43.2,5
USG07147,CUST0332,2025-06-09,Notifications,4.5,58
USG07148,CUST0158,2024-09-25,Bulk Import,2.1,69
USG07149,CUST0150,2022-08-07,Automation,0.7,57
USG07150,CUST0264,2023-07-07,Reporting,0.4,26
USG07151,CUST0077,2025-04-13,Audit Logs,92.5,20
USG07152,CUST0058,2023-02-23,Audit Logs,3.5,69
USG07153,CUST0363,2024-04-03,API Access,1.6,17
USG07154,CUST0499,2023-03-11,Integrations,16.7,21
USG07155,CUST0006,2022-11-09,Bulk Import,21.1,40
USG07156,CUST0464,2024-05-21,User Management,7.2,30
USG07157,CUST0423,2024-01-08,Integrations,59.2,58
USG07158,CUST0125,2025-05-28,Audit Logs,44.5,34
USG07159,CUST0082,2024-08-08,Automation,7.3,58
USG07160,CUST0082,2025-01-18,Integrations,43.3,48
USG07161,CUST0163,2022-10-12,Automation,26.1,14
USG07162,CUST0435,2023-12-14,Reporting,3.1,43
USG07163,CUST0216,2025-07-25,Bulk Import,45.1,70
USG07164,CUST0033,2024-09-22,Dashboard,13.4,40
USG07165,CUST0199,2024-02-29,Notifications,106.5,8
USG07166,CUST0289,2022-01-20,Analytics,2.1,35
USG07167,CUST0172,2024-02-17,Automation,33.0,4
USG07168,CUST0418,2023-04-28,Integrations,18.4,10
USG07169,CUST0084,2023-11-15,Dashboard,13.2,24
USG07170,CUST0186,2023-08-28,Bulk Import,9.8,12
USG07171,CUST0004,2023-09-01,Reporting,9.5,46
USG07172,CUST0259,2023-12-07,Notifications,12.6,35
USG07173,CUST0416,2023-08-01,API Access,30.2,59
USG07174,CUST0227,2023-05-11,API Access,7.6,59
USG07175,CUST0414,2025-08-07,API Access,12.4,62
USG07176,CUST0185,2024-03-02,Automation,6.5,35
USG07177,CUST0392,2025-02-26,Bulk Import,10.7,26
USG07178,CUST0066,2022-06-19,Audit Logs,10.4,45
USG07179,CUST0459,2024-01-26,Automation,1.2,38
USG07180,CUST0269,2023-02-14,Notifications,32.0,64
USG07181,CUST0217,2025-10-06,Notifications,37.2,28
USG07182,CUST0058,2023-03-21,Audit Logs,9.5,20
USG07183,CUST0287,2022-06-23,Audit Logs,19.5,68
USG07184,CUST0388,2022-12-13,Notifications,18.1,30
USG07185,CUST0027,2025-09-28,API Access,0.8,57
USG07186,CUST0258,2022-05-03,Audit Logs,18.3,40
USG07187,CUST0070,2022-09-09,User Management,34.4,64
USG07188,CUST0241,2023-10-27,Dashboard,1.8,13
USG07189,CUST0074,2023-11-14,Audit Logs,7.9,79
USG07190,CUST0300,2022-05-28,Bulk Import,8.4,10
USG07191,CUST0473,2024-06-27,API Access,30.5,52
USG07192,CUST0211,2024-07-04,Bulk Import,7.1,71
USG07193,CUST0451,2023-06-05,Automation,17.1,49
USG07194,CUST0119,2022-06-20,Dashboard,13.0,63
USG07195,CUST0353,2025-02-06,API Access,91.6,40
USG07196,CUST0339,2022-12-09,Dashboard,12.5,39
USG07197,CUST0472,2025-02-22,Reporting,4.8,74
USG07198,CUST0092,2025-09-01,API Access,2.1,78
USG07199,CUST0009,2024-10-01,Notifications,2.4,56
USG07200,CUST0090,2023-04-10,Dashboard,13.3,50
USG07201,CUST0136,2023-01-02,Automation,17.2,24
USG07202,CUST0212,2023-12-30,Reporting,5.0,37
USG07203,CUST0052,2022-06-20,Notifications,5.8,60
USG07204,CUST0079,2025-07-30,Analytics,5.4,17
USG07205,CUST0249,2023-07-05,Reporting,13.2,44
USG07206,CUST0013,2022-08-20,Analytics,5.7,62
USG07207,CUST0080,2024-08-27,Automation,38.5,61
USG07208,CUST0006,2024-02-19,API Access,1.9,74
USG07209,CUST0164,2025-02-19,API Access,47.3,18
USG07210,CUST0282,2025-10-25,Notifications,30.5,58
USG07211,CUST0008,2023-07-29,Analytics,7.2,12
USG07212,CUST0005,2023-04-06,Notifications,53.8,9
USG07213,CUST0281,2024-07-17,Bulk Import,18.5,23
USG07214,CUST0449,2023-04-21,Dashboard,8.9,69
USG07215,CUST0223,2025-03-15,Bulk Import,27.3,79
USG07216,CUST0137,2025-05-08,Automation,12.7,75
USG07217,CUST0328,2024-02-06,API Access,25.4,30
USG07218,CUST0132,2023-11-14,Bulk Import,11.9,71
USG07219,CUST0374,2024-10-14,Dashboard,41.7,18
USG07220,CUST0105,2022-10-16,User Management,28.8,53
USG07221,CUST0294,2023-09-30,Reporting,23.9,15
USG07222,CUST0034,2024-02-21,Audit Logs,19.2,35
USG07223,CUST0263,2023-10-02,Bulk Import,4.2,4
USG07224,CUST0373,2022-07-01,Automation,15.8,16
USG07225,CUST0078,2025-11-08,API Access,5.4,17
USG07226,CUST0113,2024-11-10,Audit Logs,11.5,27
USG07227,CUST0146,2024-09-18,Analytics,45.0,76
USG07228,CUST0331,2022-05-28,Notifications,2.3,31
USG07229,CUST0486,2022-03-31,Bulk Import,3.9,67
USG07230,CUST0470,2022-05-21,Analytics,10.1,20
USG07231,CUST0103,2022-09-22,User Management,1.4,49
USG07232,CUST0293,2024-08-30,Automation,55.0,55
USG07233,CUST0430,2022-01-25,API Access,10.3,2
USG07234,CUST0438,2022-12-04,Reporting,11.1,43
USG07235,CUST0325,2024-05-24,Audit Logs,82.4,27
USG07236,CUST0176,2025-02-18,Automation,23.7,32
USG07237,CUST0051,2023-09-19,Analytics,23.5,49
USG07238,CUST0279,2024-10-15,Automation,30.3,74
USG07239,CUST0316,2025-02-07,Audit Logs,0.4,1
USG07240,CUST0044,2024-10-28,User Management,22.2,27
USG07241,CUST0402,2023-07-25,Bulk Import,8.4,48
USG07242,CUST0076,2024-02-13,Audit Logs,30.8,71
USG07243,CUST0359,2023-03-07,Integrations,3.3,9
USG07244,CUST0130,2025-03-11,API Access,5.8,22
USG07245,CUST0461,2022-02-20,Automation,3.0,28
USG07246,CUST0327,2023-10-01,User Management,4.5,67
USG07247,CUST0050,2023-12-07,Reporting,42.3,65
USG07248,CUST0471,2025-10-01,Integrations,10.7,67
USG07249,CUST0204,2023-03-28,User Management,1.1,37
USG07250,CUST0301,2024-04-18,Analytics,7.8,37
USG07251,CUST0309,2025-09-05,Automation,13.0,68
USG07252,CUST0137,2022-12-12,Analytics,9.7,5
USG07253,CUST0426,2024-03-12,Automation,21.2,46
USG07254,CUST0120,2024-09-22,Reporting,31.1,57
USG07255,CUST0321,2023-08-13,Analytics,61.9,22
USG07256,CUST0240,2022-03-20,Automation,7.4,49
USG07257,CUST0049,2023-06-25,User Management,38.0,79
USG07258,CUST0385,2025-04-06,API Access,29.0,7
USG07259,CUST0041,2024-09-01,Audit Logs,9.6,20
USG07260,CUST0318,2024-01-18,Notifications,13.5,79
USG07261,CUST0380,2022-09-05,Analytics,18.7,19
USG07262,CUST0449,2025-02-22,Audit Logs,36.2,72
USG07263,CUST0222,2025-03-01,Integrations,14.1,1
USG07264,CUST0398,2022-08-08,Notifications,18.0,70
USG07265,CUST0117,2022-08-25,API Access,9.1,42
USG07266,CUST0401,2024-02-15,Bulk Import,0.4,22
USG07267,CUST0386,2023-04-13,User Management,11.5,14
USG07268,CUST0395,2023-07-16,Reporting,23.0,30
USG07269,CUST0309,2022-06-13,Notifications,10.6,24
USG07270,CUST0375,2024-03-04,Dashboard,1.8,67
USG07271,CUST0182,2024-09-01,Bulk Import,5.8,16
USG07272,CUST0190,2024-07-28,Dashboard,23.3,69
USG07273,CUST0376,2022-05-22,User Management,8.2,53
USG07274,CUST0320,2024-01-07,Bulk Import,44.2,37
USG07275,CUST0309,2025-03-03,API Access,31.9,61
USG07276,CUST0430,2024-01-23,API Access,44.5,49
USG07277,CUST0085,2024-06-12,Analytics,5.3,9
USG07278,CUST0255,2024-01-06,Notifications,0.3,77
USG07279,CUST0490,2025-06-18,Dashboard,32.4,59
USG07280,CUST0262,2025-02-22,User Management,7.7,10
USG07281,CUST0358,2025-10-01,Automation,46.1,71
USG07282,CUST0098,2024-12-12,Dashboard,5.2,6
USG07283,CUST0208,2025-04-28,API Access,9.2,27
USG07284,CUST0054,2025-07-08,Audit Logs,6.4,34
USG07285,CUST0107,2023-03-31,Integrations,19.0,12
USG07286,CUST0458,2025-09-17,Bulk Import,5.4,12
USG07287,CUST0265,2025-08-26,Analytics,9.5,13
USG07288,CUST0166,2024-09-27,API Access,15.2,25
USG07289,CUST0426,2022-06-24,Automation,9.5,36
USG07290,CUST0160,2025-09-07,Audit Logs,40.5,24
USG07291,CUST0458,2025-07-31,Audit Logs,47.3,49
USG07292,CUST0209,2023-02-03,Audit Logs,61.2,30
USG07293,CUST0113,2025-11-18,Integrations,10.5,48
USG07294,CUST0206,2023-08-05,Integrations,1.8,33
USG07295,CUST0256,2024-06-20,Bulk Import,1.2,68
USG07296,CUST0471,2024-04-02,API Access,7.7,6
USG07297,CUST0419,2023-01-01,Dashboard,10.7,56
USG07298,CUST0455,2023-07-06,Integrations,49.0,58
USG07299,CUST0022,2025-10-05,Dashboard,1.8,70
USG07300,CUST0211,2025-03-04,User Management,11.1,45
USG07301,CUST0350,2025-02-22,Analytics,3.2,65
USG07302,CUST0315,2025-09-05,Dashboard,13.6,53
USG07303,CUST0188,2024-03-15,Dashboard,3.4,74
USG07304,CUST0118,2022-09-14,Bulk Import,9.9,55
USG07305,CUST0041,2023-06-10,User Management,0.1,78
USG07306,CUST0044,2025-04-18,Notifications,7.8,58
USG07307,CUST0337,2022-05-08,Analytics,2.2,72
USG07308,CUST0297,2024-02-15,Bulk Import,12.5,54
USG07309,CUST0136,2023-09-23,Automation,76.7,58
USG07310,CUST0403,2022-07-04,API Access,13.6,38
USG07311,CUST0050,2022-02-09,Bulk Import,21.4,24
USG07312,CUST0434,2023-10-20,Integrations,23.9,47
USG07313,CUST0346,2025-09-08,Analytics,16.4,57
USG07314,CUST0427,2022-12-16,Automation,15.2,34
USG07315,CUST0235,2024-12-21,Dashboard,18.1,33
USG07316,CUST0415,2023-03-10,User Management,0.2,59
USG07317,CUST0471,2024-08-10,Audit Logs,22.2,44
USG07318,CUST0352,2023-02-22,Audit Logs,37.5,52
USG07319,CUST0159,2023-02-05,Reporting,8.3,2
USG07320,CUST0260,2025-08-11,Integrations,8.1,66
USG07321,CUST0041,2022-09-27,Audit Logs,14.5,43
USG07322,CUST0069,2024-05-08,Integrations,13.8,51
USG07323,CUST0352,2025-08-26,Integrations,24.3,57
USG07324,CUST0490,2024-02-10,Analytics,27.2,36
USG07325,CUST0055,2022-01-12,Dashboard,1.3,65
USG07326,CUST0184,2023-06-27,User Management,48.8,22
USG07327,CUST0049,2024-09-23,Automation,34.3,3
USG07328,CUST0400,2025-11-22,Notifications,34.7,69
USG07329,CUST0486,2022-01-14,API Access,41.8,64
USG07330,CUST0386,2025-03-26,Bulk Import,6.9,9
USG07331,CUST0483,2024-03-20,API Access,3.0,38
USG07332,CUST0243,2023-08-14,Dashboard,8.7,79
USG07333,CUST0381,2024-08-17,Analytics,14.0,61
USG07334,CUST0473,2025-03-14,Dashboard,4.3,29
USG07335,CUST0408,2024-12-12,User Management,14.7,75
USG07336,CUST0252,2022-01-31,Dashboard,0.2,47
USG07337,CUST0089,2025-03-10,Analytics,16.3,27
USG07338,CUST0060,2023-07-03,Reporting,15.9,74
USG07339,CUST0165,2022-03-27,Audit Logs,14.7,74
USG07340,CUST0472,2024-05-23,API Access,16.1,41
USG07341,CUST0130,2024-02-09,Analytics,3.4,34
USG07342,CUST0429,2024-07-07,Notifications,33.8,10
USG07343,CUST0494,2024-07-22,Bulk Import,16.0,30
USG07344,CUST0389,2022-04-05,Automation,33.7,62
USG07345,CUST0109,2024-03-11,Integrations,24.5,60
USG07346,CUST0397,2022-12-09,Audit Logs,50.6,10
USG07347,CUST0230,2023-07-06,User Management,14.8,58
USG07348,CUST0327,2025-11-24,Audit Logs,6.7,50
USG07349,CUST0476,2023-05-07,Integrations,7.2,61
USG07350,CUST0142,2022-04-11,User Management,40.8,79
USG07351,CUST0268,2025-07-03,Integrations,7.8,20
USG07352,CUST0202,2022-09-17,Bulk Import,0.7,75
USG07353,CUST0148,2022-03-13,Audit Logs,14.8,1
USG07354,CUST0118,2025-08-14,Automation,44.7,19
USG07355,CUST0196,2023-09-24,Bulk Import,30.9,57
USG07356,CUST0407,2025-10-04,Reporting,2.9,39
USG07357,CUST0460,2024-09-16,Notifications,14.0,23
USG07358,CUST0336,2024-01-04,Analytics,6.8,47
USG07359,CUST0259,2022-01-30,API Access,21.0,67
USG07360,CUST0222,2022-01-20,User Management,40.5,32
USG07361,CUST0027,2023-09-11,Integrations,5.8,34
USG07362,CUST0163,2022-11-22,Integrations,0.7,79
USG07363,CUST0228,2022-03-27,API Access,42.7,32
USG07364,CUST0205,2023-05-21,Reporting,19.0,69
USG07365,CUST0295,2023-05-13,Notifications,13.8,24
USG07366,CUST0275,2024-05-20,Integrations,7.0,73
USG07367,CUST0235,2023-12-03,Bulk Import,40.4,25
USG07368,CUST0419,2025-07-07,API Access,36.5,12
USG07369,CUST0232,2023-12-18,Notifications,21.4,80
USG07370,CUST0259,2024-03-16,Notifications,9.2,23
USG07371,CUST0187,2023-08-04,User Management,0.9,10
USG07372,CUST0082,2023-08-15,Automation,3.6,7
USG07373,CUST0247,2023-07-10,Bulk Import,13.0,29
USG07374,CUST0355,2022-12-03,Reporting,12.2,72
USG07375,CUST0409,2024-06-16,Bulk Import,6.7,10
USG07376,CUST0156,2022-04-08,API Access,9.2,18
USG07377,CUST0433,2024-03-11,Dashboard,85.7,61
USG07378,CUST0197,2023-11-11,Integrations,15.1,49
USG07379,CUST0358,2024-01-22,API Access,6.0,21
USG07380,CUST0078,2023-05-08,Audit Logs,3.4,63
USG07381,CUST0158,2025-07-30,Dashboard,21.0,12
USG07382,CUST0367,2024-10-12,API Access,19.8,18
USG07383,CUST0297,2025-02-27,Automation,16.1,40
USG07384,CUST0133,2025-03-14,Analytics,3.6,30
USG07385,CUST0429,2023-08-24,Reporting,41.3,11
USG07386,CUST0057,2023-01-06,Reporting,5.1,41
USG07387,CUST0302,2022-08-28,Reporting,9.2,26
USG07388,CUST0343,2025-09-26,Audit Logs,12.3,23
USG07389,CUST0295,2025-08-21,Integrations,0.8,13
USG07390,CUST0258,2023-09-18,Integrations,5.0,79
USG07391,CUST0482,2025-08-07,User Management,76.0,57
USG07392,CUST0257,2023-07-10,Automation,11.3,1
USG07393,CUST0097,2024-09-25,Bulk Import,83.4,3
USG07394,CUST0299,2022-09-17,Dashboard,16.5,19
USG07395,CUST0125,2023-11-21,Reporting,8.1,80
USG07396,CUST0263,2025-08-19,API Access,2.9,28
USG07397,CUST0043,2023-12-25,Reporting,21.4,21
USG07398,CUST0235,2025-03-17,Analytics,4.2,13
USG07399,CUST0026,2025-04-13,Audit Logs,9.2,12
USG07400,CUST0128,2025-04-16,API Access,8.9,69
USG07401,CUST0418,2022-06-01,Audit Logs,39.8,16
USG07402,CUST0082,2022-10-15,Audit Logs,1.4,58
USG07403,CUST0259,2023-06-30,Integrations,10.1,35
USG07404,CUST0089,2022-05-25,Reporting,10.8,18
USG07405,CUST0164,2023-06-04,Analytics,8.9,30
USG07406,CUST0409,2025-03-09,Dashboard,2.3,13
USG07407,CUST0387,2024-12-05,Notifications,1.7,8
USG07408,CUST0182,2023-03-04,Reporting,4.6,34
USG07409,CUST0348,2022-11-10,Reporting,26.4,74
USG07410,CUST0031,2025-12-15,Integrations,24.8,64
USG07411,CUST0200,2022-08-20,Notifications,34.0,11
USG07412,CUST0402,2024-03-07,Dashboard,8.6,61
USG07413,CUST0089,2024-12-26,Audit Logs,23.1,9
USG07414,CUST0288,2025-12-12,Automation,3.7,14
USG07415,CUST0022,2024-08-18,Automation,26.9,47
USG07416,CUST0330,2024-11-19,Automation,37.2,10
USG07417,CUST0361,2022-02-19,Analytics,2.9,11
USG07418,CUST0122,2024-10-24,Audit Logs,19.7,53
USG07419,CUST0167,2023-09-05,Dashboard,5.2,49
USG07420,CUST0189,2024-04-26,API Access,28.3,3
USG07421,CUST0420,2024-10-22,Integrations,17.4,27
USG07422,CUST0077,2022-08-25,Bulk Import,9.9,78
USG07423,CUST0049,2025-08-27,Reporting,9.3,50
USG07424,CUST0337,2025-08-06,Dashboard,33.2,47
USG07425,CUST0316,2022-10-19,User Management,7.1,44
USG07426,CUST0260,2024-11-25,Reporting,20.6,79
USG07427,CUST0026,2022-11-11,Audit Logs,64.6,47
USG07428,CUST0312,2025-01-29,API Access,1.8,32
USG07429,CUST0343,2025-06-15,Notifications,29.9,63
USG07430,CUST0252,2023-06-03,API Access,13.4,11
USG07431,CUST0225,2022-01-13,Integrations,3.9,37
USG07432,CUST0269,2025-04-28,Audit Logs,39.6,20
USG07433,CUST0379,2024-04-02,Analytics,3.4,14
USG07434,CUST0319,2025-11-25,Notifications,13.7,46
USG07435,CUST0256,2024-07-03,Analytics,0.1,65
USG07436,CUST0370,2025-06-13,Reporting,10.9,28
USG07437,CUST0319,2022-01-18,Integrations,16.7,36
USG07438,CUST0024,2024-11-21,Integrations,1.8,36
USG07439,CUST0485,2024-01-27,Bulk Import,26.2,5
USG07440,CUST0315,2023-11-16,Audit Logs,31.2,75
USG07441,CUST0332,2022-07-10,Bulk Import,64.7,63
USG07442,CUST0008,2025-07-06,Bulk Import,43.6,77
USG07443,CUST0447,2024-11-13,Integrations,3.8,45
USG07444,CUST0086,2024-06-13,Dashboard,28.1,48
USG07445,CUST0398,2022-05-05,API Access,36.8,3
USG07446,CUST0259,2023-12-27,Bulk Import,1.8,59
USG07447,CUST0458,2025-10-25,Reporting,3.0,48
USG07448,CUST0089,2024-09-04,API Access,4.4,6
USG07449,CUST0367,2022-08-25,API Access,14.0,66
USG07450,CUST0216,2022-05-07,Integrations,13.5,13
USG07451,CUST0157,2023-06-11,Reporting,23.3,14
USG07452,CUST0453,2022-04-05,Audit Logs,11.3,22
USG07453,CUST0466,2025-10-21,Analytics,49.0,41
USG07454,CUST0436,2022-03-07,User Management,0.3,75
USG07455,CUST0161,2023-05-24,Notifications,4.1,23
USG07456,CUST0301,2025-02-12,Dashboard,12.8,69
USG07457,CUST0343,2023-01-06,Automation,13.8,48
USG07458,CUST0315,2025-10-26,API Access,9.3,48
USG07459,CUST0233,2024-12-22,Analytics,24.9,8
USG07460,CUST0102,2025-09-06,Analytics,4.4,49
USG07461,CUST0163,2023-11-20,Bulk Import,0.7,2
USG07462,CUST0012,2023-06-02,Bulk Import,19.5,12
USG07463,CUST0317,2023-12-31,Bulk Import,20.0,40
USG07464,CUST0049,2024-05-01,API Access,66.8,15
USG07465,CUST0066,2025-09-17,Automation,17.5,80
USG07466,CUST0160,2025-02-28,Notifications,5.1,29
USG07467,CUST0040,2025-09-10,Bulk Import,9.3,80
USG07468,CUST0191,2024-09-15,Notifications,10.5,7
USG07469,CUST0235,2023-01-18,API Access,22.6,16
USG07470,CUST0446,2023-12-02,Integrations,15.8,31
USG07471,CUST0019,2025-05-28,API Access,9.8,38
USG07472,CUST0088,2025-05-13,Notifications,6.6,15
USG07473,CUST0244,2022-08-05,Bulk Import,12.2,51
USG07474,CUST0286,2024-02-04,Bulk Import,7.7,37
USG07475,CUST0378,2023-08-21,API Access,15.8,2
USG07476,CUST0117,2022-08-06,Automation,6.2,72
USG07477,CUST0116,2022-12-21,User Management,9.8,26
USG07478,CUST0393,2023-05-03,Integrations,13.0,24
USG07479,CUST0429,2024-08-15,Automation,7.0,77
USG07480,CUST0202,2022-08-05,Notifications,4.8,57
USG07481,CUST0276,2024-08-02,Bulk Import,6.6,67
USG07482,CUST0382,2023-12-05,Bulk Import,8.7,23
USG07483,CUST0293,2025-02-12,API Access,11.6,35
USG07484,CUST0155,2022-07-15,Reporting,9.6,58
USG07485,CUST0417,2024-03-28,Reporting,1.1,25
USG07486,CUST0121,2022-02-13,Notifications,6.0,25
USG07487,CUST0378,2025-03-28,Bulk Import,15.8,73
USG07488,CUST0327,2022-03-18,Audit Logs,0.1,45
USG07489,CUST0040,2023-05-02,Automation,1.8,73
USG07490,CUST0432,2025-03-20,Audit Logs,14.4,65
USG07491,CUST0210,2022-01-13,User Management,9.4,69
USG07492,CUST0052,2025-05-20,Automation,57.0,49
USG07493,CUST0397,2025-12-01,Automation,0.8,14
USG07494,CUST0486,2024-04-20,Dashboard,50.9,36
USG07495,CUST0066,2024-03-03,Bulk Import,28.3,32
USG07496,CUST0266,2024-09-27,Analytics,49.3,10
USG07497,CUST0445,2025-03-09,Notifications,27.8,22
USG07498,CUST0118,2022-09-03,Bulk Import,5.1,12
USG07499,CUST0087,2022-03-18,Bulk Import,13.8,39
USG07500,CUST0281,2023-05-10,API Access,1.6,58
USG07501,CUST0430,2024-05-22,Automation,13.2,69
USG07502,CUST0227,2024-07-21,Notifications,22.2,52
USG07503,CUST0351,2023-12-08,Dashboard,4.4,45
USG07504,CUST0395,2025-02-21,Audit Logs,60.5,44
USG07505,CUST0173,2022-11-29,API Access,7.3,45
USG07506,CUST0482,2024-09-09,User Management,25.7,70
USG07507,CUST0379,2024-03-14,Audit Logs,10.6,6
USG07508,CUST0240,2023-01-02,Dashboard,3.1,36
USG07509,CUST0206,2025-09-19,Bulk Import,17.1,22
USG07510,CUST0113,2024-10-02,Dashboard,22.1,17
USG07511,CUST0433,2023-07-06,Dashboard,2.8,34
USG07512,CUST0471,2022-08-19,Bulk Import,11.9,69
USG07513,CUST0377,2023-10-28,Audit Logs,47.6,20
USG07514,CUST0369,2024-12-09,Analytics,14.7,56
USG07515,CUST0386,2025-11-03,Reporting,5.3,74
USG07516,CUST0060,2024-06-02,Audit Logs,9.0,2
USG07517,CUST0069,2025-09-03,Audit Logs,14.6,42
USG07518,CUST0078,2022-05-25,Reporting,13.7,35
USG07519,CUST0487,2022-11-02,API Access,17.9,55
USG07520,CUST0221,2023-10-07,Reporting,12.0,43
USG07521,CUST0406,2022-10-05,Reporting,17.0,61
USG07522,CUST0289,2024-01-04,Integrations,45.2,37
USG07523,CUST0381,2022-11-06,Dashboard,16.8,44
USG07524,CUST0455,2025-05-22,Reporting,40.8,57
USG07525,CUST0279,2024-04-16,Analytics,6.7,5
USG07526,CUST0042,2022-09-24,Dashboard,4.2,22
USG07527,CUST0098,2022-11-09,API Access,27.6,69
USG07528,CUST0302,2024-01-29,Notifications,40.7,20
USG07529,CUST0110,2022-11-18,Bulk Import,6.9,79
USG07530,CUST0379,2022-10-16,Reporting,7.4,68
USG07531,CUST0274,2022-04-15,User Management,13.5,71
USG07532,CUST0042,2025-06-16,Bulk Import,10.9,44
USG07533,CUST0018,2023-08-19,Integrations,21.5,50
USG07534,CUST0081,2022-12-21,Reporting,11.0,50
USG07535,CUST0351,2025-05-19,Notifications,12.1,62
USG07536,CUST0256,2023-04-30,Dashboard,33.3,4
USG07537,CUST0301,2025-07-26,Notifications,12.4,79
USG07538,CUST0278,2023-09-19,User Management,8.3,12
USG07539,CUST0041,2025-08-11,Notifications,26.7,5
USG07540,CUST0174,2023-02-19,Analytics,23.4,66
USG07541,CUST0379,2023-05-17,Audit Logs,1.4,43
USG07542,CUST0432,2023-06-02,Automation,35.7,6
USG07543,CUST0087,2022-05-09,Automation,5.9,71
USG07544,CUST0373,2023-08-08,Integrations,103.8,64
USG07545,CUST0218,2025-04-10,Audit Logs,31.3,42
USG07546,CUST0112,2025-12-11,Reporting,6.2,76
USG07547,CUST0410,2023-07-09,Dashboard,2.2,40
USG07548,CUST0399,2025-02-19,Bulk Import,0.2,40
USG07549,CUST0212,2024-10-21,Dashboard,2.1,23
USG07550,CUST0378,2024-05-15,Automation,10.7,65
USG07551,CUST0306,2025-02-06,Integrations,25.5,4
USG07552,CUST0003,2025-07-09,Audit Logs,38.3,39
USG07553,CUST0107,2025-10-26,Reporting,6.6,24
USG07554,CUST0449,2025-04-09,Audit Logs,16.0,75
USG07555,CUST0066,2023-01-20,Dashboard,27.2,35
USG07556,CUST0029,2024-04-14,Automation,35.2,70
USG07557,CUST0324,2025-08-31,Audit Logs,21.0,65
USG07558,CUST0465,2024-06-22,API Access,15.4,12
USG07559,CUST0402,2023-11-26,Analytics,2.1,3
USG07560,CUST0272,2023-01-22,API Access,5.7,34
USG07561,CUST0018,2024-04-08,Dashboard,0.4,28
USG07562,CUST0144,2025-02-15,Audit Logs,38.1,61
USG07563,CUST0279,2025-01-03,Analytics,65.2,64
USG07564,CUST0054,2022-05-30,Dashboard,9.7,68
USG07565,CUST0273,2024-01-26,Notifications,10.9,76
USG07566,CUST0323,2025-02-10,Automation,17.8,11
USG07567,CUST0146,2025-07-16,Notifications,1.0,32
USG07568,CUST0230,2024-09-03,Automation,0.1,14
USG07569,CUST0081,2022-11-18,API Access,23.8,19
USG07570,CUST0054,2024-03-10,API Access,10.8,29
USG07571,CUST0437,2023-04-23,Automation,53.2,10
USG07572,CUST0223,2025-11-01,Integrations,24.4,2
USG07573,CUST0274,2023-06-06,Analytics,8.2,70
USG07574,CUST0218,2024-03-14,Analytics,2.8,57
USG07575,CUST0080,2022-05-11,Integrations,21.8,7
USG07576,CUST0084,2023-01-10,Analytics,7.6,58
USG07577,CUST0185,2023-04-09,Audit Logs,35.1,69
USG07578,CUST0289,2023-05-24,Notifications,39.9,24
USG07579,CUST0191,2023-12-17,API Access,29.2,34
USG07580,CUST0494,2025-09-12,Integrations,0.8,49
USG07581,CUST0362,2023-11-03,Dashboard,2.2,31
USG07582,CUST0156,2023-09-14,User Management,4.4,56
USG07583,CUST0293,2025-02-26,Reporting,25.3,29
USG07584,CUST0119,2024-05-12,Automation,18.0,42
USG07585,CUST0339,2024-11-22,API Access,45.4,35
USG07586,CUST0024,2023-03-14,Notifications,27.3,36
USG07587,CUST0151,2023-11-26,API Access,1.9,14
USG07588,CUST0269,2023-03-31,Bulk Import,58.8,29
USG07589,CUST0442,2025-12-22,Analytics,8.6,10
USG07590,CUST0155,2025-11-16,Bulk Import,36.4,70
USG07591,CUST0429,2024-01-04,Notifications,45.1,41
USG07592,CUST0018,2022-12-05,Audit Logs,10.9,45
USG07593,CUST0048,2025-06-14,Audit Logs,14.2,78
USG07594,CUST0005,2022-05-07,Reporting,2.2,69
USG07595,CUST0079,2023-11-17,Dashboard,8.1,70
USG07596,CUST0260,2025-02-18,Audit Logs,4.7,6
USG07597,CUST0417,2022-07-27,Dashboard,10.4,9
USG07598,CUST0070,2024-11-02,Notifications,73.8,64
USG07599,CUST0466,2025-02-06,Dashboard,14.8,64
USG07600,CUST0233,2024-04-14,Automation,5.8,31
USG07601,CUST0346,2025-02-02,Automation,1.1,74
USG07602,CUST0165,2022-03-19,Analytics,4.4,72
USG07603,CUST0297,2025-07-10,Reporting,10.1,20
USG07604,CUST0117,2024-07-11,User Management,19.8,12
USG07605,CUST0370,2025-09-25,Integrations,21.4,57
USG07606,CUST0416,2022-04-28,API Access,21.4,11
USG07607,CUST0097,2025-02-12,Automation,3.3,41
USG07608,CUST0070,2022-06-16,Automation,22.8,70
USG07609,CUST0171,2022-04-08,Bulk Import,5.1,80
USG07610,CUST0349,2023-03-16,User Management,10.2,23
USG07611,CUST0318,2023-05-30,Integrations,5.2,5
USG07612,CUST0169,2022-08-04,Notifications,5.9,22
USG07613,CUST0282,2022-07-24,User Management,21.1,62
USG07614,CUST0188,2023-02-15,Automation,39.0,28
USG07615,CUST0313,2022-03-24,Notifications,10.0,67
USG07616,CUST0013,2025-05-02,Audit Logs,7.7,53
USG07617,CUST0014,2022-10-08,User Management,60.2,40
USG07618,CUST0007,2025-07-18,User Management,12.4,57
USG07619,CUST0431,2025-11-29,Reporting,0.3,19
USG07620,CUST0344,2024-10-11,Bulk Import,16.7,53
USG07621,CUST0395,2024-09-13,Notifications,14.2,16
USG07622,CUST0337,2025-06-22,Dashboard,2.4,40
USG07623,CUST0223,2025-01-14,Automation,24.4,73
USG07624,CUST0338,2024-02-16,API Access,3.8,51
USG07625,CUST0367,2024-08-25,Analytics,4.4,58
USG07626,CUST0127,2025-01-15,Notifications,2.5,46
USG07627,CUST0281,2025-07-24,Automation,2.0,72
USG07628,CUST0317,2025-10-14,Audit Logs,2.0,26
USG07629,CUST0057,2023-04-04,Automation,14.7,8
USG07630,CUST0348,2022-11-19,Notifications,6.0,52
USG07631,CUST0485,2022-10-10,Integrations,78.3,22
USG07632,CUST0106,2023-07-07,User Management,8.5,32
USG07633,CUST0489,2025-09-07,Automation,25.4,79
USG07634,CUST0086,2024-02-16,Analytics,15.0,77
USG07635,CUST0376,2025-03-10,Analytics,3.9,26
USG07636,CUST0002,2023-08-13,Reporting,6.8,80
USG07637,CUST0436,2023-07-08,Audit Logs,10.2,76
USG07638,CUST0204,2025-09-16,User Management,10.8,52
USG07639,CUST0389,2024-03-04,Audit Logs,19.7,66
USG07640,CUST0282,2024-05-22,User Management,18.9,72
USG07641,CUST0197,2022-02-09,Audit Logs,28.2,65
USG07642,CUST0476,2022-04-21,Bulk Import,1.5,41
USG07643,CUST0042,2024-02-17,User Management,1.1,26
USG07644,CUST0171,2023-12-28,Analytics,20.6,55
USG07645,CUST0441,2023-08-01,Dashboard,13.7,73
USG07646,CUST0264,2023-10-16,Reporting,6.4,77
USG07647,CUST0289,2022-10-11,Integrations,14.8,49
USG07648,CUST0480,2023-10-27,Audit Logs,33.0,6
USG07649,CUST0252,2024-02-26,Notifications,1.5,54
USG07650,CUST0470,2024-07-27,Bulk Import,23.9,10
USG07651,CUST0473,2024-03-09,Notifications,23.4,29
USG07652,CUST0093,2025-01-28,Reporting,3.1,63
USG07653,CUST0404,2025-04-25,API Access,39.3,55
USG07654,CUST0028,2025-10-05,Dashboard,21.2,6
USG07655,CUST0310,2023-11-20,Reporting,6.8,18
USG07656,CUST0235,2023-01-04,User Management,18.7,15
USG07657,CUST0301,2025-06-28,Dashboard,7.8,49
USG07658,CUST0116,2023-02-20,Audit Logs,27.9,32
USG07659,CUST0433,2024-05-31,Audit Logs,0.8,28
USG07660,CUST0298,2023-12-09,Analytics,20.7,48
USG07661,CUST0224,2022-08-04,Audit Logs,32.8,7
USG07662,CUST0084,2025-08-13,Reporting,11.7,61
USG07663,CUST0415,2022-09-15,Reporting,50.2,62
USG07664,CUST0327,2023-05-08,Audit Logs,16.2,5
USG07665,CUST0310,2024-01-02,Integrations,5.5,47
USG07666,CUST0016,2025-08-25,Reporting,3.5,58
USG07667,CUST0034,2022-12-09,API Access,14.1,70
USG07668,CUST0373,2023-05-12,Integrations,19.0,23
USG07669,CUST0473,2024-11-18,Notifications,7.9,20
USG07670,CUST0026,2025-04-03,Dashboard,0.4,51
USG07671,CUST0367,2022-05-21,Bulk Import,55.7,73
USG07672,CUST0234,2023-02-28,Dashboard,7.1,36
USG07673,CUST0217,2023-02-22,Audit Logs,1.2,25
USG07674,CUST0323,2022-04-02,Dashboard,14.8,42
USG07675,CUST0061,2024-09-16,Bulk Import,11.2,63
USG07676,CUST0205,2023-07-27,Reporting,25.5,61
USG07677,CUST0198,2022-09-29,Audit Logs,15.4,27
USG07678,CUST0114,2024-01-03,Audit Logs,9.8,69
USG07679,CUST0113,2023-01-10,Notifications,4.3,62
USG07680,CUST0196,2025-06-21,Automation,39.7,5
USG07681,CUST0482,2023-03-07,User Management,14.8,54
USG07682,CUST0376,2025-01-01,User Management,73.9,73
USG07683,CUST0472,2025-08-01,Dashboard,22.3,76
USG07684,CUST0374,2025-04-25,Audit Logs,4.5,45
USG07685,CUST0347,2025-03-03,Integrations,12.2,8
USG07686,CUST0109,2024-02-05,API Access,3.8,10
USG07687,CUST0300,2023-12-14,Dashboard,6.2,30
USG07688,CUST0469,2023-07-08,Bulk Import,6.2,56
USG07689,CUST0128,2022-08-15,Reporting,70.2,60
USG07690,CUST0070,2022-11-07,Automation,1.0,36
USG07691,CUST0401,2022-11-14,Audit Logs,33.6,12
USG07692,CUST0169,2023-01-10,Dashboard,2.5,64
USG07693,CUST0113,2024-01-02,Notifications,7.4,24
USG07694,CUST0318,2022-12-29,API Access,6.9,68
USG07695,CUST0176,2023-10-11,Integrations,22.6,73
USG07696,CUST0171,2022-08-14,Reporting,12.1,50
USG07697,CUST0418,2024-01-12,Reporting,34.8,45
USG07698,CUST0267,2025-01-25,API Access,5.5,10
USG07699,CUST0109,2023-08-17,Bulk Import,10.1,72
USG07700,CUST0357,2025-11-09,Dashboard,2.1,52
USG07701,CUST0187,2023-07-02,Automation,11.1,3
USG07702,CUST0050,2023-09-22,Automation,12.9,76
USG07703,CUST0120,2022-01-30,User Management,30.1,52
USG07704,CUST0161,2025-01-02,API Access,2.5,12
USG07705,CUST0371,2022-09-09,Notifications,34.1,77
USG07706,CUST0101,2022-12-11,Dashboard,11.1,5
USG07707,CUST0272,2024-09-28,Notifications,42.0,19
USG07708,CUST0498,2024-08-19,API Access,3.8,28
USG07709,CUST0229,2023-11-10,Analytics,8.2,25
USG07710,CUST0281,2025-04-19,User Management,8.9,16
USG07711,CUST0480,2024-11-16,Bulk Import,20.9,34
USG07712,CUST0265,2025-04-23,Analytics,21.7,30
USG07713,CUST0179,2025-06-10,User Management,12.4,24
USG07714,CUST0442,2025-04-15,Notifications,0.9,24
USG07715,CUST0198,2024-07-28,Audit Logs,0.2,63
USG07716,CUST0189,2025-09-05,Automation,13.8,11
USG07717,CUST0111,2025-05-28,Notifications,20.4,8
USG07718,CUST0347,2023-04-14,Bulk Import,13.5,45
USG07719,CUST0382,2025-02-21,Audit Logs,17.5,15
USG07720,CUST0496,2023-11-03,User Management,9.1,52
USG07721,CUST0015,2022-10-30,Integrations,13.2,59
USG07722,CUST0413,2023-04-04,Automation,17.0,52
USG07723,CUST0436,2024-05-18,Dashboard,1.2,21
USG07724,CUST0362,2023-11-27,Analytics,20.2,76
USG07725,CUST0412,2025-06-25,Audit Logs,24.2,55
USG07726,CUST0159,2025-03-16,Audit Logs,33.9,12
USG07727,CUST0225,2024-11-24,Audit Logs,13.8,51
USG07728,CUST0307,2025-07-20,Automation,67.5,60
USG07729,CUST0362,2023-07-10,Dashboard,36.5,48
USG07730,CUST0279,2022-03-23,Bulk Import,18.1,34
USG07731,CUST0399,2023-07-19,Dashboard,4.2,17
USG07732,CUST0430,2025-06-22,API Access,7.0,40
USG07733,CUST0347,2024-09-15,Audit Logs,32.0,69
USG07734,CUST0125,2024-09-13,Dashboard,15.5,52
USG07735,CUST0410,2024-12-19,Reporting,2.8,12
USG07736,CUST0078,2025-01-10,API Access,14.8,69
USG07737,CUST0258,2023-02-26,Audit Logs,18.1,21
USG07738,CUST0287,2024-01-28,Notifications,20.9,50
USG07739,CUST0273,2023-12-12,Dashboard,31.0,77
USG07740,CUST0267,2025-08-16,Integrations,6.9,51
USG07741,CUST0358,2022-05-04,Bulk Import,0.1,5
USG07742,CUST0026,2025-11-15,Bulk Import,70.9,4
USG07743,CUST0188,2024-07-15,User Management,42.1,23
USG07744,CUST0337,2022-04-09,Dashboard,30.7,12
USG07745,CUST0043,2022-05-31,Integrations,13.5,58
USG07746,CUST0047,2022-10-19,Audit Logs,22.1,79
USG07747,CUST0072,2023-09-14,User Management,25.1,33
USG07748,CUST0301,2022-11-27,Integrations,9.4,80
USG07749,CUST0303,2022-03-14,Notifications,8.8,70
USG07750,CUST0305,2025-07-13,Reporting,12.9,30
USG07751,CUST0202,2024-01-16,API Access,26.4,61
USG07752,CUST0009,2022-03-13,Notifications,12.5,47
USG07753,CUST0243,2024-06-24,Reporting,50.9,76
USG07754,CUST0394,2025-06-20,Audit Logs,26.3,63
USG07755,CUST0446,2022-08-12,Reporting,12.1,55
USG07756,CUST0111,2023-11-19,Bulk Import,13.0,30
USG07757,CUST0066,2023-10-19,Dashboard,19.4,30
USG07758,CUST0148,2022-08-12,API Access,2.6,47
USG07759,CUST0130,2025-12-30,API Access,3.9,24
USG07760,CUST0114,2025-02-08,Reporting,3.7,64
USG07761,CUST0374,2023-10-01,Audit Logs,16.3,77
USG07762,CUST0060,2025-05-15,Dashboard,53.2,13
USG07763,CUST0425,2022-09-25,Bulk Import,5.6,7
USG07764,CUST0199,2024-10-11,Integrations,34.9,34
USG07765,CUST0484,2023-06-18,Analytics,23.2,63
USG07766,CUST0499,2025-12-03,Audit Logs,18.8,21
USG07767,CUST0179,2025-01-30,Audit Logs,50.9,6
USG07768,CUST0415,2022-11-17,Analytics,31.7,66
USG07769,CUST0067,2023-10-13,User Management,3.0,70
USG07770,CUST0141,2022-06-13,Audit Logs,9.7,66
USG07771,CUST0426,2025-12-02,User Management,15.5,10
USG07772,CUST0473,2025-08-23,Reporting,11.9,1
USG07773,CUST0023,2022-08-27,API Access,16.7,74
USG07774,CUST0121,2024-07-06,Dashboard,27.2,39
USG07775,CUST0158,2023-04-04,User Management,69.3,65
USG07776,CUST0385,2022-10-19,Reporting,30.9,60
USG07777,CUST0057,2023-03-19,Bulk Import,28.2,15
USG07778,CUST0225,2024-01-20,Dashboard,7.8,40
USG07779,CUST0012,2025-11-02,Integrations,0.3,36
USG07780,CUST0212,2023-09-16,Integrations,13.3,44
USG07781,CUST0460,2024-01-28,Integrations,22.0,22
USG07782,CUST0414,2025-10-21,Audit Logs,3.7,37
USG07783,CUST0466,2025-11-23,Dashboard,27.7,73
USG07784,CUST0008,2022-11-10,API Access,13.7,38
USG07785,CUST0184,2025-07-28,Audit Logs,15.2,25
USG07786,CUST0121,2024-09-06,Bulk Import,0.7,64
USG07787,CUST0105,2023-07-18,User Management,2.1,36
USG07788,CUST0173,2023-03-30,Automation,3.6,60
USG07789,CUST0408,2025-12-13,User Management,7.0,80
USG07790,CUST0174,2023-11-01,Dashboard,10.3,76
USG07791,CUST0430,2024-02-06,Bulk Import,22.7,20
USG07792,CUST0429,2024-09-27,Integrations,5.7,77
USG07793,CUST0118,2024-02-01,Audit Logs,53.0,61
USG07794,CUST0325,2022-02-10,Dashboard,25.3,51
USG07795,CUST0451,2023-06-09,Analytics,17.1,15
USG07796,CUST0265,2024-04-17,User Management,5.8,18
USG07797,CUST0118,2024-07-16,Dashboard,1.5,38
USG07798,CUST0054,2024-01-19,Reporting,23.9,45
USG07799,CUST0202,2022-08-15,Notifications,12.0,43
USG07800,CUST0368,2024-11-20,Analytics,1.6,20
USG07801,CUST0187,2024-02-02,Bulk Import,55.4,58
USG07802,CUST0299,2022-11-22,Analytics,17.1,75
USG07803,CUST0067,2025-06-10,Analytics,5.0,22
USG07804,CUST0184,2022-11-21,API Access,3.8,68
USG07805,CUST0337,2022-03-17,Notifications,1.1,27
USG07806,CUST0201,2022-09-11,Analytics,24.8,71
USG07807,CUST0440,2024-07-02,Bulk Import,0.9,32
USG07808,CUST0196,2022-10-02,Automation,1.9,40
USG07809,CUST0450,2023-11-20,Bulk Import,9.2,74
USG07810,CUST0060,2024-10-07,Dashboard,7.0,2
USG07811,CUST0171,2022-04-24,Notifications,28.3,38
USG07812,CUST0331,2024-05-06,Dashboard,2.1,80
USG07813,CUST0486,2024-11-18,Notifications,3.3,38
USG07814,CUST0049,2022-06-29,Reporting,25.9,74
USG07815,CUST0376,2023-04-21,Dashboard,43.8,28
USG07816,CUST0249,2022-06-08,Dashboard,8.3,13
USG07817,CUST0209,2024-02-29,Bulk Import,1.6,40
USG07818,CUST0140,2024-05-29,Audit Logs,63.7,15
USG07819,CUST0007,2024-02-24,User Management,4.9,19
USG07820,CUST0314,2023-02-28,Reporting,6.0,34
USG07821,CUST0174,2025-01-07,Integrations,18.1,33
USG07822,CUST0115,2023-01-19,Audit Logs,47.9,14
USG07823,CUST0459,2024-02-07,Automation,14.2,13
USG07824,CUST0029,2022-12-28,User Management,0.5,62
USG07825,CUST0245,2024-03-19,Dashboard,21.1,53
USG07826,CUST0459,2025-11-16,User Management,24.2,28
USG07827,CUST0093,2022-07-23,Automation,18.4,1
USG07828,CUST0491,2023-05-05,Notifications,11.8,8
USG07829,CUST0186,2025-07-07,Reporting,16.8,34
USG07830,CUST0133,2022-11-26,Bulk Import,8.0,23
USG07831,CUST0026,2023-02-16,Automation,22.2,1
USG07832,CUST0304,2022-12-22,Automation,1.1,41
USG07833,CUST0022,2023-07-06,Notifications,14.1,61
USG07834,CUST0381,2023-09-21,API Access,11.2,26
USG07835,CUST0138,2023-08-04,Analytics,20.1,19
USG07836,CUST0125,2024-09-11,User Management,17.4,71
USG07837,CUST0404,2023-11-24,Reporting,17.5,16
USG07838,CUST0348,2023-05-21,Notifications,32.2,52
USG07839,CUST0010,2022-12-06,API Access,16.3,59
USG07840,CUST0385,2023-08-10,API Access,10.8,37
USG07841,CUST0210,2022-08-29,API Access,4.2,49
USG07842,CUST0383,2022-03-09,Bulk Import,27.3,6
USG07843,CUST0207,2024-11-11,Audit Logs,15.4,1
USG07844,CUST0005,2025-02-19,API Access,1.7,38
USG07845,CUST0201,2024-05-21,Bulk Import,11.1,51
USG07846,CUST0422,2025-12-10,Audit Logs,6.3,49
USG07847,CUST0068,2025-05-25,Reporting,24.6,31
USG07848,CUST0226,2023-02-09,Reporting,23.1,61
USG07849,CUST0291,2025-11-29,Dashboard,18.5,14
USG07850,CUST0402,2025-06-07,Automation,13.6,70
USG07851,CUST0403,2025-06-20,API Access,8.6,59
USG07852,CUST0488,2024-08-26,Automation,24.8,52
USG07853,CUST0166,2024-09-20,Bulk Import,15.1,67
USG07854,CUST0481,2022-02-11,Reporting,15.9,53
USG07855,CUST0380,2022-12-20,Automation,1.8,17
USG07856,CUST0471,2022-07-30,Reporting,95.1,23
USG07857,CUST0376,2023-05-11,User Management,38.7,36
USG07858,CUST0340,2023-07-09,User Management,0.0,59
USG07859,CUST0345,2022-07-01,Reporting,34.2,16
USG07860,CUST0446,2023-10-17,Audit Logs,8.6,51
USG07861,CUST0391,2024-07-15,Audit Logs,27.1,46
USG07862,CUST0321,2022-09-11,Automation,17.0,45
USG07863,CUST0189,2022-05-25,Audit Logs,4.4,52
USG07864,CUST0387,2023-03-20,Automation,15.6,76
USG07865,CUST0380,2024-01-16,Notifications,11.6,77
USG07866,CUST0160,2025-10-30,Notifications,22.8,50
USG07867,CUST0079,2024-06-15,Analytics,8.0,33
USG07868,CUST0081,2022-11-24,User Management,23.5,14
USG07869,CUST0005,2025-03-24,Analytics,16.7,3
USG07870,CUST0269,2022-06-23,Bulk Import,65.3,31
USG07871,CUST0322,2022-10-23,Dashboard,9.5,55
USG07872,CUST0068,2022-12-13,Dashboard,1.5,58
USG07873,CUST0218,2022-08-21,Bulk Import,18.7,75
USG07874,CUST0194,2024-07-03,Notifications,4.5,8
USG07875,CUST0081,2022-03-05,Analytics,0.9,30
USG07876,CUST0004,2024-12-23,API Access,15.8,29
USG07877,CUST0376,2024-03-07,Reporting,3.5,36
USG07878,CUST0255,2023-12-24,Reporting,15.6,9
USG07879,CUST0175,2022-09-18,Integrations,18.7,54
USG07880,CUST0336,2023-11-14,Dashboard,16.6,70
USG07881,CUST0019,2024-09-06,Dashboard,30.3,46
USG07882,CUST0324,2023-08-28,Audit Logs,23.2,5
USG07883,CUST0224,2024-06-24,Bulk Import,26.6,36
USG07884,CUST0385,2023-06-13,Automation,7.9,23
USG07885,CUST0009,2023-07-25,API Access,22.4,16
USG07886,CUST0246,2022-12-28,Bulk Import,6.7,51
USG07887,CUST0256,2024-11-03,API Access,23.0,50
USG07888,CUST0489,2025-07-11,User Management,5.5,30
USG07889,CUST0022,2024-07-13,Bulk Import,17.2,13
USG07890,CUST0060,2023-09-23,API Access,36.1,14
USG07891,CUST0494,2023-11-12,Reporting,3.2,48
USG07892,CUST0209,2023-07-04,Bulk Import,4.0,40
USG07893,CUST0271,2024-08-06,Analytics,48.3,69
USG07894,CUST0104,2023-12-05,User Management,1.3,22
USG07895,CUST0056,2025-10-29,Analytics,0.6,62
USG07896,CUST0372,2022-06-05,Bulk Import,33.1,37
USG07897,CUST0161,2025-05-19,Automation,17.2,48
USG07898,CUST0268,2024-06-21,Bulk Import,35.7,34
USG07899,CUST0343,2023-12-16,Dashboard,7.5,64
USG07900,CUST0297,2023-06-26,User Management,19.0,28
USG07901,CUST0064,2024-10-21,Analytics,11.8,17
USG07902,CUST0159,2022-12-31,Notifications,80.8,72
USG07903,CUST0217,2022-10-30,Automation,31.0,38
USG07904,CUST0028,2025-07-14,Reporting,11.6,10
USG07905,CUST0210,2024-01-12,Notifications,70.7,30
USG07906,CUST0119,2025-02-08,Automation,10.2,26
USG07907,CUST0409,2023-09-24,Integrations,0.3,7
USG07908,CUST0103,2024-09-15,Automation,20.9,1
USG07909,CUST0415,2024-04-16,Integrations,11.9,43
USG07910,CUST0305,2025-03-31,API Access,3.0,38
USG07911,CUST0097,2023-03-31,Integrations,10.1,34
USG07912,CUST0097,2022-11-09,Dashboard,13.2,55
USG07913,CUST0061,2022-02-22,Notifications,7.7,66
USG07914,CUST0154,2024-07-02,Automation,1.4,13
USG07915,CUST0339,2022-06-12,Integrations,6.1,2
USG07916,CUST0174,2024-05-24,Dashboard,3.9,2
USG07917,CUST0420,2024-08-21,Bulk Import,2.1,57
USG07918,CUST0111,2025-11-29,Bulk Import,5.8,72
USG07919,CUST0372,2023-12-28,Integrations,13.3,9
USG07920,CUST0228,2025-09-08,Audit Logs,4.2,79
USG07921,CUST0478,2023-04-08,Bulk Import,15.5,29
USG07922,CUST0286,2023-01-17,Automation,1.8,31
USG07923,CUST0319,2023-11-11,Bulk Import,23.0,23
USG07924,CUST0314,2023-12-11,Dashboard,4.8,69
USG07925,CUST0255,2022-01-19,User Management,74.7,72
USG07926,CUST0300,2022-04-11,Reporting,0.9,52
USG07927,CUST0039,2022-10-30,Audit Logs,1.1,7
USG07928,CUST0244,2022-12-04,Reporting,17.2,69
USG07929,CUST0495,2025-03-11,Automation,43.0,50
USG07930,CUST0084,2022-03-23,Notifications,3.9,15
USG07931,CUST0142,2024-05-08,Analytics,1.3,34
USG07932,CUST0343,2022-03-30,Analytics,2.4,34
USG07933,CUST0185,2022-11-13,User Management,15.5,67
USG07934,CUST0256,2025-03-08,Automation,34.0,38
USG07935,CUST0074,2022-08-05,Notifications,31.6,15
USG07936,CUST0033,2023-10-19,Integrations,3.0,16
USG07937,CUST0144,2025-08-26,User Management,1.7,47
USG07938,CUST0001,2023-01-11,Notifications,11.8,49
USG07939,CUST0277,2025-10-18,API Access,29.9,24
USG07940,CUST0430,2024-01-07,Automation,25.4,35
USG07941,CUST0127,2023-07-02,Notifications,8.0,42
USG07942,CUST0369,2022-12-21,User Management,31.1,23
USG07943,CUST0472,2025-01-18,Audit Logs,9.8,14
USG07944,CUST0409,2024-07-25,API Access,3.3,72
USG07945,CUST0054,2023-01-04,Bulk Import,2.4,6
USG07946,CUST0125,2024-05-24,Integrations,5.6,70
USG07947,CUST0277,2022-11-03,User Management,31.2,29
USG07948,CUST0064,2024-07-06,Integrations,1.0,30
USG07949,CUST0123,2024-11-22,Bulk Import,6.4,55
USG07950,CUST0069,2022-02-11,Bulk Import,9.4,24
USG07951,CUST0317,2025-09-02,API Access,16.9,77
USG07952,CUST0224,2024-05-01,Analytics,17.6,33
USG07953,CUST0106,2022-03-06,API Access,7.3,20
USG07954,CUST0459,2023-11-22,API Access,16.0,26
USG07955,CUST0432,2022-08-25,Audit Logs,21.3,22
USG07956,CUST0087,2025-05-30,Bulk Import,7.6,16
USG07957,CUST0264,2025-07-14,Automation,14.6,66
USG07958,CUST0228,2024-06-03,Audit Logs,19.2,45
USG07959,CUST0264,2023-05-04,Bulk Import,6.2,28
USG07960,CUST0303,2023-11-30,Audit Logs,30.6,64
USG07961,CUST0140,2024-06-01,Reporting,2.4,26
USG07962,CUST0079,2024-09-07,Analytics,25.7,16
USG07963,CUST0279,2025-07-05,Bulk Import,24.9,47
USG07964,CUST0140,2022-01-05,User Management,22.1,65
USG07965,CUST0391,2022-04-28,Bulk Import,10.7,21
USG07966,CUST0373,2025-08-02,User Management,0.8,16
USG07967,CUST0008,2024-06-13,Notifications,23.5,51
USG07968,CUST0218,2025-07-12,API Access,19.4,5
USG07969,CUST0279,2022-04-01,Integrations,35.3,9
USG07970,CUST0410,2023-02-27,Integrations,40.2,43
USG07971,CUST0154,2023-11-01,Bulk Import,17.7,78
USG07972,CUST0044,2025-07-10,Automation,12.9,45
USG07973,CUST0054,2023-07-06,Analytics,7.3,26
USG07974,CUST0116,2025-12-26,Dashboard,34.4,27
USG07975,CUST0019,2022-01-21,Automation,0.8,65
USG07976,CUST0232,2023-11-24,User Management,24.7,24
USG07977,CUST0184,2025-07-25,User Management,25.8,77
USG07978,CUST0412,2024-08-23,Analytics,25.7,31
USG07979,CUST0396,2023-11-04,Analytics,0.9,79
USG07980,CUST0177,2024-10-01,Automation,22.6,51
USG07981,CUST0264,2024-09-27,Notifications,5.2,8
USG07982,CUST0064,2022-06-22,Dashboard,14.8,25
USG07983,CUST0494,2025-12-19,Audit Logs,1.0,11
USG07984,CUST0328,2025-07-06,Automation,7.9,64
USG07985,CUST0272,2023-06-09,Analytics,0.4,7
USG07986,CUST0499,2023-10-08,Automation,0.4,80
USG07987,CUST0167,2024-01-10,Bulk Import,18.5,6
USG07988,CUST0189,2023-07-02,User Management,71.6,74
USG07989,CUST0125,2025-03-13,API Access,23.5,33
USG07990,CUST0002,2024-07-13,Notifications,6.2,79
USG07991,CUST0279,2023-01-28,API Access,5.7,79
USG07992,CUST0489,2022-09-14,API Access,42.9,29
USG07993,CUST0121,2023-10-11,Bulk Import,24.0,12
USG07994,CUST0153,2024-01-25,Reporting,44.2,54
USG07995,CUST0210,2023-07-19,Dashboard,0.5,77
USG07996,CUST0118,2025-02-12,Notifications,7.8,80
USG07997,CUST0485,2025-01-26,Analytics,49.7,8
USG07998,CUST0308,2024-04-11,Analytics,26.5,26
USG07999,CUST0022,2024-07-09,Automation,13.1,41
USG08000,CUST0028,2024-09-03,Bulk Import,10.4,25
