ticket_id,customer_id,category,priority,status,created_date,resolved_date,resolution_time_hours,satisfaction_score,description
TKT00001,CUST0378,Feature Request,Critical,Resolved,2025-11-07,2025-11-07,7.5,,We'd love a Slack integration for real-time alerts.
TKT00002,CUST0387,Performance,Low,In Progress,2025-05-26,2025-05-27,47.0,4.0,API response times have increased significantly this week.
TKT00003,CUST0142,Billing,Medium,Resolved,2022-11-22,2022-11-22,17.8,3.0,The upgrade price shown in the app is different from what I was charged.
TKT00004,CUST0330,Feature Request,Medium,Resolved,2024-02-11,2024-02-13,58.7,2.0,We need custom date range filters in the reports section.
TKT00005,CUST0247,Feature Request,High,Resolved,2023-03-06,2023-03-06,4.2,3.0,We'd love a Slack integration for real-time alerts.
TKT00006,CUST0094,Account Management,Medium,Resolved,2025-09-07,2025-09-10,74.7,1.0,We'd like to upgrade from Growth to Enterprise plan.
TKT00007,CUST0416,Integration,High,In Progress,2022-07-04,2022-07-04,12.3,4.0,Zapier connection keeps timing out.
TKT00008,CUST0422,Feature Request,High,In Progress,2025-02-27,2025-02-27,8.9,5.0,We'd love a Slack integration for real-time alerts.
TKT00009,CUST0476,Technical Issue,Low,Resolved,2024-07-31,2024-08-03,76.2,,Login page throws an error when using SSO.
TKT00010,CUST0320,Integration,High,Resolved,2022-02-25,2022-02-26,37.7,2.0,We need help setting up the webhook for order updates.
TKT00011,CUST0294,Billing,Low,Resolved,2024-05-27,2024-05-28,46.8,,Can you clarify the pricing for adding more users?
TKT00012,CUST0230,Billing,Medium,Resolved,2025-02-04,2025-02-04,19.2,4.0,Can you clarify the pricing for adding more users?
TKT00013,CUST0133,Billing,Medium,Resolved,2024-06-30,2024-07-01,24.8,3.0,Can you clarify the pricing for adding more users?
TKT00014,CUST0420,Account Management,Medium,Resolved,2025-07-02,2025-07-03,35.4,5.0,Can we change the primary account admin?
TKT00015,CUST0034,Feature Request,Medium,Resolved,2023-10-19,2023-10-20,44.4,,Would be great to have a mobile app version.
TKT00016,CUST0262,Integration,High,Resolved,2025-07-08,2025-07-08,16.9,2.0,HubSpot integration is duplicating records.
TKT00017,CUST0263,Onboarding,Medium,Resolved,2024-12-11,2024-12-11,8.9,,We are stuck on the data migration step — need guidance.
TKT00018,CUST0205,Billing,Low,In Progress,2025-04-30,2025-05-02,52.7,,I was charged twice this month for my subscription.
TKT00019,CUST0403,Performance,Medium,Resolved,2025-07-18,2025-07-19,42.0,5.0,API response times have increased significantly this week.
TKT00020,CUST0476,Integration,Medium,Resolved,2025-01-10,2025-01-11,28.9,5.0,The Salesforce integration is not syncing contacts properly.
TKT00021,CUST0069,Account Management,High,Resolved,2025-08-21,2025-08-21,20.2,,Please help us set up SSO for our organization.
TKT00022,CUST0390,Account Management,Critical,Resolved,2022-03-17,2022-03-17,11.4,,We need to update our billing contact information.
TKT00023,CUST0247,Account Management,Low,Resolved,2025-02-10,2025-02-11,34.4,3.0,Can we change the primary account admin?
TKT00024,CUST0362,Integration,Medium,Resolved,2024-06-13,2024-06-14,34.5,4.0,The Salesforce integration is not syncing contacts properly.
TKT00025,CUST0162,Billing,Medium,Escalated,2023-11-03,2023-11-04,26.4,5.0,My invoice doesn't match the amount on my credit card.
TKT00026,CUST0098,Feature Request,Medium,Open,2024-07-02,2024-07-02,13.6,2.0,We'd love a Slack integration for real-time alerts.
TKT00027,CUST0431,Account Management,Medium,Resolved,2023-03-23,2023-03-23,19.2,1.0,We'd like to upgrade from Growth to Enterprise plan.
TKT00028,CUST0464,Billing,Medium,Resolved,2025-08-11,2025-08-11,11.7,5.0,My invoice doesn't match the amount on my credit card.
TKT00029,CUST0364,Account Management,Low,Resolved,2022-04-02,2022-04-03,46.4,5.0,Can we change the primary account admin?
TKT00030,CUST0040,Feature Request,Low,Open,2024-09-16,2024-09-19,92.5,5.0,We'd love a Slack integration for real-time alerts.
TKT00031,CUST0480,Technical Issue,Critical,Escalated,2023-10-23,2023-10-23,11.1,,Notifications are not being delivered to our team emails.
TKT00032,CUST0059,Feature Request,Medium,Resolved,2024-03-16,2024-03-18,65.2,1.0,We'd love a Slack integration for real-time alerts.
TKT00033,CUST0225,Account Management,Medium,Resolved,2024-07-03,2024-07-04,29.5,3.0,Can we change the primary account admin?
TKT00034,CUST0155,Account Management,High,Escalated,2023-07-01,2023-07-01,9.9,4.0,Please help us set up SSO for our organization.
TKT00035,CUST0295,Account Management,Low,In Progress,2023-04-20,2023-04-23,83.0,4.0,We'd like to upgrade from Growth to Enterprise plan.
TKT00036,CUST0034,Onboarding,Low,Resolved,2022-10-03,2022-10-07,109.0,4.0,We need help setting up user roles and permissions.
TKT00037,CUST0445,Billing,Medium,In Progress,2024-10-17,2024-10-18,36.2,2.0,Can you clarify the pricing for adding more users?
TKT00038,CUST0343,Technical Issue,Medium,Open,2023-04-24,2023-04-24,12.2,5.0,Our data sync stopped working after the last update.
TKT00039,CUST0070,Integration,High,Resolved,2023-11-10,2023-11-10,14.3,5.0,Our API key stopped working after a password reset.
TKT00040,CUST0421,Technical Issue,Low,Resolved,2023-09-07,2023-09-08,30.5,5.0,Export to CSV is producing empty files.
TKT00041,CUST0178,Performance,Medium,In Progress,2025-01-05,2025-01-06,28.6,4.0,Reports are taking over 2 minutes to load.
TKT00042,CUST0467,Technical Issue,Low,Open,2024-02-27,2024-03-03,135.9,4.0,Our data sync stopped working after the last update.
TKT00043,CUST0177,Performance,Medium,Resolved,2024-01-01,2024-01-02,29.8,5.0,Dashboard charts lag when we have more than 5 filters active.
TKT00044,CUST0478,Integration,Low,Resolved,2022-05-11,2022-05-13,55.8,3.0,Zapier connection keeps timing out.
TKT00045,CUST0341,Billing,Medium,Resolved,2025-02-04,2025-02-04,17.4,3.0,I was charged twice this month for my subscription.
TKT00046,CUST0391,Feature Request,High,Resolved,2025-09-29,2025-09-29,20.1,1.0,Would be great to have a mobile app version.
TKT00047,CUST0288,Technical Issue,Medium,In Progress,2024-07-10,2024-07-10,19.5,3.0,Notifications are not being delivered to our team emails.
TKT00048,CUST0441,Technical Issue,Medium,In Progress,2023-08-15,2023-08-17,55.3,2.0,The dashboard is not loading — getting a 504 error.
TKT00049,CUST0218,Account Management,Medium,Resolved,2022-03-02,2022-03-03,31.0,4.0,Can we change the primary account admin?
TKT00050,CUST0457,Technical Issue,Medium,Resolved,2024-07-15,2024-07-16,26.4,4.0,Login page throws an error when using SSO.
TKT00051,CUST0488,Billing,Low,In Progress,2023-10-04,2023-10-07,77.8,4.0,My invoice doesn't match the amount on my credit card.
TKT00052,CUST0472,Billing,Low,Resolved,2022-09-20,2022-09-21,33.6,3.0,Requesting a refund for unused seats on our plan.
TKT00053,CUST0279,Billing,Low,In Progress,2023-03-04,2023-03-07,76.2,5.0,My invoice doesn't match the amount on my credit card.
TKT00054,CUST0250,Feature Request,Medium,Resolved,2022-02-03,2022-02-03,11.8,5.0,We'd love a Slack integration for real-time alerts.
TKT00055,CUST0326,Feature Request,Low,Resolved,2024-04-06,2024-04-08,52.3,,Would be great to have a mobile app version.
TKT00056,CUST0126,Account Management,High,In Progress,2022-05-09,2022-05-09,19.3,3.0,Please help us set up SSO for our organization.
TKT00057,CUST0072,Account Management,High,Resolved,2022-04-18,2022-04-18,4.4,4.0,Can we change the primary account admin?
TKT00058,CUST0035,Integration,Medium,Resolved,2024-01-01,2024-01-02,37.4,5.0,Our API key stopped working after a password reset.
TKT00059,CUST0389,Technical Issue,Medium,Resolved,2024-09-22,2024-09-23,35.4,4.0,The dashboard is not loading — getting a 504 error.
TKT00060,CUST0024,Billing,Low,Resolved,2025-01-26,2025-01-27,47.3,5.0,Requesting a refund for unused seats on our plan.
TKT00061,CUST0374,Performance,Critical,Resolved,2023-07-10,2023-07-10,6.5,4.0,API response times have increased significantly this week.
TKT00062,CUST0073,Technical Issue,Medium,Open,2025-01-02,2025-01-03,27.4,,Login page throws an error when using SSO.
TKT00063,CUST0490,Technical Issue,Low,Resolved,2024-01-10,2024-01-11,43.9,5.0,The dashboard is not loading — getting a 504 error.
TKT00064,CUST0247,Feature Request,Medium,Resolved,2023-02-10,2023-02-10,14.0,,Please add a dark mode option to the dashboard.
TKT00065,CUST0302,Onboarding,Medium,In Progress,2024-08-13,2024-08-14,31.6,3.0,Our team hasn't received the onboarding training invite.
TKT00066,CUST0005,Feature Request,Low,Resolved,2023-10-22,2023-10-23,44.5,5.0,We need custom date range filters in the reports section.
TKT00067,CUST0264,Technical Issue,Low,Open,2024-12-18,2024-12-21,81.9,3.0,The dashboard is not loading — getting a 504 error.
TKT00068,CUST0275,Onboarding,Critical,In Progress,2022-06-25,2022-06-25,5.1,3.0,We are stuck on the data migration step — need guidance.
TKT00069,CUST0129,Technical Issue,Medium,Open,2024-12-31,2025-01-01,39.2,1.0,Login page throws an error when using SSO.
TKT00070,CUST0040,Integration,Medium,Resolved,2022-04-03,2022-04-04,32.6,5.0,Our API key stopped working after a password reset.
TKT00071,CUST0066,Feature Request,High,In Progress,2022-04-19,2022-04-19,10.9,3.0,Can you add a bulk user import via CSV?
TKT00072,CUST0421,Integration,Medium,Resolved,2023-05-16,2023-05-17,45.0,4.0,Our API key stopped working after a password reset.
TKT00073,CUST0381,Technical Issue,Low,Escalated,2022-03-10,2022-03-11,27.8,,Our data sync stopped working after the last update.
TKT00074,CUST0222,Account Management,Medium,Resolved,2025-08-18,2025-08-19,35.7,5.0,We need to add 10 more user seats to our plan.
TKT00075,CUST0469,Account Management,Low,Resolved,2023-08-14,2023-08-17,77.3,,Can we change the primary account admin?
TKT00076,CUST0210,Onboarding,Low,Resolved,2023-10-08,2023-10-09,29.4,5.0,We need help setting up user roles and permissions.
TKT00077,CUST0049,Account Management,Medium,Resolved,2023-05-27,2023-05-27,16.2,3.0,Can we change the primary account admin?
TKT00078,CUST0070,Feature Request,Low,Resolved,2023-10-17,2023-10-18,40.7,3.0,Can you add a bulk user import via CSV?
TKT00079,CUST0025,Feature Request,Medium,Open,2025-09-03,2025-09-03,9.1,5.0,Would be great to have a mobile app version.
TKT00080,CUST0436,Billing,Low,Resolved,2023-03-02,2023-03-03,42.4,3.0,Can you clarify the pricing for adding more users?
TKT00081,CUST0117,Performance,Low,Resolved,2023-01-07,2023-01-09,61.2,3.0,The platform is very slow during peak hours (9-11am EST).
TKT00082,CUST0376,Integration,Low,Resolved,2024-04-23,2024-04-26,72.9,3.0,Our API key stopped working after a password reset.
TKT00083,CUST0205,Feature Request,High,Resolved,2023-09-03,2023-09-03,15.4,3.0,Can you add a bulk user import via CSV?
TKT00084,CUST0263,Onboarding,Medium,Escalated,2023-07-03,2023-07-03,15.0,,We need help setting up user roles and permissions.
TKT00085,CUST0127,Onboarding,High,Resolved,2025-07-27,2025-07-27,16.7,3.0,The setup wizard keeps freezing at Step 3.
TKT00086,CUST0282,Performance,Medium,In Progress,2022-12-30,2022-12-31,32.9,4.0,Dashboard charts lag when we have more than 5 filters active.
TKT00087,CUST0048,Feature Request,Medium,In Progress,2024-02-25,2024-02-28,75.6,3.0,Would be great to have a mobile app version.
TKT00088,CUST0137,Onboarding,High,Resolved,2024-03-09,2024-03-09,23.1,3.0,We need help setting up user roles and permissions.
TKT00089,CUST0470,Onboarding,Medium,Resolved,2022-08-04,2022-08-04,18.7,4.0,Our team hasn't received the onboarding training invite.
TKT00090,CUST0435,Integration,Medium,Resolved,2022-11-23,2022-11-23,19.5,4.0,We need help setting up the webhook for order updates.
TKT00091,CUST0163,Performance,Low,Resolved,2023-03-03,2023-03-05,64.4,5.0,Dashboard charts lag when we have more than 5 filters active.
TKT00092,CUST0325,Account Management,Medium,In Progress,2023-11-26,2023-11-27,37.9,,Can we change the primary account admin?
TKT00093,CUST0363,Account Management,Critical,Resolved,2024-10-08,2024-10-08,11.9,,We need to add 10 more user seats to our plan.
TKT00094,CUST0042,Technical Issue,Medium,In Progress,2025-08-13,2025-08-14,35.9,3.0,Notifications are not being delivered to our team emails.
TKT00095,CUST0166,Feature Request,Low,Resolved,2025-09-12,2025-09-14,71.4,4.0,Can you add a bulk user import via CSV?
TKT00096,CUST0014,Onboarding,High,Resolved,2024-03-16,2024-03-16,18.1,,We need help setting up user roles and permissions.
TKT00097,CUST0328,Technical Issue,Medium,Resolved,2025-01-23,2025-01-24,39.5,,The dashboard is not loading — getting a 504 error.
TKT00098,CUST0115,Performance,High,Resolved,2022-06-20,2022-06-20,4.2,5.0,The platform is very slow during peak hours (9-11am EST).
TKT00099,CUST0046,Billing,Low,Resolved,2024-10-15,2024-10-18,82.1,4.0,I was charged twice this month for my subscription.
TKT00100,CUST0086,Account Management,High,Resolved,2022-01-09,2022-01-09,22.7,,We need to update our billing contact information.
TKT00101,CUST0247,Integration,High,Resolved,2022-02-09,2022-02-09,14.2,,Our API key stopped working after a password reset.
TKT00102,CUST0061,Technical Issue,Critical,Open,2023-08-08,2023-08-08,6.1,,Export to CSV is producing empty files.
TKT00103,CUST0227,Onboarding,Low,Escalated,2025-08-08,2025-08-09,44.0,,We need help setting up user roles and permissions.
TKT00104,CUST0325,Technical Issue,Medium,Resolved,2025-12-09,2025-12-09,19.9,3.0,Our data sync stopped working after the last update.
TKT00105,CUST0236,Technical Issue,Medium,Resolved,2025-04-13,2025-04-14,42.4,4.0,The dashboard is not loading — getting a 504 error.
TKT00106,CUST0421,Integration,Low,Open,2025-09-23,2025-09-24,29.8,3.0,We need help setting up the webhook for order updates.
TKT00107,CUST0197,Performance,Low,Resolved,2024-07-31,2024-08-01,30.4,5.0,Reports are taking over 2 minutes to load.
TKT00108,CUST0456,Integration,Low,Escalated,2023-11-05,2023-11-07,63.8,,The Salesforce integration is not syncing contacts properly.
TKT00109,CUST0056,Technical Issue,Medium,Resolved,2025-03-15,2025-03-15,9.1,5.0,Our data sync stopped working after the last update.
TKT00110,CUST0140,Performance,Medium,Resolved,2022-06-16,2022-06-17,25.3,,Bulk data export is timing out for large datasets.
TKT00111,CUST0470,Performance,Medium,Resolved,2024-09-14,2024-09-15,34.3,,Bulk data export is timing out for large datasets.
TKT00112,CUST0052,Feature Request,Low,Escalated,2025-02-27,2025-03-01,63.3,3.0,We'd love a Slack integration for real-time alerts.
TKT00113,CUST0443,Onboarding,Medium,Resolved,2023-03-20,2023-03-20,9.5,5.0,We are stuck on the data migration step — need guidance.
TKT00114,CUST0006,Feature Request,Medium,In Progress,2025-12-25,2025-12-27,50.6,1.0,We'd love a Slack integration for real-time alerts.
TKT00115,CUST0336,Technical Issue,High,In Progress,2022-03-21,2022-03-21,5.3,4.0,Login page throws an error when using SSO.
TKT00116,CUST0207,Integration,Critical,Resolved,2022-05-29,2022-05-29,7.1,3.0,Our API key stopped working after a password reset.
TKT00117,CUST0489,Account Management,High,Resolved,2023-06-13,2023-06-13,13.0,4.0,We'd like to upgrade from Growth to Enterprise plan.
TKT00118,CUST0455,Technical Issue,Critical,Resolved,2023-03-06,2023-03-06,3.2,,The dashboard is not loading — getting a 504 error.
TKT00119,CUST0290,Performance,Low,Resolved,2025-04-26,2025-04-28,49.9,4.0,Reports are taking over 2 minutes to load.
TKT00120,CUST0404,Onboarding,Low,In Progress,2025-12-08,2025-12-11,87.6,3.0,Our team hasn't received the onboarding training invite.
TKT00121,CUST0401,Performance,Low,Resolved,2025-10-28,2025-10-29,46.3,3.0,The platform is very slow during peak hours (9-11am EST).
TKT00122,CUST0238,Performance,High,Resolved,2022-11-27,2022-11-27,23.4,5.0,Reports are taking over 2 minutes to load.
TKT00123,CUST0062,Technical Issue,High,In Progress,2024-07-29,2024-07-29,20.7,,Our data sync stopped working after the last update.
TKT00124,CUST0479,Performance,Low,Resolved,2025-05-29,2025-05-30,39.3,5.0,Bulk data export is timing out for large datasets.
TKT00125,CUST0151,Account Management,Medium,In Progress,2025-05-24,2025-05-24,17.4,1.0,We need to add 10 more user seats to our plan.
TKT00126,CUST0256,Feature Request,Medium,Resolved,2022-08-16,2022-08-17,34.3,5.0,Please add a dark mode option to the dashboard.
TKT00127,CUST0329,Technical Issue,Low,Resolved,2023-08-05,2023-08-08,87.1,,Our data sync stopped working after the last update.
TKT00128,CUST0172,Technical Issue,Medium,Resolved,2024-04-21,2024-04-22,31.9,5.0,Our data sync stopped working after the last update.
TKT00129,CUST0209,Integration,Low,Open,2023-12-07,2023-12-09,48.3,3.0,We need help setting up the webhook for order updates.
TKT00130,CUST0458,Billing,Low,Resolved,2025-07-20,2025-07-22,50.2,3.0,The upgrade price shown in the app is different from what I was charged.
TKT00131,CUST0306,Performance,Medium,Resolved,2024-12-02,2024-12-03,29.0,4.0,Dashboard charts lag when we have more than 5 filters active.
TKT00132,CUST0260,Integration,Critical,Resolved,2025-05-09,2025-05-09,2.5,,Our API key stopped working after a password reset.
TKT00133,CUST0322,Performance,Medium,Resolved,2024-06-05,2024-06-06,26.1,4.0,The platform is very slow during peak hours (9-11am EST).
TKT00134,CUST0399,Integration,Low,Resolved,2022-10-26,2022-10-29,85.3,,The Salesforce integration is not syncing contacts properly.
TKT00135,CUST0200,Onboarding,Low,In Progress,2025-08-31,2025-09-03,80.1,3.0,Can someone walk us through connecting our CRM?
TKT00136,CUST0244,Billing,Medium,In Progress,2022-06-19,2022-06-19,19.8,4.0,I was charged twice this month for my subscription.
TKT00137,CUST0003,Account Management,Medium,Resolved,2025-08-20,2025-08-21,46.2,3.0,We'd like to upgrade from Growth to Enterprise plan.
TKT00138,CUST0359,Integration,Medium,Resolved,2022-07-30,2022-08-01,68.9,,We need help setting up the webhook for order updates.
TKT00139,CUST0307,Billing,Medium,Resolved,2022-07-25,2022-07-26,43.9,1.0,The upgrade price shown in the app is different from what I was charged.
TKT00140,CUST0099,Integration,Medium,Resolved,2022-09-07,2022-09-07,22.0,3.0,Zapier connection keeps timing out.
TKT00141,CUST0283,Technical Issue,Low,Resolved,2025-02-12,2025-02-14,56.3,,Export to CSV is producing empty files.
TKT00142,CUST0444,Technical Issue,Medium,Resolved,2024-01-04,2024-01-07,76.8,3.0,The dashboard is not loading — getting a 504 error.
TKT00143,CUST0048,Billing,Medium,Resolved,2025-02-09,2025-02-10,30.0,1.0,My invoice doesn't match the amount on my credit card.
TKT00144,CUST0401,Billing,Medium,Resolved,2023-05-20,2023-05-20,21.9,,Requesting a refund for unused seats on our plan.
TKT00145,CUST0496,Account Management,High,In Progress,2022-10-26,2022-10-26,5.6,5.0,Can we change the primary account admin?
TKT00146,CUST0004,Account Management,High,Escalated,2023-08-16,2023-08-16,4.6,5.0,We'd like to upgrade from Growth to Enterprise plan.
TKT00147,CUST0285,Billing,Medium,Resolved,2024-08-09,2024-08-10,46.3,,Can you clarify the pricing for adding more users?
TKT00148,CUST0038,Billing,High,Resolved,2022-07-29,2022-07-30,25.1,3.0,My invoice doesn't match the amount on my credit card.
TKT00149,CUST0314,Feature Request,High,Resolved,2022-09-16,2022-09-16,19.3,3.0,Please add a dark mode option to the dashboard.
TKT00150,CUST0285,Onboarding,High,Resolved,2023-08-13,2023-08-14,29.0,1.0,Our team hasn't received the onboarding training invite.
TKT00151,CUST0262,Performance,Medium,Escalated,2025-06-03,2025-06-04,27.1,3.0,Dashboard charts lag when we have more than 5 filters active.
TKT00152,CUST0287,Performance,Medium,Resolved,2022-02-21,2022-02-23,55.9,,API response times have increased significantly this week.
TKT00153,CUST0060,Performance,Low,Resolved,2023-03-31,2023-04-03,83.3,5.0,Dashboard charts lag when we have more than 5 filters active.
TKT00154,CUST0470,Technical Issue,High,Resolved,2024-04-04,2024-04-04,15.1,,Export to CSV is producing empty files.
TKT00155,CUST0491,Feature Request,High,Open,2024-02-02,2024-02-02,15.0,3.0,Would be great to have a mobile app version.
TKT00156,CUST0096,Integration,High,Resolved,2022-01-02,2022-01-02,20.4,4.0,HubSpot integration is duplicating records.
TKT00157,CUST0354,Feature Request,Medium,Resolved,2022-11-10,2022-11-11,28.8,4.0,We'd love a Slack integration for real-time alerts.
TKT00158,CUST0373,Billing,Medium,Resolved,2024-05-10,2024-05-11,26.4,,Requesting a refund for unused seats on our plan.
TKT00159,CUST0458,Billing,Low,Resolved,2023-10-14,2023-10-15,34.4,3.0,The upgrade price shown in the app is different from what I was charged.
TKT00160,CUST0036,Feature Request,Medium,Resolved,2025-02-04,2025-02-04,16.5,1.0,Would be great to have a mobile app version.
TKT00161,CUST0246,Performance,Medium,Resolved,2025-06-11,2025-06-11,14.4,4.0,Bulk data export is timing out for large datasets.
TKT00162,CUST0236,Account Management,High,Resolved,2023-01-05,2023-01-05,9.1,3.0,We need to update our billing contact information.
TKT00163,CUST0095,Technical Issue,Medium,Resolved,2023-05-29,2023-05-29,23.9,1.0,The dashboard is not loading — getting a 504 error.
TKT00164,CUST0233,Performance,Low,Resolved,2022-08-15,2022-08-18,75.9,4.0,API response times have increased significantly this week.
TKT00165,CUST0274,Feature Request,Medium,Resolved,2023-08-01,2023-08-02,41.8,3.0,We need custom date range filters in the reports section.
TKT00166,CUST0256,Integration,High,Resolved,2022-01-31,2022-01-31,5.6,,We need help setting up the webhook for order updates.
TKT00167,CUST0391,Technical Issue,Low,Resolved,2022-10-23,2022-10-27,109.9,3.0,Export to CSV is producing empty files.
TKT00168,CUST0114,Account Management,Low,Resolved,2025-08-03,2025-08-05,62.7,5.0,Please help us set up SSO for our organization.
TKT00169,CUST0144,Billing,High,Resolved,2022-10-14,2022-10-14,15.3,5.0,Can you clarify the pricing for adding more users?
TKT00170,CUST0227,Technical Issue,Low,Resolved,2023-08-29,2023-09-01,92.5,3.0,The dashboard is not loading — getting a 504 error.
TKT00171,CUST0209,Onboarding,Medium,Resolved,2022-12-29,2022-12-30,44.2,3.0,We need help setting up user roles and permissions.
TKT00172,CUST0208,Onboarding,Medium,Escalated,2024-08-30,2024-09-01,67.7,4.0,Our team hasn't received the onboarding training invite.
TKT00173,CUST0420,Feature Request,High,Resolved,2023-03-18,2023-03-18,4.7,,Can you add a bulk user import via CSV?
TKT00174,CUST0155,Integration,High,Resolved,2024-01-04,2024-01-04,2.2,,We need help setting up the webhook for order updates.
TKT00175,CUST0300,Billing,Low,Resolved,2023-05-06,2023-05-08,70.3,,Can you clarify the pricing for adding more users?
TKT00176,CUST0310,Onboarding,Low,Resolved,2022-05-07,2022-05-08,24.1,3.0,We need help setting up user roles and permissions.
TKT00177,CUST0221,Billing,Medium,Open,2023-01-13,2023-01-14,41.7,5.0,Requesting a refund for unused seats on our plan.
TKT00178,CUST0033,Integration,Medium,Resolved,2023-12-26,2023-12-27,46.8,5.0,We need help setting up the webhook for order updates.
TKT00179,CUST0319,Account Management,High,Resolved,2023-04-10,2023-04-10,2.0,4.0,Can we change the primary account admin?
TKT00180,CUST0120,Billing,Critical,Resolved,2025-08-26,2025-08-26,5.4,5.0,I was charged twice this month for my subscription.
TKT00181,CUST0193,Feature Request,Medium,Resolved,2023-08-13,2023-08-15,66.4,1.0,Would be great to have a mobile app version.
TKT00182,CUST0388,Feature Request,Low,Resolved,2025-06-12,2025-06-16,119.0,,We'd love a Slack integration for real-time alerts.
TKT00183,CUST0499,Onboarding,Medium,Resolved,2024-05-11,2024-05-12,36.5,4.0,Our team hasn't received the onboarding training invite.
TKT00184,CUST0332,Account Management,Medium,In Progress,2022-09-14,2022-09-14,9.1,5.0,We need to add 10 more user seats to our plan.
TKT00185,CUST0332,Feature Request,Medium,Resolved,2022-04-23,2022-04-24,24.3,,Would be great to have a mobile app version.
TKT00186,CUST0068,Technical Issue,Low,Resolved,2022-08-22,2022-08-24,52.1,5.0,Login page throws an error when using SSO.
TKT00187,CUST0323,Account Management,Medium,Resolved,2024-05-25,2024-05-25,16.2,,Can we change the primary account admin?
TKT00188,CUST0249,Billing,Medium,Open,2025-04-14,2025-04-14,14.2,4.0,Can you clarify the pricing for adding more users?
TKT00189,CUST0332,Integration,Medium,In Progress,2023-03-28,2023-03-29,44.5,,Our API key stopped working after a password reset.
TKT00190,CUST0311,Feature Request,Low,Open,2022-03-24,2022-03-25,41.7,4.0,Please add a dark mode option to the dashboard.
TKT00191,CUST0126,Integration,High,Open,2025-03-02,2025-03-03,35.2,,Zapier connection keeps timing out.
TKT00192,CUST0038,Technical Issue,Low,Resolved,2024-06-14,2024-06-17,78.1,4.0,Login page throws an error when using SSO.
TKT00193,CUST0065,Onboarding,High,Resolved,2025-01-01,2025-01-02,28.3,,We need help setting up user roles and permissions.
TKT00194,CUST0350,Onboarding,Medium,Resolved,2025-03-13,2025-03-13,10.9,3.0,We need help setting up user roles and permissions.
TKT00195,CUST0049,Billing,High,Open,2025-09-28,2025-09-28,21.2,4.0,My invoice doesn't match the amount on my credit card.
TKT00196,CUST0202,Feature Request,Low,In Progress,2024-06-30,2024-07-03,86.3,4.0,We'd love a Slack integration for real-time alerts.
TKT00197,CUST0250,Technical Issue,Critical,Resolved,2023-10-10,2023-10-10,7.6,,Our data sync stopped working after the last update.
TKT00198,CUST0428,Feature Request,Medium,Resolved,2023-10-06,2023-10-09,72.3,4.0,We need custom date range filters in the reports section.
TKT00199,CUST0226,Integration,Low,Resolved,2024-05-22,2024-05-23,35.5,,HubSpot integration is duplicating records.
TKT00200,CUST0189,Account Management,Low,Escalated,2023-09-21,2023-09-23,53.3,,We need to add 10 more user seats to our plan.
TKT00201,CUST0297,Technical Issue,Critical,Resolved,2024-05-07,2024-05-07,3.3,4.0,The dashboard is not loading — getting a 504 error.
TKT00202,CUST0345,Billing,High,Resolved,2022-09-16,2022-09-17,29.6,4.0,My invoice doesn't match the amount on my credit card.
TKT00203,CUST0119,Performance,Medium,Resolved,2022-02-14,2022-02-15,32.6,3.0,Bulk data export is timing out for large datasets.
TKT00204,CUST0138,Account Management,Low,Resolved,2022-09-26,2022-09-30,104.7,3.0,We need to add 10 more user seats to our plan.
TKT00205,CUST0404,Technical Issue,Low,Resolved,2024-10-07,2024-10-09,57.2,5.0,The dashboard is not loading — getting a 504 error.
TKT00206,CUST0177,Onboarding,Medium,In Progress,2024-08-07,2024-08-08,42.3,,We are stuck on the data migration step — need guidance.
TKT00207,CUST0150,Performance,Medium,Resolved,2024-07-28,2024-07-28,14.4,,API response times have increased significantly this week.
TKT00208,CUST0048,Feature Request,Medium,Resolved,2025-10-25,2025-10-27,66.6,2.0,Can you add a bulk user import via CSV?
TKT00209,CUST0331,Performance,High,Resolved,2025-11-21,2025-11-21,3.2,5.0,Bulk data export is timing out for large datasets.
TKT00210,CUST0368,Onboarding,Medium,Resolved,2024-06-30,2024-06-30,8.5,,Our team hasn't received the onboarding training invite.
TKT00211,CUST0435,Account Management,High,Escalated,2024-12-01,2024-12-01,11.4,,We need to add 10 more user seats to our plan.
TKT00212,CUST0453,Account Management,High,In Progress,2022-02-25,2022-02-26,32.1,3.0,We need to update our billing contact information.
TKT00213,CUST0065,Onboarding,High,In Progress,2025-01-17,2025-01-17,10.4,2.0,Can someone walk us through connecting our CRM?
TKT00214,CUST0346,Integration,Medium,Resolved,2024-11-09,2024-11-09,14.7,5.0,HubSpot integration is duplicating records.
TKT00215,CUST0371,Performance,Medium,Resolved,2025-11-29,2025-11-30,26.0,,Bulk data export is timing out for large datasets.
TKT00216,CUST0130,Integration,High,Escalated,2024-06-09,2024-06-09,21.3,3.0,HubSpot integration is duplicating records.
TKT00217,CUST0470,Onboarding,Low,Resolved,2022-04-17,2022-04-18,32.2,,The setup wizard keeps freezing at Step 3.
TKT00218,CUST0391,Account Management,Low,Resolved,2025-02-28,2025-03-06,145.6,1.0,We need to add 10 more user seats to our plan.
TKT00219,CUST0170,Feature Request,Medium,Resolved,2024-08-31,2024-08-31,21.8,5.0,We'd love a Slack integration for real-time alerts.
TKT00220,CUST0025,Technical Issue,Critical,Resolved,2024-11-09,2024-11-09,5.0,5.0,The dashboard is not loading — getting a 504 error.
TKT00221,CUST0327,Billing,Low,Resolved,2022-05-06,2022-05-07,43.6,,The upgrade price shown in the app is different from what I was charged.
TKT00222,CUST0261,Feature Request,Low,Resolved,2023-03-14,2023-03-19,134.4,,We'd love a Slack integration for real-time alerts.
TKT00223,CUST0331,Technical Issue,Medium,Resolved,2024-07-27,2024-07-27,20.8,3.0,The dashboard is not loading — getting a 504 error.
TKT00224,CUST0007,Billing,High,Resolved,2024-11-23,2024-11-23,22.5,4.0,I was charged twice this month for my subscription.
TKT00225,CUST0418,Onboarding,Medium,In Progress,2022-03-15,2022-03-15,11.6,3.0,Our team hasn't received the onboarding training invite.
TKT00226,CUST0405,Performance,Low,Open,2025-05-26,2025-05-30,99.1,2.0,Dashboard charts lag when we have more than 5 filters active.
TKT00227,CUST0224,Billing,Low,Resolved,2024-11-22,2024-11-25,90.8,5.0,The upgrade price shown in the app is different from what I was charged.
TKT00228,CUST0292,Integration,Medium,Resolved,2024-02-29,2024-03-01,40.9,2.0,Zapier connection keeps timing out.
TKT00229,CUST0034,Onboarding,High,Resolved,2023-10-20,2023-10-21,33.6,2.0,The setup wizard keeps freezing at Step 3.
TKT00230,CUST0183,Performance,Medium,Resolved,2025-04-19,2025-04-19,21.9,5.0,The platform is very slow during peak hours (9-11am EST).
TKT00231,CUST0127,Feature Request,Critical,Resolved,2023-05-22,2023-05-22,5.0,5.0,Can you add a bulk user import via CSV?
TKT00232,CUST0199,Onboarding,Medium,Resolved,2022-07-13,2022-07-14,26.7,4.0,The setup wizard keeps freezing at Step 3.
TKT00233,CUST0035,Performance,Medium,In Progress,2023-07-03,2023-07-04,45.2,4.0,API response times have increased significantly this week.
TKT00234,CUST0003,Account Management,High,Resolved,2023-02-19,2023-02-19,2.1,4.0,Can we change the primary account admin?
TKT00235,CUST0423,Onboarding,Low,Resolved,2024-02-26,2024-02-28,55.0,5.0,Our team hasn't received the onboarding training invite.
TKT00236,CUST0036,Performance,Medium,Resolved,2025-12-25,2025-12-25,16.7,3.0,Bulk data export is timing out for large datasets.
TKT00237,CUST0496,Technical Issue,Low,Resolved,2025-01-19,2025-01-21,57.6,,The dashboard is not loading — getting a 504 error.
TKT00238,CUST0289,Onboarding,Low,In Progress,2022-01-17,2022-01-19,70.0,3.0,We need help setting up user roles and permissions.
TKT00239,CUST0433,Technical Issue,Critical,In Progress,2024-08-31,2024-08-31,4.3,3.0,The dashboard is not loading — getting a 504 error.
TKT00240,CUST0257,Feature Request,Low,Resolved,2022-09-20,2022-09-23,73.9,5.0,We need custom date range filters in the reports section.
TKT00241,CUST0400,Integration,Low,In Progress,2024-06-25,2024-06-28,89.3,,The Salesforce integration is not syncing contacts properly.
TKT00242,CUST0367,Account Management,Low,In Progress,2023-02-01,2023-02-02,45.3,,Can we change the primary account admin?
TKT00243,CUST0494,Billing,Medium,Escalated,2025-09-10,2025-09-11,27.3,5.0,The upgrade price shown in the app is different from what I was charged.
TKT00244,CUST0049,Account Management,Medium,Resolved,2025-12-28,2025-12-29,44.1,5.0,We need to update our billing contact information.
TKT00245,CUST0244,Billing,Medium,Open,2025-12-24,2025-12-25,32.4,4.0,The upgrade price shown in the app is different from what I was charged.
TKT00246,CUST0209,Feature Request,Low,Resolved,2025-06-02,2025-06-05,76.1,3.0,Can you add a bulk user import via CSV?
TKT00247,CUST0137,Billing,Low,Escalated,2024-01-21,2024-01-22,35.0,4.0,My invoice doesn't match the amount on my credit card.
TKT00248,CUST0195,Performance,Medium,Resolved,2023-02-06,2023-02-07,39.2,5.0,The platform is very slow during peak hours (9-11am EST).
TKT00249,CUST0046,Integration,Low,Resolved,2023-06-14,2023-06-15,41.6,3.0,We need help setting up the webhook for order updates.
TKT00250,CUST0355,Feature Request,Medium,Open,2023-05-14,2023-05-15,39.8,3.0,We need custom date range filters in the reports section.
TKT00251,CUST0301,Billing,Low,Resolved,2023-11-05,2023-11-06,26.7,3.0,I was charged twice this month for my subscription.
TKT00252,CUST0425,Technical Issue,Medium,Resolved,2022-03-04,2022-03-05,45.1,,Export to CSV is producing empty files.
TKT00253,CUST0368,Technical Issue,Medium,Resolved,2024-08-17,2024-08-18,44.4,5.0,Our data sync stopped working after the last update.
TKT00254,CUST0148,Integration,Medium,Resolved,2023-02-28,2023-02-28,22.3,5.0,Zapier connection keeps timing out.
TKT00255,CUST0293,Onboarding,Medium,In Progress,2022-07-06,2022-07-07,40.7,5.0,We need help setting up user roles and permissions.
TKT00256,CUST0325,Onboarding,High,Resolved,2025-10-22,2025-10-22,20.3,3.0,Our team hasn't received the onboarding training invite.
TKT00257,CUST0487,Onboarding,Medium,Resolved,2025-09-08,2025-09-09,24.3,5.0,Our team hasn't received the onboarding training invite.
TKT00258,CUST0276,Feature Request,Low,Resolved,2025-04-27,2025-04-30,88.9,4.0,Can you add a bulk user import via CSV?
TKT00259,CUST0021,Account Management,Low,Resolved,2025-10-15,2025-10-19,114.2,,Please help us set up SSO for our organization.
TKT00260,CUST0045,Feature Request,Medium,Resolved,2024-02-12,2024-02-13,39.6,5.0,We'd love a Slack integration for real-time alerts.
TKT00261,CUST0174,Feature Request,Low,Open,2022-10-21,2022-10-23,59.7,,Can you add a bulk user import via CSV?
TKT00262,CUST0451,Performance,Medium,Resolved,2023-02-10,2023-02-11,47.5,4.0,The platform is very slow during peak hours (9-11am EST).
TKT00263,CUST0365,Account Management,High,Resolved,2023-02-16,2023-02-16,19.9,,We need to add 10 more user seats to our plan.
TKT00264,CUST0020,Integration,Low,Resolved,2025-05-03,2025-05-05,66.4,,We need help setting up the webhook for order updates.
TKT00265,CUST0373,Billing,High,Resolved,2023-09-27,2023-09-27,20.8,3.0,My invoice doesn't match the amount on my credit card.
TKT00266,CUST0486,Technical Issue,Medium,Resolved,2023-07-25,2023-07-25,10.6,5.0,Our data sync stopped working after the last update.
TKT00267,CUST0026,Integration,Medium,Resolved,2022-04-12,2022-04-13,44.9,5.0,We need help setting up the webhook for order updates.
TKT00268,CUST0046,Technical Issue,High,Open,2024-03-17,2024-03-17,5.7,3.0,Notifications are not being delivered to our team emails.
TKT00269,CUST0043,Technical Issue,Critical,Resolved,2025-10-13,2025-10-13,5.4,4.0,Notifications are not being delivered to our team emails.
TKT00270,CUST0235,Performance,Critical,Resolved,2024-07-26,2024-07-26,6.9,5.0,The platform is very slow during peak hours (9-11am EST).
TKT00271,CUST0425,Account Management,Critical,Resolved,2022-03-16,2022-03-16,12.6,2.0,Can we change the primary account admin?
TKT00272,CUST0314,Onboarding,Medium,Resolved,2023-02-20,2023-02-21,32.2,4.0,Our team hasn't received the onboarding training invite.
TKT00273,CUST0300,Billing,Medium,Open,2022-10-14,2022-10-15,34.7,4.0,The upgrade price shown in the app is different from what I was charged.
TKT00274,CUST0183,Performance,Low,Resolved,2022-08-01,2022-08-03,53.2,4.0,Reports are taking over 2 minutes to load.
TKT00275,CUST0246,Onboarding,High,In Progress,2022-09-14,2022-09-14,16.5,3.0,Can someone walk us through connecting our CRM?
TKT00276,CUST0222,Integration,Medium,In Progress,2025-09-23,2025-09-24,34.7,,We need help setting up the webhook for order updates.
TKT00277,CUST0401,Performance,Low,Resolved,2024-04-02,2024-04-03,36.4,,Dashboard charts lag when we have more than 5 filters active.
TKT00278,CUST0228,Integration,High,Resolved,2024-11-20,2024-11-20,2.2,3.0,We need help setting up the webhook for order updates.
TKT00279,CUST0044,Onboarding,Critical,Resolved,2023-10-28,2023-10-28,2.2,5.0,We need help setting up user roles and permissions.
TKT00280,CUST0366,Integration,Critical,Resolved,2022-01-02,2022-01-02,6.8,2.0,Our API key stopped working after a password reset.
TKT00281,CUST0055,Technical Issue,Medium,Escalated,2025-06-28,2025-06-29,27.1,4.0,Export to CSV is producing empty files.
TKT00282,CUST0429,Onboarding,Medium,Resolved,2022-02-21,2022-02-22,30.0,,We need help setting up user roles and permissions.
TKT00283,CUST0380,Integration,Low,Open,2022-03-02,2022-03-05,90.5,4.0,The Salesforce integration is not syncing contacts properly.
TKT00284,CUST0056,Account Management,Medium,Escalated,2024-09-15,2024-09-16,30.1,,We need to add 10 more user seats to our plan.
TKT00285,CUST0072,Integration,Critical,Resolved,2023-12-23,2023-12-23,7.1,3.0,HubSpot integration is duplicating records.
TKT00286,CUST0042,Performance,Low,Open,2023-09-24,2023-09-26,61.8,,Bulk data export is timing out for large datasets.
TKT00287,CUST0003,Performance,Medium,In Progress,2023-06-21,2023-06-21,18.8,3.0,API response times have increased significantly this week.
TKT00288,CUST0288,Account Management,High,Resolved,2023-12-17,2023-12-17,16.1,5.0,Can we change the primary account admin?
TKT00289,CUST0397,Technical Issue,Medium,Resolved,2022-02-06,2022-02-06,12.9,3.0,Export to CSV is producing empty files.
TKT00290,CUST0033,Performance,Medium,Open,2025-07-05,2025-07-05,9.4,,API response times have increased significantly this week.
TKT00291,CUST0012,Onboarding,Medium,In Progress,2025-05-15,2025-05-15,21.8,3.0,Our team hasn't received the onboarding training invite.
TKT00292,CUST0209,Integration,Low,In Progress,2022-09-01,2022-09-03,69.6,,Zapier connection keeps timing out.
TKT00293,CUST0007,Account Management,Critical,In Progress,2025-08-01,2025-08-01,2.4,4.0,Can we change the primary account admin?
TKT00294,CUST0334,Performance,Medium,Resolved,2023-06-16,2023-06-18,57.7,3.0,The platform is very slow during peak hours (9-11am EST).
TKT00295,CUST0406,Performance,Medium,In Progress,2022-02-20,2022-02-21,35.9,5.0,Reports are taking over 2 minutes to load.
TKT00296,CUST0391,Feature Request,Medium,Resolved,2025-09-20,2025-09-23,74.3,4.0,We need custom date range filters in the reports section.
TKT00297,CUST0369,Onboarding,Medium,In Progress,2024-10-06,2024-10-07,39.6,4.0,The setup wizard keeps freezing at Step 3.
TKT00298,CUST0113,Feature Request,Medium,Resolved,2022-05-15,2022-05-15,19.2,5.0,Would be great to have a mobile app version.
TKT00299,CUST0215,Feature Request,High,Resolved,2024-11-18,2024-11-18,10.2,3.0,Would be great to have a mobile app version.
TKT00300,CUST0152,Integration,Medium,In Progress,2023-04-14,2023-04-15,34.5,5.0,HubSpot integration is duplicating records.
TKT00301,CUST0323,Technical Issue,High,Resolved,2024-10-09,2024-10-09,6.7,4.0,Notifications are not being delivered to our team emails.
TKT00302,CUST0079,Billing,High,In Progress,2024-08-01,2024-08-01,12.4,3.0,Can you clarify the pricing for adding more users?
TKT00303,CUST0149,Technical Issue,Low,Resolved,2025-08-25,2025-08-28,85.5,2.0,Export to CSV is producing empty files.
TKT00304,CUST0447,Performance,Medium,Resolved,2025-05-07,2025-05-09,57.0,1.0,Bulk data export is timing out for large datasets.
TKT00305,CUST0371,Account Management,Medium,Resolved,2022-05-03,2022-05-04,35.9,2.0,We need to update our billing contact information.
TKT00306,CUST0238,Technical Issue,Medium,In Progress,2022-01-17,2022-01-17,10.0,,Our data sync stopped working after the last update.
TKT00307,CUST0389,Integration,High,In Progress,2025-03-07,2025-03-07,3.0,3.0,We need help setting up the webhook for order updates.
TKT00308,CUST0433,Integration,Medium,Resolved,2025-07-24,2025-07-25,39.5,5.0,The Salesforce integration is not syncing contacts properly.
TKT00309,CUST0474,Billing,Low,Resolved,2022-10-10,2022-10-13,77.0,1.0,Requesting a refund for unused seats on our plan.
TKT00310,CUST0068,Performance,Medium,Escalated,2022-01-10,2022-01-10,20.0,5.0,The platform is very slow during peak hours (9-11am EST).
TKT00311,CUST0049,Feature Request,Low,Resolved,2023-04-10,2023-04-13,87.7,,We need custom date range filters in the reports section.
TKT00312,CUST0396,Performance,Medium,Resolved,2025-11-02,2025-11-02,17.3,,Dashboard charts lag when we have more than 5 filters active.
TKT00313,CUST0427,Account Management,Medium,Resolved,2022-06-11,2022-06-12,39.9,3.0,We need to add 10 more user seats to our plan.
TKT00314,CUST0337,Feature Request,Medium,Resolved,2023-07-17,2023-07-18,47.8,,Please add a dark mode option to the dashboard.
TKT00315,CUST0236,Account Management,Low,Resolved,2025-02-03,2025-02-05,55.3,3.0,We'd like to upgrade from Growth to Enterprise plan.
TKT00316,CUST0027,Integration,Medium,Resolved,2023-04-03,2023-04-04,29.1,5.0,Our API key stopped working after a password reset.
TKT00317,CUST0176,Billing,Low,Resolved,2024-06-02,2024-06-05,94.3,5.0,I was charged twice this month for my subscription.
TKT00318,CUST0166,Billing,Low,Open,2025-09-25,2025-09-30,142.3,3.0,Requesting a refund for unused seats on our plan.
TKT00319,CUST0113,Performance,Medium,Resolved,2022-03-06,2022-03-07,45.0,4.0,The platform is very slow during peak hours (9-11am EST).
TKT00320,CUST0056,Onboarding,Medium,Resolved,2023-05-22,2023-05-23,25.7,3.0,We are stuck on the data migration step — need guidance.
TKT00321,CUST0426,Onboarding,Medium,Open,2024-05-16,2024-05-17,36.8,5.0,Our team hasn't received the onboarding training invite.
TKT00322,CUST0132,Billing,Low,Resolved,2024-05-18,2024-05-19,26.1,,I was charged twice this month for my subscription.
TKT00323,CUST0402,Performance,Medium,Resolved,2022-11-24,2022-11-24,8.6,3.0,Dashboard charts lag when we have more than 5 filters active.
TKT00324,CUST0043,Integration,High,Resolved,2023-05-08,2023-05-08,2.4,5.0,HubSpot integration is duplicating records.
TKT00325,CUST0038,Onboarding,Medium,Open,2022-05-02,2022-05-03,32.7,,The setup wizard keeps freezing at Step 3.
TKT00326,CUST0421,Integration,Medium,Resolved,2022-09-14,2022-09-15,44.6,4.0,We need help setting up the webhook for order updates.
TKT00327,CUST0412,Billing,High,In Progress,2023-03-17,2023-03-17,8.2,,Can you clarify the pricing for adding more users?
TKT00328,CUST0272,Billing,Medium,Resolved,2023-12-06,2023-12-07,42.0,,Requesting a refund for unused seats on our plan.
TKT00329,CUST0030,Technical Issue,Medium,Resolved,2023-05-12,2023-05-13,38.4,2.0,Notifications are not being delivered to our team emails.
TKT00330,CUST0370,Technical Issue,Low,Resolved,2023-06-07,2023-06-08,33.5,4.0,Login page throws an error when using SSO.
TKT00331,CUST0095,Integration,Medium,Open,2022-08-14,2022-08-16,58.8,,The Salesforce integration is not syncing contacts properly.
TKT00332,CUST0322,Feature Request,Low,Resolved,2022-06-24,2022-06-26,61.5,5.0,Please add a dark mode option to the dashboard.
TKT00333,CUST0453,Integration,Medium,Resolved,2022-06-23,2022-06-25,69.5,2.0,HubSpot integration is duplicating records.
TKT00334,CUST0061,Performance,Medium,Resolved,2023-10-19,2023-10-19,13.8,,API response times have increased significantly this week.
TKT00335,CUST0345,Onboarding,Medium,Resolved,2024-03-09,2024-03-11,70.6,1.0,Can someone walk us through connecting our CRM?
TKT00336,CUST0083,Integration,Low,Resolved,2024-05-25,2024-05-27,54.7,1.0,HubSpot integration is duplicating records.
TKT00337,CUST0420,Integration,Low,In Progress,2022-07-20,2022-07-22,66.7,,HubSpot integration is duplicating records.
TKT00338,CUST0403,Feature Request,Medium,Resolved,2025-10-23,2025-10-24,26.4,3.0,We'd love a Slack integration for real-time alerts.
TKT00339,CUST0290,Integration,Medium,Open,2024-09-25,2024-09-25,12.9,3.0,HubSpot integration is duplicating records.
TKT00340,CUST0431,Performance,Low,Resolved,2023-02-07,2023-02-08,44.9,,Reports are taking over 2 minutes to load.
TKT00341,CUST0091,Billing,Low,Resolved,2025-08-16,2025-08-18,51.2,3.0,Can you clarify the pricing for adding more users?
TKT00342,CUST0314,Billing,High,Resolved,2023-09-27,2023-09-27,16.0,3.0,Can you clarify the pricing for adding more users?
TKT00343,CUST0205,Onboarding,High,Resolved,2022-04-07,2022-04-07,7.2,4.0,We are stuck on the data migration step — need guidance.
TKT00344,CUST0369,Account Management,Low,Resolved,2024-04-15,2024-04-18,73.3,4.0,We'd like to upgrade from Growth to Enterprise plan.
TKT00345,CUST0275,Performance,Medium,Resolved,2023-05-07,2023-05-09,63.3,1.0,Reports are taking over 2 minutes to load.
TKT00346,CUST0125,Account Management,Medium,Resolved,2022-09-28,2022-09-29,25.9,,We'd like to upgrade from Growth to Enterprise plan.
TKT00347,CUST0126,Feature Request,Medium,Resolved,2022-07-25,2022-07-26,47.7,,We'd love a Slack integration for real-time alerts.
TKT00348,CUST0275,Performance,Medium,Open,2024-01-11,2024-01-13,63.8,,API response times have increased significantly this week.
TKT00349,CUST0351,Performance,Low,Resolved,2025-10-08,2025-10-10,51.8,,Dashboard charts lag when we have more than 5 filters active.
TKT00350,CUST0431,Billing,Low,Open,2025-03-03,2025-03-07,116.4,4.0,My invoice doesn't match the amount on my credit card.
TKT00351,CUST0308,Billing,Medium,Resolved,2024-11-11,2024-11-12,31.7,4.0,The upgrade price shown in the app is different from what I was charged.
TKT00352,CUST0024,Billing,Low,Escalated,2022-09-23,2022-09-24,29.8,3.0,I was charged twice this month for my subscription.
TKT00353,CUST0468,Billing,Medium,In Progress,2024-06-07,2024-06-08,28.3,1.0,Can you clarify the pricing for adding more users?
TKT00354,CUST0165,Billing,Low,Open,2024-07-28,2024-07-29,24.5,3.0,Can you clarify the pricing for adding more users?
TKT00355,CUST0319,Feature Request,High,Resolved,2023-09-15,2023-09-15,10.0,4.0,Would be great to have a mobile app version.
TKT00356,CUST0316,Onboarding,Medium,Resolved,2024-03-08,2024-03-09,40.9,4.0,Can someone walk us through connecting our CRM?
TKT00357,CUST0121,Onboarding,Medium,Resolved,2025-11-02,2025-11-03,40.4,5.0,We need help setting up user roles and permissions.
TKT00358,CUST0385,Technical Issue,High,Open,2023-05-08,2023-05-08,14.9,3.0,Login page throws an error when using SSO.
TKT00359,CUST0196,Account Management,Medium,Resolved,2023-03-25,2023-03-26,45.6,4.0,Can we change the primary account admin?
TKT00360,CUST0101,Integration,High,Resolved,2024-12-10,2024-12-10,20.0,,The Salesforce integration is not syncing contacts properly.
TKT00361,CUST0072,Technical Issue,Medium,Open,2023-08-15,2023-08-16,34.7,4.0,Export to CSV is producing empty files.
TKT00362,CUST0454,Onboarding,Low,Escalated,2024-05-18,2024-05-20,62.0,,The setup wizard keeps freezing at Step 3.
TKT00363,CUST0057,Billing,High,Resolved,2024-05-02,2024-05-02,19.1,3.0,I was charged twice this month for my subscription.
TKT00364,CUST0152,Integration,Low,In Progress,2025-05-15,2025-05-17,52.6,4.0,Zapier connection keeps timing out.
TKT00365,CUST0213,Feature Request,Medium,Resolved,2023-05-28,2023-05-29,37.7,4.0,Would be great to have a mobile app version.
TKT00366,CUST0248,Billing,Low,Resolved,2025-02-02,2025-02-04,64.2,3.0,I was charged twice this month for my subscription.
TKT00367,CUST0113,Onboarding,Medium,Open,2025-08-05,2025-08-05,17.1,5.0,We are stuck on the data migration step — need guidance.
TKT00368,CUST0296,Technical Issue,Medium,Resolved,2022-10-24,2022-10-26,62.7,1.0,Our data sync stopped working after the last update.
TKT00369,CUST0030,Onboarding,Medium,Resolved,2023-04-02,2023-04-03,30.7,,The setup wizard keeps freezing at Step 3.
TKT00370,CUST0381,Performance,Low,Resolved,2022-07-12,2022-07-13,29.9,3.0,API response times have increased significantly this week.
TKT00371,CUST0246,Billing,Medium,Open,2022-02-11,2022-02-11,11.5,,Can you clarify the pricing for adding more users?
TKT00372,CUST0485,Onboarding,Medium,Resolved,2024-09-10,2024-09-11,34.2,3.0,We need help setting up user roles and permissions.
TKT00373,CUST0146,Integration,Medium,Resolved,2025-07-02,2025-07-03,32.0,3.0,The Salesforce integration is not syncing contacts properly.
TKT00374,CUST0057,Feature Request,Medium,Open,2024-04-18,2024-04-19,39.6,4.0,Would be great to have a mobile app version.
TKT00375,CUST0284,Integration,Medium,Resolved,2022-07-28,2022-07-31,76.5,1.0,We need help setting up the webhook for order updates.
TKT00376,CUST0109,Performance,High,Resolved,2025-12-18,2025-12-18,8.9,3.0,Dashboard charts lag when we have more than 5 filters active.
TKT00377,CUST0049,Technical Issue,Medium,Resolved,2024-01-21,2024-01-22,41.3,3.0,Login page throws an error when using SSO.
TKT00378,CUST0306,Feature Request,Medium,Resolved,2023-03-23,2023-03-24,27.5,3.0,We'd love a Slack integration for real-time alerts.
TKT00379,CUST0457,Technical Issue,Medium,Resolved,2025-11-13,2025-11-14,36.4,5.0,The dashboard is not loading — getting a 504 error.
TKT00380,CUST0486,Technical Issue,Medium,Resolved,2022-08-22,2022-08-23,38.5,3.0,Login page throws an error when using SSO.
TKT00381,CUST0253,Feature Request,Low,In Progress,2025-10-31,2025-11-04,118.5,,Can you add a bulk user import via CSV?
TKT00382,CUST0354,Technical Issue,Medium,Resolved,2022-09-04,2022-09-05,40.1,,Login page throws an error when using SSO.
TKT00383,CUST0270,Feature Request,Low,In Progress,2022-03-17,2022-03-22,125.3,,Would be great to have a mobile app version.
TKT00384,CUST0125,Onboarding,Medium,Open,2025-05-16,2025-05-16,22.3,,We need help setting up user roles and permissions.
TKT00385,CUST0258,Technical Issue,Medium,In Progress,2024-05-12,2024-05-13,44.2,3.0,Notifications are not being delivered to our team emails.
TKT00386,CUST0281,Account Management,High,Resolved,2022-11-10,2022-11-10,12.6,,Can we change the primary account admin?
TKT00387,CUST0079,Technical Issue,High,Open,2023-12-02,2023-12-02,4.3,3.0,Notifications are not being delivered to our team emails.
TKT00388,CUST0095,Feature Request,Medium,In Progress,2022-05-17,2022-05-19,53.1,3.0,We need custom date range filters in the reports section.
TKT00389,CUST0460,Technical Issue,High,Resolved,2022-08-06,2022-08-06,20.0,5.0,Our data sync stopped working after the last update.
TKT00390,CUST0020,Billing,Medium,Resolved,2024-03-20,2024-03-20,17.3,4.0,Requesting a refund for unused seats on our plan.
TKT00391,CUST0107,Performance,High,Resolved,2023-05-31,2023-05-31,9.0,,Dashboard charts lag when we have more than 5 filters active.
TKT00392,CUST0027,Integration,Low,Open,2024-08-21,2024-08-23,67.0,5.0,Our API key stopped working after a password reset.
TKT00393,CUST0319,Billing,Medium,Resolved,2024-05-27,2024-05-28,35.8,5.0,Can you clarify the pricing for adding more users?
TKT00394,CUST0323,Feature Request,High,Open,2022-03-07,2022-03-07,14.4,5.0,Can you add a bulk user import via CSV?
TKT00395,CUST0236,Onboarding,Medium,Resolved,2023-01-21,2023-01-21,21.1,3.0,Can someone walk us through connecting our CRM?
TKT00396,CUST0033,Billing,High,Resolved,2023-03-18,2023-03-18,23.2,4.0,The upgrade price shown in the app is different from what I was charged.
TKT00397,CUST0355,Technical Issue,Low,Open,2025-09-07,2025-09-09,64.5,,The dashboard is not loading — getting a 504 error.
TKT00398,CUST0093,Feature Request,Low,Resolved,2022-12-18,2022-12-20,70.5,4.0,We'd love a Slack integration for real-time alerts.
TKT00399,CUST0269,Account Management,High,Resolved,2023-04-16,2023-04-16,19.8,,Can we change the primary account admin?
TKT00400,CUST0121,Onboarding,Medium,Resolved,2022-01-30,2022-01-30,11.8,5.0,The setup wizard keeps freezing at Step 3.
TKT00401,CUST0087,Feature Request,High,Resolved,2025-02-06,2025-02-06,21.2,,We'd love a Slack integration for real-time alerts.
TKT00402,CUST0144,Technical Issue,High,Resolved,2024-01-24,2024-01-24,2.2,4.0,Login page throws an error when using SSO.
TKT00403,CUST0458,Billing,Low,Resolved,2024-11-20,2024-11-22,54.7,,Requesting a refund for unused seats on our plan.
TKT00404,CUST0141,Billing,Medium,Resolved,2025-03-25,2025-03-25,19.4,4.0,My invoice doesn't match the amount on my credit card.
TKT00405,CUST0318,Performance,Low,Resolved,2023-01-30,2023-02-01,57.7,5.0,The platform is very slow during peak hours (9-11am EST).
TKT00406,CUST0167,Billing,Medium,In Progress,2025-07-01,2025-07-01,16.4,2.0,The upgrade price shown in the app is different from what I was charged.
TKT00407,CUST0342,Account Management,High,Resolved,2022-02-25,2022-02-25,16.1,4.0,We need to update our billing contact information.
TKT00408,CUST0384,Integration,Medium,Resolved,2022-12-26,2022-12-26,15.1,2.0,We need help setting up the webhook for order updates.
TKT00409,CUST0196,Onboarding,Medium,Resolved,2024-05-17,2024-05-18,32.0,5.0,The setup wizard keeps freezing at Step 3.
TKT00410,CUST0276,Onboarding,Low,Open,2023-05-28,2023-05-29,30.7,,We need help setting up user roles and permissions.
TKT00411,CUST0099,Integration,Medium,Resolved,2025-06-26,2025-06-27,39.7,4.0,Zapier connection keeps timing out.
TKT00412,CUST0324,Account Management,Low,Resolved,2022-01-05,2022-01-07,51.3,5.0,Can we change the primary account admin?
TKT00413,CUST0098,Technical Issue,High,Resolved,2025-10-13,2025-10-13,21.4,2.0,Export to CSV is producing empty files.
TKT00414,CUST0190,Billing,High,Resolved,2024-12-14,2024-12-14,16.6,3.0,I was charged twice this month for my subscription.
TKT00415,CUST0398,Account Management,Medium,Resolved,2023-08-13,2023-08-13,15.0,,We need to update our billing contact information.
TKT00416,CUST0484,Integration,High,Resolved,2025-02-09,2025-02-09,9.3,,Our API key stopped working after a password reset.
TKT00417,CUST0421,Account Management,Low,In Progress,2023-12-13,2023-12-14,35.7,5.0,We need to update our billing contact information.
TKT00418,CUST0192,Integration,Low,Resolved,2024-09-09,2024-09-12,84.7,3.0,HubSpot integration is duplicating records.
TKT00419,CUST0464,Integration,High,Resolved,2024-05-14,2024-05-14,8.2,,HubSpot integration is duplicating records.
TKT00420,CUST0442,Onboarding,Medium,Resolved,2022-04-02,2022-04-03,29.4,,We need help setting up user roles and permissions.
TKT00421,CUST0003,Billing,High,In Progress,2025-04-20,2025-04-20,9.5,,Can you clarify the pricing for adding more users?
TKT00422,CUST0109,Feature Request,Critical,Resolved,2025-06-04,2025-06-04,5.5,5.0,We need custom date range filters in the reports section.
TKT00423,CUST0302,Integration,Medium,Open,2023-06-13,2023-06-14,26.3,3.0,We need help setting up the webhook for order updates.
TKT00424,CUST0438,Performance,Low,Resolved,2024-06-06,2024-06-08,66.1,,Bulk data export is timing out for large datasets.
TKT00425,CUST0465,Billing,Low,Resolved,2023-03-17,2023-03-20,81.5,,The upgrade price shown in the app is different from what I was charged.
TKT00426,CUST0201,Onboarding,High,Resolved,2024-05-07,2024-05-07,18.4,3.0,We are stuck on the data migration step — need guidance.
TKT00427,CUST0259,Onboarding,High,Resolved,2025-11-06,2025-11-06,4.1,4.0,The setup wizard keeps freezing at Step 3.
TKT00428,CUST0371,Performance,Low,In Progress,2023-08-05,2023-08-09,118.4,3.0,API response times have increased significantly this week.
TKT00429,CUST0223,Integration,Medium,Open,2022-02-08,2022-02-10,69.3,3.0,Our API key stopped working after a password reset.
TKT00430,CUST0009,Performance,Medium,Resolved,2024-04-17,2024-04-18,24.3,3.0,Dashboard charts lag when we have more than 5 filters active.
TKT00431,CUST0024,Technical Issue,High,Resolved,2023-06-26,2023-06-26,21.8,4.0,The dashboard is not loading — getting a 504 error.
TKT00432,CUST0360,Integration,Medium,In Progress,2023-11-10,2023-11-12,64.1,,The Salesforce integration is not syncing contacts properly.
TKT00433,CUST0170,Billing,Critical,Resolved,2025-10-29,2025-10-29,7.0,5.0,The upgrade price shown in the app is different from what I was charged.
TKT00434,CUST0089,Account Management,Medium,Open,2023-09-09,2023-09-10,28.6,5.0,Please help us set up SSO for our organization.
TKT00435,CUST0128,Integration,Medium,Resolved,2025-03-19,2025-03-19,17.8,5.0,The Salesforce integration is not syncing contacts properly.
TKT00436,CUST0101,Feature Request,Medium,In Progress,2023-03-29,2023-03-29,14.0,1.0,We'd love a Slack integration for real-time alerts.
TKT00437,CUST0073,Onboarding,Medium,Resolved,2024-02-12,2024-02-14,51.3,,We need help setting up user roles and permissions.
TKT00438,CUST0001,Account Management,Low,Resolved,2024-10-28,2024-10-31,85.9,,Please help us set up SSO for our organization.
TKT00439,CUST0269,Onboarding,High,Resolved,2022-04-10,2022-04-10,21.6,4.0,Our team hasn't received the onboarding training invite.
TKT00440,CUST0100,Performance,Medium,Resolved,2023-06-04,2023-06-05,32.3,,API response times have increased significantly this week.
TKT00441,CUST0261,Account Management,Medium,Resolved,2023-05-16,2023-05-17,27.7,2.0,Can we change the primary account admin?
TKT00442,CUST0226,Performance,Medium,In Progress,2024-09-03,2024-09-04,36.6,3.0,Dashboard charts lag when we have more than 5 filters active.
TKT00443,CUST0430,Billing,High,Resolved,2023-09-10,2023-09-10,8.2,4.0,The upgrade price shown in the app is different from what I was charged.
TKT00444,CUST0212,Technical Issue,Medium,Resolved,2024-03-14,2024-03-15,25.8,3.0,Notifications are not being delivered to our team emails.
TKT00445,CUST0466,Integration,High,Resolved,2025-05-24,2025-05-24,12.7,4.0,Our API key stopped working after a password reset.
TKT00446,CUST0351,Feature Request,Medium,Resolved,2023-08-08,2023-08-09,41.6,3.0,Would be great to have a mobile app version.
TKT00447,CUST0098,Onboarding,Medium,Resolved,2023-06-04,2023-06-06,69.0,2.0,Can someone walk us through connecting our CRM?
TKT00448,CUST0215,Integration,Medium,Resolved,2022-02-21,2022-02-22,29.8,,We need help setting up the webhook for order updates.
TKT00449,CUST0182,Billing,Medium,Resolved,2024-06-30,2024-06-30,22.0,,I was charged twice this month for my subscription.
TKT00450,CUST0242,Account Management,Low,Resolved,2023-03-02,2023-03-03,28.3,3.0,We need to add 10 more user seats to our plan.
TKT00451,CUST0143,Performance,Low,Open,2024-04-17,2024-04-20,81.3,2.0,The platform is very slow during peak hours (9-11am EST).
TKT00452,CUST0370,Feature Request,Medium,Resolved,2024-12-11,2024-12-12,47.3,5.0,We need custom date range filters in the reports section.
TKT00453,CUST0176,Technical Issue,High,In Progress,2025-10-18,2025-10-18,4.9,3.0,The dashboard is not loading — getting a 504 error.
TKT00454,CUST0019,Feature Request,Medium,In Progress,2025-03-14,2025-03-15,37.5,,Can you add a bulk user import via CSV?
TKT00455,CUST0300,Account Management,Medium,Resolved,2024-05-13,2024-05-13,11.1,5.0,We need to update our billing contact information.
TKT00456,CUST0377,Onboarding,High,Resolved,2022-06-14,2022-06-14,3.9,,The setup wizard keeps freezing at Step 3.
TKT00457,CUST0384,Onboarding,High,Resolved,2023-07-21,2023-07-21,17.3,,The setup wizard keeps freezing at Step 3.
TKT00458,CUST0218,Billing,Medium,Open,2025-08-19,2025-08-20,24.3,3.0,Requesting a refund for unused seats on our plan.
TKT00459,CUST0376,Integration,Medium,In Progress,2025-10-06,2025-10-07,34.0,4.0,HubSpot integration is duplicating records.
TKT00460,CUST0363,Integration,Low,Resolved,2024-02-03,2024-02-08,120.4,3.0,HubSpot integration is duplicating records.
TKT00461,CUST0009,Integration,Medium,Resolved,2022-05-19,2022-05-19,19.0,,Zapier connection keeps timing out.
TKT00462,CUST0002,Performance,Low,Resolved,2025-12-13,2025-12-14,37.4,4.0,Reports are taking over 2 minutes to load.
TKT00463,CUST0430,Onboarding,Medium,Resolved,2025-06-30,2025-07-01,29.4,,Our team hasn't received the onboarding training invite.
TKT00464,CUST0029,Feature Request,Low,Resolved,2022-06-30,2022-07-02,62.3,4.0,We need custom date range filters in the reports section.
TKT00465,CUST0445,Technical Issue,Low,Resolved,2025-04-24,2025-04-29,134.9,,Notifications are not being delivered to our team emails.
TKT00466,CUST0134,Onboarding,Low,Resolved,2023-09-12,2023-09-15,83.6,,The setup wizard keeps freezing at Step 3.
TKT00467,CUST0145,Billing,Low,In Progress,2025-10-08,2025-10-10,57.6,4.0,My invoice doesn't match the amount on my credit card.
TKT00468,CUST0043,Integration,High,In Progress,2025-10-28,2025-10-28,17.4,4.0,Our API key stopped working after a password reset.
TKT00469,CUST0443,Onboarding,Medium,Resolved,2022-07-15,2022-07-15,16.2,4.0,We are stuck on the data migration step — need guidance.
TKT00470,CUST0097,Billing,Low,Open,2024-11-18,2024-11-20,50.9,,The upgrade price shown in the app is different from what I was charged.
TKT00471,CUST0274,Account Management,Low,Resolved,2023-03-07,2023-03-10,92.5,5.0,We'd like to upgrade from Growth to Enterprise plan.
TKT00472,CUST0356,Billing,Medium,In Progress,2025-05-18,2025-05-18,21.1,5.0,I was charged twice this month for my subscription.
TKT00473,CUST0268,Feature Request,Medium,Escalated,2025-10-19,2025-10-20,39.7,,Can you add a bulk user import via CSV?
TKT00474,CUST0284,Onboarding,Medium,Resolved,2024-11-28,2024-11-30,66.5,1.0,Can someone walk us through connecting our CRM?
TKT00475,CUST0389,Integration,Low,Resolved,2025-01-06,2025-01-07,38.8,5.0,Zapier connection keeps timing out.
TKT00476,CUST0391,Integration,Low,In Progress,2022-03-26,2022-03-31,122.8,1.0,Our API key stopped working after a password reset.
TKT00477,CUST0097,Feature Request,Low,Resolved,2025-05-27,2025-05-30,94.7,,Can you add a bulk user import via CSV?
TKT00478,CUST0312,Feature Request,Medium,Resolved,2023-05-11,2023-05-12,47.1,5.0,We'd love a Slack integration for real-time alerts.
TKT00479,CUST0264,Feature Request,Low,Resolved,2023-01-31,2023-02-01,45.3,4.0,We need custom date range filters in the reports section.
TKT00480,CUST0128,Billing,Medium,Escalated,2025-08-06,2025-08-06,22.3,,I was charged twice this month for my subscription.
TKT00481,CUST0165,Technical Issue,Low,Resolved,2022-05-01,2022-05-04,82.2,,Login page throws an error when using SSO.
TKT00482,CUST0046,Performance,Medium,Resolved,2022-04-08,2022-04-09,32.7,4.0,Bulk data export is timing out for large datasets.
TKT00483,CUST0156,Performance,High,Resolved,2023-10-17,2023-10-17,12.0,5.0,Dashboard charts lag when we have more than 5 filters active.
TKT00484,CUST0410,Feature Request,Medium,Resolved,2023-09-14,2023-09-14,12.8,3.0,Would be great to have a mobile app version.
TKT00485,CUST0073,Onboarding,High,Resolved,2025-05-09,2025-05-09,12.6,,Can someone walk us through connecting our CRM?
TKT00486,CUST0043,Integration,High,Escalated,2022-07-30,2022-07-30,2.5,5.0,We need help setting up the webhook for order updates.
TKT00487,CUST0195,Performance,Medium,Resolved,2022-02-05,2022-02-05,10.4,5.0,API response times have increased significantly this week.
TKT00488,CUST0082,Performance,Low,In Progress,2022-09-10,2022-09-12,53.1,,API response times have increased significantly this week.
TKT00489,CUST0078,Performance,Low,In Progress,2024-10-19,2024-10-21,49.6,3.0,Dashboard charts lag when we have more than 5 filters active.
TKT00490,CUST0292,Account Management,Medium,Resolved,2022-10-27,2022-10-27,14.8,,We'd like to upgrade from Growth to Enterprise plan.
TKT00491,CUST0410,Performance,Low,Resolved,2022-01-08,2022-01-09,24.8,3.0,Bulk data export is timing out for large datasets.
TKT00492,CUST0390,Technical Issue,Medium,Resolved,2024-07-22,2024-07-22,15.9,,Our data sync stopped working after the last update.
TKT00493,CUST0492,Performance,Medium,Resolved,2023-07-02,2023-07-03,30.4,5.0,The platform is very slow during peak hours (9-11am EST).
TKT00494,CUST0098,Integration,Medium,Resolved,2022-09-08,2022-09-08,22.1,3.0,Our API key stopped working after a password reset.
TKT00495,CUST0368,Account Management,Low,Open,2025-10-18,2025-10-21,95.7,5.0,We need to add 10 more user seats to our plan.
TKT00496,CUST0076,Performance,High,Resolved,2024-03-29,2024-03-29,3.8,3.0,API response times have increased significantly this week.
TKT00497,CUST0406,Account Management,Low,Resolved,2022-01-27,2022-01-29,54.1,4.0,Please help us set up SSO for our organization.
TKT00498,CUST0489,Account Management,Medium,Resolved,2025-05-28,2025-05-29,46.6,,We need to update our billing contact information.
TKT00499,CUST0446,Billing,Medium,Resolved,2025-04-11,2025-04-12,28.2,5.0,Requesting a refund for unused seats on our plan.
TKT00500,CUST0049,Onboarding,Medium,Resolved,2023-12-27,2023-12-28,25.3,,We need help setting up user roles and permissions.
TKT00501,CUST0272,Integration,High,Resolved,2024-06-25,2024-06-25,18.0,4.0,HubSpot integration is duplicating records.
TKT00502,CUST0122,Billing,Low,In Progress,2025-09-11,2025-09-14,93.0,3.0,My invoice doesn't match the amount on my credit card.
TKT00503,CUST0012,Billing,Critical,Resolved,2023-02-01,2023-02-01,4.9,,Requesting a refund for unused seats on our plan.
TKT00504,CUST0302,Feature Request,Medium,Resolved,2024-07-04,2024-07-05,44.1,,Would be great to have a mobile app version.
TKT00505,CUST0110,Integration,Low,Resolved,2023-11-06,2023-11-07,32.7,4.0,HubSpot integration is duplicating records.
TKT00506,CUST0392,Feature Request,Medium,Resolved,2025-02-21,2025-02-21,14.7,4.0,Please add a dark mode option to the dashboard.
TKT00507,CUST0365,Account Management,Low,Resolved,2024-07-30,2024-08-02,82.2,4.0,Can we change the primary account admin?
TKT00508,CUST0066,Integration,Low,Resolved,2024-01-05,2024-01-08,87.6,4.0,We need help setting up the webhook for order updates.
TKT00509,CUST0029,Account Management,Medium,In Progress,2023-03-29,2023-03-29,13.0,4.0,We need to add 10 more user seats to our plan.
TKT00510,CUST0131,Account Management,Medium,Resolved,2024-11-24,2024-11-25,38.7,4.0,We'd like to upgrade from Growth to Enterprise plan.
TKT00511,CUST0339,Technical Issue,Medium,Resolved,2022-12-08,2022-12-08,22.7,5.0,Notifications are not being delivered to our team emails.
TKT00512,CUST0447,Technical Issue,Medium,Resolved,2022-12-04,2022-12-06,58.7,1.0,Notifications are not being delivered to our team emails.
TKT00513,CUST0126,Feature Request,Low,Open,2024-06-13,2024-06-18,141.9,4.0,Would be great to have a mobile app version.
TKT00514,CUST0349,Account Management,Medium,Resolved,2024-04-18,2024-04-20,53.7,4.0,We'd like to upgrade from Growth to Enterprise plan.
TKT00515,CUST0283,Technical Issue,Medium,Resolved,2023-07-05,2023-07-07,59.8,4.0,Export to CSV is producing empty files.
TKT00516,CUST0119,Feature Request,Medium,Resolved,2022-06-16,2022-06-17,45.5,4.0,Please add a dark mode option to the dashboard.
TKT00517,CUST0082,Integration,Medium,Escalated,2024-09-27,2024-09-27,19.0,4.0,The Salesforce integration is not syncing contacts properly.
TKT00518,CUST0033,Performance,Medium,Resolved,2024-12-14,2024-12-14,23.4,3.0,Dashboard charts lag when we have more than 5 filters active.
TKT00519,CUST0390,Billing,High,Resolved,2025-08-28,2025-08-28,7.3,4.0,The upgrade price shown in the app is different from what I was charged.
TKT00520,CUST0115,Feature Request,Medium,Open,2023-12-30,2023-12-31,39.5,,Please add a dark mode option to the dashboard.
TKT00521,CUST0224,Feature Request,High,In Progress,2025-06-06,2025-06-06,10.9,4.0,Can you add a bulk user import via CSV?
TKT00522,CUST0005,Account Management,Low,In Progress,2023-02-28,2023-03-02,49.3,3.0,We need to add 10 more user seats to our plan.
TKT00523,CUST0203,Account Management,Low,Resolved,2022-03-19,2022-03-21,48.3,4.0,Can we change the primary account admin?
TKT00524,CUST0144,Technical Issue,Low,Open,2023-07-30,2023-08-02,78.7,3.0,Export to CSV is producing empty files.
TKT00525,CUST0308,Technical Issue,Medium,Resolved,2024-04-20,2024-04-21,30.1,5.0,Export to CSV is producing empty files.
TKT00526,CUST0356,Billing,Critical,Open,2025-07-21,2025-07-21,7.1,4.0,I was charged twice this month for my subscription.
TKT00527,CUST0101,Feature Request,Medium,Open,2022-05-28,2022-05-30,66.5,2.0,We need custom date range filters in the reports section.
TKT00528,CUST0192,Account Management,High,Resolved,2024-03-28,2024-03-28,10.8,3.0,We'd like to upgrade from Growth to Enterprise plan.
TKT00529,CUST0140,Onboarding,High,Resolved,2023-12-08,2023-12-08,11.8,,Can someone walk us through connecting our CRM?
TKT00530,CUST0456,Onboarding,Medium,Resolved,2023-07-02,2023-07-05,72.4,4.0,Our team hasn't received the onboarding training invite.
TKT00531,CUST0025,Performance,Medium,Resolved,2023-02-27,2023-02-27,23.8,4.0,API response times have increased significantly this week.
TKT00532,CUST0055,Integration,Medium,Open,2025-12-26,2025-12-27,29.2,4.0,We need help setting up the webhook for order updates.
TKT00533,CUST0474,Performance,Low,In Progress,2024-10-23,2024-10-26,80.4,,Reports are taking over 2 minutes to load.
TKT00534,CUST0487,Feature Request,Critical,In Progress,2025-08-22,2025-08-22,6.9,,Can you add a bulk user import via CSV?
TKT00535,CUST0345,Onboarding,Medium,Resolved,2023-10-18,2023-10-19,47.9,,Our team hasn't received the onboarding training invite.
TKT00536,CUST0214,Feature Request,Low,Open,2025-05-28,2025-05-31,81.1,3.0,Please add a dark mode option to the dashboard.
TKT00537,CUST0002,Onboarding,Medium,Resolved,2022-02-15,2022-02-16,41.2,3.0,We need help setting up user roles and permissions.
TKT00538,CUST0481,Billing,Medium,Resolved,2022-05-13,2022-05-14,26.2,3.0,My invoice doesn't match the amount on my credit card.
TKT00539,CUST0353,Feature Request,Low,Resolved,2023-09-21,2023-09-23,67.5,,Can you add a bulk user import via CSV?
TKT00540,CUST0220,Feature Request,Medium,Open,2022-12-31,2023-01-01,28.8,3.0,Would be great to have a mobile app version.
TKT00541,CUST0173,Performance,Medium,Resolved,2023-07-12,2023-07-13,25.6,4.0,Bulk data export is timing out for large datasets.
TKT00542,CUST0019,Onboarding,Low,Resolved,2023-10-30,2023-10-31,45.8,5.0,Our team hasn't received the onboarding training invite.
TKT00543,CUST0157,Technical Issue,Critical,In Progress,2024-06-03,2024-06-03,7.6,1.0,Export to CSV is producing empty files.
TKT00544,CUST0410,Integration,Low,In Progress,2022-10-16,2022-10-19,76.3,4.0,HubSpot integration is duplicating records.
TKT00545,CUST0028,Onboarding,Medium,Resolved,2025-11-22,2025-11-22,17.6,4.0,Our team hasn't received the onboarding training invite.
TKT00546,CUST0238,Onboarding,Low,Resolved,2022-04-15,2022-04-17,71.8,,The setup wizard keeps freezing at Step 3.
TKT00547,CUST0237,Onboarding,High,In Progress,2023-08-13,2023-08-14,24.8,,We are stuck on the data migration step — need guidance.
TKT00548,CUST0338,Feature Request,Medium,Escalated,2024-09-17,2024-09-17,13.3,4.0,We need custom date range filters in the reports section.
TKT00549,CUST0173,Onboarding,Low,Resolved,2023-04-03,2023-04-05,48.7,5.0,Can someone walk us through connecting our CRM?
TKT00550,CUST0202,Integration,Medium,Resolved,2025-08-21,2025-08-21,23.0,,Our API key stopped working after a password reset.
TKT00551,CUST0441,Technical Issue,Medium,Open,2024-02-03,2024-02-04,35.2,,Notifications are not being delivered to our team emails.
TKT00552,CUST0429,Feature Request,Medium,Resolved,2025-05-09,2025-05-09,20.1,5.0,We'd love a Slack integration for real-time alerts.
TKT00553,CUST0207,Billing,Low,Open,2024-12-23,2024-12-26,79.7,,I was charged twice this month for my subscription.
TKT00554,CUST0211,Technical Issue,Low,Resolved,2025-09-03,2025-09-06,80.7,4.0,The dashboard is not loading — getting a 504 error.
TKT00555,CUST0239,Billing,Low,Open,2025-04-29,2025-05-05,153.3,1.0,Requesting a refund for unused seats on our plan.
TKT00556,CUST0253,Performance,Medium,Resolved,2025-11-21,2025-11-22,28.5,,API response times have increased significantly this week.
TKT00557,CUST0164,Integration,Medium,Resolved,2022-03-27,2022-03-28,28.7,,Our API key stopped working after a password reset.
TKT00558,CUST0393,Onboarding,Low,Resolved,2024-08-03,2024-08-04,25.8,4.0,We are stuck on the data migration step — need guidance.
TKT00559,CUST0236,Feature Request,Medium,Resolved,2022-03-05,2022-03-06,34.4,,We'd love a Slack integration for real-time alerts.
TKT00560,CUST0019,Onboarding,Medium,Resolved,2025-08-16,2025-08-16,18.8,,We need help setting up user roles and permissions.
TKT00561,CUST0306,Technical Issue,High,Resolved,2023-10-03,2023-10-03,8.9,,Our data sync stopped working after the last update.
TKT00562,CUST0409,Feature Request,Medium,Resolved,2023-04-30,2023-05-01,34.6,5.0,We need custom date range filters in the reports section.
TKT00563,CUST0347,Technical Issue,Medium,In Progress,2023-02-10,2023-02-11,39.6,3.0,Export to CSV is producing empty files.
TKT00564,CUST0408,Feature Request,Medium,Resolved,2025-05-02,2025-05-03,24.3,4.0,Can you add a bulk user import via CSV?
TKT00565,CUST0276,Technical Issue,Low,In Progress,2022-06-24,2022-06-27,93.6,,Export to CSV is producing empty files.
TKT00566,CUST0386,Technical Issue,Medium,In Progress,2022-06-02,2022-06-02,18.9,,Login page throws an error when using SSO.
TKT00567,CUST0159,Technical Issue,Medium,In Progress,2023-09-27,2023-09-28,47.0,,Login page throws an error when using SSO.
TKT00568,CUST0473,Technical Issue,Medium,Escalated,2025-12-29,2025-12-30,38.9,4.0,The dashboard is not loading — getting a 504 error.
TKT00569,CUST0138,Integration,Critical,In Progress,2023-02-06,2023-02-06,9.5,1.0,The Salesforce integration is not syncing contacts properly.
TKT00570,CUST0345,Performance,Low,In Progress,2024-01-16,2024-01-21,127.6,3.0,API response times have increased significantly this week.
TKT00571,CUST0200,Account Management,Low,In Progress,2022-12-23,2022-12-29,150.6,4.0,Can we change the primary account admin?
TKT00572,CUST0242,Account Management,Medium,In Progress,2023-06-26,2023-06-27,36.3,3.0,We need to update our billing contact information.
TKT00573,CUST0268,Onboarding,Medium,Escalated,2025-04-09,2025-04-09,12.1,5.0,Our team hasn't received the onboarding training invite.
TKT00574,CUST0408,Account Management,Low,In Progress,2023-06-25,2023-06-27,69.1,,Can we change the primary account admin?
TKT00575,CUST0043,Billing,Medium,In Progress,2025-08-07,2025-08-08,29.9,3.0,Requesting a refund for unused seats on our plan.
TKT00576,CUST0443,Feature Request,Medium,Resolved,2023-10-15,2023-10-16,26.1,,Please add a dark mode option to the dashboard.
TKT00577,CUST0191,Performance,Low,Resolved,2024-02-07,2024-02-10,73.4,4.0,Reports are taking over 2 minutes to load.
TKT00578,CUST0050,Account Management,High,Resolved,2024-12-26,2024-12-26,16.6,5.0,We'd like to upgrade from Growth to Enterprise plan.
TKT00579,CUST0196,Onboarding,Low,Resolved,2022-02-07,2022-02-10,73.5,,Our team hasn't received the onboarding training invite.
TKT00580,CUST0332,Performance,Medium,Resolved,2025-11-14,2025-11-15,31.7,5.0,Dashboard charts lag when we have more than 5 filters active.
TKT00581,CUST0400,Billing,Medium,Resolved,2023-07-27,2023-07-28,42.5,4.0,The upgrade price shown in the app is different from what I was charged.
TKT00582,CUST0085,Billing,High,Resolved,2023-06-19,2023-06-19,16.6,,My invoice doesn't match the amount on my credit card.
TKT00583,CUST0500,Billing,High,In Progress,2022-08-16,2022-08-16,6.1,,My invoice doesn't match the amount on my credit card.
TKT00584,CUST0006,Technical Issue,Low,In Progress,2024-09-13,2024-09-18,139.6,3.0,Login page throws an error when using SSO.
TKT00585,CUST0024,Performance,Medium,Resolved,2024-05-13,2024-05-14,34.5,3.0,API response times have increased significantly this week.
TKT00586,CUST0239,Onboarding,Low,Resolved,2025-05-21,2025-05-24,81.4,4.0,We are stuck on the data migration step — need guidance.
TKT00587,CUST0095,Billing,Medium,Resolved,2022-03-27,2022-03-28,30.8,4.0,Can you clarify the pricing for adding more users?
TKT00588,CUST0154,Billing,Medium,Resolved,2025-03-22,2025-03-22,16.9,,My invoice doesn't match the amount on my credit card.
TKT00589,CUST0153,Performance,Medium,Resolved,2024-03-31,2024-03-31,18.3,4.0,Reports are taking over 2 minutes to load.
TKT00590,CUST0043,Onboarding,Low,Open,2025-11-03,2025-11-06,78.2,3.0,Can someone walk us through connecting our CRM?
TKT00591,CUST0129,Account Management,High,Resolved,2022-03-09,2022-03-10,37.2,4.0,We need to add 10 more user seats to our plan.
TKT00592,CUST0067,Feature Request,High,Resolved,2022-08-23,2022-08-23,17.5,5.0,We'd love a Slack integration for real-time alerts.
TKT00593,CUST0036,Performance,High,Resolved,2025-02-18,2025-02-18,23.4,,API response times have increased significantly this week.
TKT00594,CUST0201,Onboarding,Critical,In Progress,2024-08-04,2024-08-04,4.7,,The setup wizard keeps freezing at Step 3.
TKT00595,CUST0035,Integration,Low,Resolved,2024-03-26,2024-03-29,76.5,4.0,Zapier connection keeps timing out.
TKT00596,CUST0002,Technical Issue,Low,Open,2024-05-17,2024-05-19,65.1,3.0,Notifications are not being delivered to our team emails.
TKT00597,CUST0234,Feature Request,High,Resolved,2024-11-19,2024-11-19,2.2,5.0,Can you add a bulk user import via CSV?
TKT00598,CUST0189,Integration,Low,Resolved,2024-10-28,2024-10-31,83.6,,HubSpot integration is duplicating records.
TKT00599,CUST0003,Onboarding,Medium,Resolved,2023-05-06,2023-05-07,43.4,3.0,Can someone walk us through connecting our CRM?
TKT00600,CUST0471,Feature Request,Medium,In Progress,2023-03-22,2023-03-23,38.9,3.0,We'd love a Slack integration for real-time alerts.
TKT00601,CUST0377,Billing,Medium,Resolved,2022-07-01,2022-07-01,14.0,3.0,I was charged twice this month for my subscription.
TKT00602,CUST0189,Integration,Critical,Resolved,2025-04-08,2025-04-08,5.9,3.0,Zapier connection keeps timing out.
TKT00603,CUST0389,Account Management,Medium,Resolved,2022-07-24,2022-07-25,27.7,4.0,We need to add 10 more user seats to our plan.
TKT00604,CUST0177,Onboarding,Medium,In Progress,2022-04-27,2022-04-28,43.7,3.0,The setup wizard keeps freezing at Step 3.
TKT00605,CUST0358,Onboarding,Low,Open,2022-07-10,2022-07-13,93.3,,Our team hasn't received the onboarding training invite.
TKT00606,CUST0324,Integration,Medium,Open,2023-03-04,2023-03-04,17.6,4.0,The Salesforce integration is not syncing contacts properly.
TKT00607,CUST0233,Account Management,High,Resolved,2024-07-25,2024-07-25,12.2,3.0,We need to add 10 more user seats to our plan.
TKT00608,CUST0115,Feature Request,Medium,Resolved,2025-09-05,2025-09-06,41.7,5.0,We need custom date range filters in the reports section.
TKT00609,CUST0343,Account Management,Low,Resolved,2022-06-13,2022-06-15,70.0,3.0,We need to add 10 more user seats to our plan.
TKT00610,CUST0091,Feature Request,Medium,In Progress,2024-05-10,2024-05-11,37.9,4.0,Please add a dark mode option to the dashboard.
TKT00611,CUST0256,Feature Request,Critical,Resolved,2023-11-28,2023-11-28,1.8,,Would be great to have a mobile app version.
TKT00612,CUST0274,Account Management,Low,In Progress,2023-09-14,2023-09-17,74.5,5.0,Can we change the primary account admin?
TKT00613,CUST0278,Billing,Critical,Resolved,2024-03-03,2024-03-03,1.8,3.0,My invoice doesn't match the amount on my credit card.
TKT00614,CUST0233,Integration,High,In Progress,2025-04-10,2025-04-10,21.6,5.0,Our API key stopped working after a password reset.
TKT00615,CUST0212,Account Management,Low,Resolved,2022-08-09,2022-08-10,27.7,5.0,Please help us set up SSO for our organization.
TKT00616,CUST0452,Onboarding,Medium,Resolved,2025-10-11,2025-10-13,60.4,4.0,Our team hasn't received the onboarding training invite.
TKT00617,CUST0405,Onboarding,Low,Resolved,2024-03-04,2024-03-08,117.1,,We need help setting up user roles and permissions.
TKT00618,CUST0483,Performance,Low,Resolved,2023-02-21,2023-02-23,65.8,4.0,Dashboard charts lag when we have more than 5 filters active.
TKT00619,CUST0179,Performance,Medium,In Progress,2024-06-07,2024-06-07,23.2,5.0,The platform is very slow during peak hours (9-11am EST).
TKT00620,CUST0489,Performance,Medium,Resolved,2024-04-15,2024-04-15,10.7,4.0,API response times have increased significantly this week.
TKT00621,CUST0320,Account Management,High,Resolved,2024-06-21,2024-06-22,34.5,3.0,Please help us set up SSO for our organization.
TKT00622,CUST0335,Technical Issue,Medium,Resolved,2024-04-12,2024-04-12,13.8,,Login page throws an error when using SSO.
TKT00623,CUST0451,Performance,High,Open,2024-06-28,2024-06-28,3.5,3.0,Dashboard charts lag when we have more than 5 filters active.
TKT00624,CUST0184,Billing,Low,Resolved,2025-05-07,2025-05-09,54.2,,I was charged twice this month for my subscription.
TKT00625,CUST0496,Performance,High,Resolved,2023-08-12,2023-08-12,6.4,,The platform is very slow during peak hours (9-11am EST).
TKT00626,CUST0074,Technical Issue,Medium,In Progress,2023-04-16,2023-04-16,18.1,4.0,The dashboard is not loading — getting a 504 error.
TKT00627,CUST0488,Onboarding,Medium,Resolved,2023-06-14,2023-06-15,36.3,3.0,Can someone walk us through connecting our CRM?
TKT00628,CUST0336,Technical Issue,Low,Resolved,2024-06-15,2024-06-17,62.7,3.0,Notifications are not being delivered to our team emails.
TKT00629,CUST0070,Integration,Medium,In Progress,2024-09-14,2024-09-15,36.6,,We need help setting up the webhook for order updates.
TKT00630,CUST0136,Feature Request,Medium,Resolved,2025-02-12,2025-02-12,21.5,4.0,Can you add a bulk user import via CSV?
TKT00631,CUST0493,Integration,Medium,Resolved,2024-12-01,2024-12-03,62.9,,Our API key stopped working after a password reset.
TKT00632,CUST0160,Technical Issue,Medium,Escalated,2022-01-14,2022-01-14,21.0,4.0,Export to CSV is producing empty files.
TKT00633,CUST0187,Feature Request,High,Resolved,2024-09-09,2024-09-09,14.3,4.0,Would be great to have a mobile app version.
TKT00634,CUST0492,Onboarding,Medium,Escalated,2022-02-26,2022-02-27,35.1,,We need help setting up user roles and permissions.
TKT00635,CUST0087,Billing,Low,Resolved,2022-06-03,2022-06-06,90.0,,I was charged twice this month for my subscription.
TKT00636,CUST0368,Feature Request,Medium,Resolved,2024-04-29,2024-04-30,44.9,5.0,Can you add a bulk user import via CSV?
TKT00637,CUST0242,Integration,Medium,In Progress,2024-09-18,2024-09-18,14.4,4.0,Zapier connection keeps timing out.
TKT00638,CUST0359,Billing,Low,Resolved,2022-11-19,2022-11-24,131.2,4.0,My invoice doesn't match the amount on my credit card.
TKT00639,CUST0058,Onboarding,High,Resolved,2025-03-28,2025-03-28,10.6,4.0,We are stuck on the data migration step — need guidance.
TKT00640,CUST0390,Technical Issue,Medium,Resolved,2024-11-03,2024-11-03,13.2,,Export to CSV is producing empty files.
TKT00641,CUST0022,Technical Issue,Medium,Resolved,2023-10-02,2023-10-02,21.5,,The dashboard is not loading — getting a 504 error.
TKT00642,CUST0082,Performance,Medium,Resolved,2022-01-08,2022-01-08,11.3,4.0,Bulk data export is timing out for large datasets.
TKT00643,CUST0140,Billing,Medium,Resolved,2024-12-21,2024-12-22,44.7,,I was charged twice this month for my subscription.
TKT00644,CUST0455,Feature Request,Medium,Open,2022-09-27,2022-09-28,43.0,5.0,We'd love a Slack integration for real-time alerts.
TKT00645,CUST0183,Technical Issue,Medium,In Progress,2025-10-25,2025-10-26,30.8,,Our data sync stopped working after the last update.
TKT00646,CUST0118,Account Management,Medium,Open,2022-04-24,2022-04-25,27.3,4.0,We'd like to upgrade from Growth to Enterprise plan.
TKT00647,CUST0478,Account Management,Low,In Progress,2022-01-28,2022-01-30,65.2,4.0,Can we change the primary account admin?
TKT00648,CUST0353,Integration,Low,Open,2024-12-31,2025-01-03,74.9,,The Salesforce integration is not syncing contacts properly.
TKT00649,CUST0443,Feature Request,Medium,Resolved,2025-05-02,2025-05-02,14.1,,We need custom date range filters in the reports section.
TKT00650,CUST0380,Performance,Medium,Resolved,2024-10-21,2024-10-22,36.1,4.0,Reports are taking over 2 minutes to load.
TKT00651,CUST0023,Performance,Low,Resolved,2024-06-04,2024-06-06,59.7,4.0,The platform is very slow during peak hours (9-11am EST).
TKT00652,CUST0067,Feature Request,Low,Open,2022-09-25,2022-09-26,27.3,3.0,Would be great to have a mobile app version.
TKT00653,CUST0181,Technical Issue,Low,Resolved,2025-12-14,2025-12-15,34.8,3.0,Export to CSV is producing empty files.
TKT00654,CUST0436,Technical Issue,High,Resolved,2025-04-14,2025-04-14,9.5,,The dashboard is not loading — getting a 504 error.
TKT00655,CUST0494,Performance,High,In Progress,2023-10-23,2023-10-23,19.8,,The platform is very slow during peak hours (9-11am EST).
TKT00656,CUST0331,Onboarding,Low,Resolved,2025-05-16,2025-05-17,35.9,,Can someone walk us through connecting our CRM?
TKT00657,CUST0480,Onboarding,Medium,Resolved,2022-08-15,2022-08-18,76.5,2.0,The setup wizard keeps freezing at Step 3.
TKT00658,CUST0240,Account Management,Low,Resolved,2024-04-23,2024-04-24,35.4,,We need to update our billing contact information.
TKT00659,CUST0474,Integration,Low,Resolved,2022-05-24,2022-05-26,58.9,4.0,We need help setting up the webhook for order updates.
TKT00660,CUST0474,Performance,Medium,Resolved,2024-08-02,2024-08-03,43.5,3.0,Bulk data export is timing out for large datasets.
TKT00661,CUST0157,Technical Issue,Medium,Resolved,2023-12-03,2023-12-05,67.8,4.0,Notifications are not being delivered to our team emails.
TKT00662,CUST0310,Account Management,Medium,Resolved,2024-09-02,2024-09-02,12.4,5.0,We'd like to upgrade from Growth to Enterprise plan.
TKT00663,CUST0266,Account Management,Medium,Open,2022-03-30,2022-03-31,41.4,5.0,We need to add 10 more user seats to our plan.
TKT00664,CUST0116,Feature Request,High,Resolved,2025-08-18,2025-08-18,2.4,,Please add a dark mode option to the dashboard.
TKT00665,CUST0443,Onboarding,Critical,Resolved,2025-07-07,2025-07-07,1.2,,The setup wizard keeps freezing at Step 3.
TKT00666,CUST0034,Onboarding,Medium,Resolved,2024-09-16,2024-09-17,27.4,3.0,Our team hasn't received the onboarding training invite.
TKT00667,CUST0356,Account Management,Critical,In Progress,2022-10-11,2022-10-11,1.9,,Can we change the primary account admin?
TKT00668,CUST0114,Onboarding,High,In Progress,2023-04-18,2023-04-18,3.2,5.0,The setup wizard keeps freezing at Step 3.
TKT00669,CUST0323,Billing,High,Open,2025-10-22,2025-10-22,9.3,3.0,I was charged twice this month for my subscription.
TKT00670,CUST0095,Account Management,Low,Resolved,2023-09-29,2023-10-04,143.4,,We'd like to upgrade from Growth to Enterprise plan.
TKT00671,CUST0497,Account Management,Low,Open,2022-01-24,2022-01-28,111.5,2.0,We need to update our billing contact information.
TKT00672,CUST0112,Feature Request,Medium,Resolved,2023-07-13,2023-07-14,25.9,3.0,Would be great to have a mobile app version.
TKT00673,CUST0125,Account Management,High,In Progress,2025-08-18,2025-08-18,18.8,5.0,Please help us set up SSO for our organization.
TKT00674,CUST0247,Account Management,Medium,Resolved,2022-06-18,2022-06-19,47.3,,We need to update our billing contact information.
TKT00675,CUST0087,Technical Issue,Medium,Resolved,2022-12-01,2022-12-02,37.7,3.0,Login page throws an error when using SSO.
TKT00676,CUST0022,Performance,Low,Resolved,2025-05-24,2025-05-26,64.5,5.0,Reports are taking over 2 minutes to load.
TKT00677,CUST0432,Onboarding,Medium,Resolved,2025-08-13,2025-08-13,20.5,,We need help setting up user roles and permissions.
TKT00678,CUST0432,Performance,Medium,Resolved,2023-10-14,2023-10-14,18.4,5.0,Bulk data export is timing out for large datasets.
TKT00679,CUST0128,Billing,Medium,Open,2024-10-06,2024-10-07,31.9,5.0,I was charged twice this month for my subscription.
TKT00680,CUST0227,Feature Request,High,Resolved,2023-07-03,2023-07-03,22.8,,Can you add a bulk user import via CSV?
TKT00681,CUST0119,Performance,Medium,In Progress,2025-04-18,2025-04-18,8.8,3.0,API response times have increased significantly this week.
TKT00682,CUST0406,Performance,Medium,Resolved,2024-11-17,2024-11-18,26.8,4.0,Dashboard charts lag when we have more than 5 filters active.
TKT00683,CUST0424,Account Management,High,Resolved,2022-07-21,2022-07-21,21.6,,Please help us set up SSO for our organization.
TKT00684,CUST0175,Technical Issue,Medium,Resolved,2025-10-23,2025-10-23,16.3,,Our data sync stopped working after the last update.
TKT00685,CUST0052,Account Management,Low,Resolved,2023-08-24,2023-08-27,78.6,3.0,We need to update our billing contact information.
TKT00686,CUST0098,Performance,High,Resolved,2022-11-19,2022-11-19,5.1,,Reports are taking over 2 minutes to load.
TKT00687,CUST0038,Onboarding,Low,Open,2023-05-25,2023-05-30,133.0,1.0,Can someone walk us through connecting our CRM?
TKT00688,CUST0188,Feature Request,Medium,Resolved,2024-10-18,2024-10-18,10.2,4.0,We'd love a Slack integration for real-time alerts.
TKT00689,CUST0078,Performance,High,Resolved,2025-10-14,2025-10-14,8.6,4.0,Reports are taking over 2 minutes to load.
TKT00690,CUST0318,Technical Issue,Medium,Resolved,2024-02-02,2024-02-03,42.2,,Our data sync stopped working after the last update.
TKT00691,CUST0417,Billing,High,In Progress,2024-11-24,2024-11-24,3.7,,My invoice doesn't match the amount on my credit card.
TKT00692,CUST0376,Feature Request,High,Resolved,2023-12-17,2023-12-17,17.7,,Please add a dark mode option to the dashboard.
TKT00693,CUST0131,Account Management,Critical,In Progress,2025-06-16,2025-06-16,9.6,3.0,Please help us set up SSO for our organization.
TKT00694,CUST0161,Feature Request,Medium,Escalated,2022-09-06,2022-09-07,43.8,3.0,Can you add a bulk user import via CSV?
TKT00695,CUST0324,Performance,Low,Resolved,2023-07-23,2023-07-25,53.5,,Dashboard charts lag when we have more than 5 filters active.
TKT00696,CUST0211,Technical Issue,High,In Progress,2022-06-02,2022-06-02,16.8,5.0,Export to CSV is producing empty files.
TKT00697,CUST0367,Onboarding,Low,In Progress,2022-09-27,2022-09-28,24.7,4.0,Can someone walk us through connecting our CRM?
TKT00698,CUST0161,Billing,Low,In Progress,2022-04-23,2022-04-24,46.6,4.0,Can you clarify the pricing for adding more users?
TKT00699,CUST0342,Performance,Medium,Resolved,2024-07-01,2024-07-02,26.4,,The platform is very slow during peak hours (9-11am EST).
TKT00700,CUST0355,Onboarding,Low,Resolved,2024-10-31,2024-11-01,43.2,1.0,We are stuck on the data migration step — need guidance.
TKT00701,CUST0470,Feature Request,High,Resolved,2024-05-05,2024-05-05,18.1,5.0,Can you add a bulk user import via CSV?
TKT00702,CUST0249,Account Management,Medium,Resolved,2024-10-22,2024-10-23,30.3,3.0,We need to add 10 more user seats to our plan.
TKT00703,CUST0499,Onboarding,Medium,Escalated,2024-03-01,2024-03-02,45.5,3.0,Can someone walk us through connecting our CRM?
TKT00704,CUST0243,Performance,Medium,In Progress,2023-12-23,2023-12-23,11.5,4.0,Dashboard charts lag when we have more than 5 filters active.
TKT00705,CUST0024,Feature Request,Medium,Resolved,2025-09-15,2025-09-16,31.6,4.0,Would be great to have a mobile app version.
TKT00706,CUST0083,Onboarding,Medium,Resolved,2024-12-09,2024-12-09,15.0,2.0,Can someone walk us through connecting our CRM?
TKT00707,CUST0001,Performance,Medium,Resolved,2025-02-08,2025-02-08,12.5,4.0,Dashboard charts lag when we have more than 5 filters active.
TKT00708,CUST0099,Onboarding,Low,Escalated,2024-05-10,2024-05-11,44.4,3.0,We are stuck on the data migration step — need guidance.
TKT00709,CUST0114,Billing,High,Resolved,2025-05-21,2025-05-21,11.8,5.0,Can you clarify the pricing for adding more users?
TKT00710,CUST0292,Feature Request,Low,Resolved,2023-06-07,2023-06-10,78.3,,Would be great to have a mobile app version.
TKT00711,CUST0237,Billing,Low,Resolved,2024-09-11,2024-09-13,68.7,,The upgrade price shown in the app is different from what I was charged.
TKT00712,CUST0264,Performance,Medium,Resolved,2024-02-03,2024-02-03,10.7,4.0,Reports are taking over 2 minutes to load.
TKT00713,CUST0156,Feature Request,Medium,Escalated,2023-12-21,2023-12-22,34.8,4.0,Can you add a bulk user import via CSV?
TKT00714,CUST0128,Account Management,Low,In Progress,2022-04-10,2022-04-13,90.0,3.0,We need to update our billing contact information.
TKT00715,CUST0009,Performance,Low,Open,2023-12-17,2023-12-19,62.1,4.0,Bulk data export is timing out for large datasets.
TKT00716,CUST0110,Technical Issue,High,Resolved,2025-12-11,2025-12-11,12.5,3.0,Our data sync stopped working after the last update.
TKT00717,CUST0254,Performance,Medium,Resolved,2022-08-10,2022-08-11,31.7,,Dashboard charts lag when we have more than 5 filters active.
TKT00718,CUST0145,Integration,Medium,Resolved,2022-11-11,2022-11-11,13.6,,Our API key stopped working after a password reset.
TKT00719,CUST0071,Feature Request,Critical,Escalated,2023-08-18,2023-08-18,3.4,,We'd love a Slack integration for real-time alerts.
TKT00720,CUST0152,Integration,Critical,Resolved,2024-11-04,2024-11-04,8.0,5.0,HubSpot integration is duplicating records.
TKT00721,CUST0282,Account Management,Low,Resolved,2024-10-12,2024-10-14,52.9,5.0,We need to update our billing contact information.
TKT00722,CUST0159,Onboarding,Low,Resolved,2023-03-16,2023-03-17,24.9,4.0,Our team hasn't received the onboarding training invite.
TKT00723,CUST0396,Performance,Low,Resolved,2022-03-03,2022-03-05,65.8,,Bulk data export is timing out for large datasets.
TKT00724,CUST0158,Integration,High,Resolved,2022-02-06,2022-02-06,12.8,4.0,The Salesforce integration is not syncing contacts properly.
TKT00725,CUST0291,Integration,Critical,Resolved,2024-04-25,2024-04-25,3.2,,We need help setting up the webhook for order updates.
TKT00726,CUST0318,Onboarding,Medium,Resolved,2024-01-06,2024-01-06,12.0,4.0,Our team hasn't received the onboarding training invite.
TKT00727,CUST0080,Onboarding,High,Resolved,2025-07-18,2025-07-18,10.9,,Our team hasn't received the onboarding training invite.
TKT00728,CUST0067,Technical Issue,High,In Progress,2023-08-11,2023-08-11,2.9,4.0,Login page throws an error when using SSO.
TKT00729,CUST0500,Billing,Low,In Progress,2022-06-11,2022-06-13,71.5,5.0,I was charged twice this month for my subscription.
TKT00730,CUST0053,Integration,High,Resolved,2022-12-06,2022-12-07,30.4,1.0,Our API key stopped working after a password reset.
TKT00731,CUST0207,Onboarding,Low,Resolved,2025-01-15,2025-01-18,81.7,3.0,We need help setting up user roles and permissions.
TKT00732,CUST0270,Integration,Low,Resolved,2023-07-19,2023-07-22,94.4,4.0,Zapier connection keeps timing out.
TKT00733,CUST0168,Technical Issue,Medium,Resolved,2025-06-06,2025-06-07,33.5,3.0,Export to CSV is producing empty files.
TKT00734,CUST0008,Technical Issue,Low,Resolved,2023-06-16,2023-06-19,74.0,,Notifications are not being delivered to our team emails.
TKT00735,CUST0202,Technical Issue,Medium,Resolved,2023-05-16,2023-05-17,42.7,,The dashboard is not loading — getting a 504 error.
TKT00736,CUST0022,Technical Issue,High,Resolved,2022-08-14,2022-08-14,22.1,,Our data sync stopped working after the last update.
TKT00737,CUST0195,Performance,Medium,Resolved,2022-09-07,2022-09-08,44.8,5.0,The platform is very slow during peak hours (9-11am EST).
TKT00738,CUST0210,Billing,Medium,Resolved,2022-02-20,2022-02-20,18.5,3.0,Can you clarify the pricing for adding more users?
TKT00739,CUST0382,Billing,High,In Progress,2025-04-03,2025-04-03,19.7,5.0,Requesting a refund for unused seats on our plan.
TKT00740,CUST0194,Performance,Medium,Resolved,2022-10-20,2022-10-21,43.5,4.0,API response times have increased significantly this week.
TKT00741,CUST0398,Technical Issue,Low,Resolved,2022-04-03,2022-04-04,39.9,,The dashboard is not loading — getting a 504 error.
TKT00742,CUST0036,Integration,Low,Resolved,2025-02-25,2025-03-01,111.4,3.0,The Salesforce integration is not syncing contacts properly.
TKT00743,CUST0119,Technical Issue,Medium,Resolved,2022-08-26,2022-08-27,25.8,3.0,Export to CSV is producing empty files.
TKT00744,CUST0020,Integration,Medium,In Progress,2022-01-03,2022-01-04,30.9,,The Salesforce integration is not syncing contacts properly.
TKT00745,CUST0463,Onboarding,Medium,Resolved,2023-08-30,2023-09-01,55.1,2.0,We are stuck on the data migration step — need guidance.
TKT00746,CUST0054,Feature Request,High,Resolved,2023-12-26,2023-12-26,18.8,4.0,We need custom date range filters in the reports section.
TKT00747,CUST0392,Technical Issue,Medium,Open,2025-09-16,2025-09-17,47.1,3.0,Login page throws an error when using SSO.
TKT00748,CUST0014,Technical Issue,Low,In Progress,2024-07-10,2024-07-11,43.1,5.0,Notifications are not being delivered to our team emails.
TKT00749,CUST0269,Onboarding,Low,Resolved,2023-04-16,2023-04-17,41.8,,Our team hasn't received the onboarding training invite.
TKT00750,CUST0497,Integration,Low,Resolved,2023-01-16,2023-01-21,132.4,3.0,The Salesforce integration is not syncing contacts properly.
TKT00751,CUST0198,Billing,Low,Open,2024-05-23,2024-05-26,78.7,3.0,I was charged twice this month for my subscription.
TKT00752,CUST0285,Billing,Medium,Resolved,2024-03-23,2024-03-24,28.3,1.0,I was charged twice this month for my subscription.
TKT00753,CUST0274,Integration,Medium,Resolved,2023-11-12,2023-11-12,19.8,3.0,Our API key stopped working after a password reset.
TKT00754,CUST0020,Onboarding,High,Resolved,2022-02-13,2022-02-13,3.4,5.0,Can someone walk us through connecting our CRM?
TKT00755,CUST0154,Integration,Medium,Resolved,2025-07-25,2025-07-26,33.4,5.0,Our API key stopped working after a password reset.
TKT00756,CUST0265,Billing,Medium,In Progress,2025-08-23,2025-08-23,17.9,3.0,I was charged twice this month for my subscription.
TKT00757,CUST0234,Account Management,Medium,Resolved,2022-05-28,2022-05-29,25.8,3.0,Please help us set up SSO for our organization.
TKT00758,CUST0465,Feature Request,Medium,Resolved,2023-02-18,2023-02-19,40.6,4.0,Would be great to have a mobile app version.
TKT00759,CUST0477,Billing,Medium,Resolved,2025-03-21,2025-03-22,36.1,3.0,I was charged twice this month for my subscription.
TKT00760,CUST0013,Technical Issue,High,Resolved,2023-07-03,2023-07-03,8.3,,Export to CSV is producing empty files.
TKT00761,CUST0304,Onboarding,Medium,Resolved,2023-04-11,2023-04-11,17.3,5.0,The setup wizard keeps freezing at Step 3.
TKT00762,CUST0374,Onboarding,Critical,Escalated,2023-12-03,2023-12-03,3.6,,We need help setting up user roles and permissions.
TKT00763,CUST0246,Account Management,Medium,Resolved,2023-03-09,2023-03-10,37.1,3.0,We need to add 10 more user seats to our plan.
TKT00764,CUST0356,Account Management,Medium,Open,2023-01-04,2023-01-04,23.4,4.0,Can we change the primary account admin?
TKT00765,CUST0368,Billing,Critical,Escalated,2025-06-10,2025-06-10,4.3,3.0,I was charged twice this month for my subscription.
TKT00766,CUST0111,Integration,High,Resolved,2024-05-25,2024-05-25,17.3,,HubSpot integration is duplicating records.
TKT00767,CUST0371,Technical Issue,High,Resolved,2023-02-06,2023-02-07,31.1,3.0,Notifications are not being delivered to our team emails.
TKT00768,CUST0169,Performance,Low,Resolved,2025-06-27,2025-06-28,35.0,4.0,API response times have increased significantly this week.
TKT00769,CUST0048,Feature Request,Medium,In Progress,2023-05-10,2023-05-11,30.3,,We'd love a Slack integration for real-time alerts.
TKT00770,CUST0247,Integration,Medium,Resolved,2022-03-10,2022-03-11,25.2,5.0,The Salesforce integration is not syncing contacts properly.
TKT00771,CUST0118,Account Management,Medium,Resolved,2025-05-29,2025-05-29,13.0,3.0,Please help us set up SSO for our organization.
TKT00772,CUST0013,Onboarding,Medium,Open,2025-04-18,2025-04-19,30.3,,The setup wizard keeps freezing at Step 3.
TKT00773,CUST0202,Feature Request,Medium,In Progress,2025-04-28,2025-04-29,29.4,3.0,We'd love a Slack integration for real-time alerts.
TKT00774,CUST0340,Performance,Medium,Open,2024-01-09,2024-01-10,27.4,3.0,API response times have increased significantly this week.
TKT00775,CUST0129,Performance,Low,Escalated,2025-11-25,2025-11-30,135.2,,API response times have increased significantly this week.
TKT00776,CUST0204,Performance,Medium,Resolved,2022-11-06,2022-11-06,22.5,,Reports are taking over 2 minutes to load.
TKT00777,CUST0319,Technical Issue,Medium,Resolved,2022-04-20,2022-04-20,8.3,3.0,The dashboard is not loading — getting a 504 error.
TKT00778,CUST0168,Onboarding,Low,Escalated,2022-05-25,2022-05-30,135.9,3.0,The setup wizard keeps freezing at Step 3.
TKT00779,CUST0383,Integration,Medium,Resolved,2022-06-17,2022-06-17,21.7,,Zapier connection keeps timing out.
TKT00780,CUST0345,Performance,Medium,Resolved,2022-10-14,2022-10-16,54.7,,Bulk data export is timing out for large datasets.
TKT00781,CUST0193,Account Management,Medium,Resolved,2022-04-15,2022-04-17,61.7,4.0,Please help us set up SSO for our organization.
TKT00782,CUST0346,Technical Issue,Low,In Progress,2023-06-25,2023-06-27,71.9,4.0,Login page throws an error when using SSO.
TKT00783,CUST0126,Performance,Critical,Resolved,2024-01-14,2024-01-14,12.5,1.0,API response times have increased significantly this week.
TKT00784,CUST0037,Account Management,Critical,Resolved,2025-01-25,2025-01-25,3.1,,Please help us set up SSO for our organization.
TKT00785,CUST0042,Integration,Medium,Resolved,2024-03-25,2024-03-26,40.9,,We need help setting up the webhook for order updates.
TKT00786,CUST0323,Performance,Critical,Resolved,2023-04-03,2023-04-03,6.8,,Dashboard charts lag when we have more than 5 filters active.
TKT00787,CUST0060,Performance,Medium,Resolved,2025-05-29,2025-05-29,17.5,4.0,API response times have increased significantly this week.
TKT00788,CUST0212,Account Management,Medium,Open,2023-07-15,2023-07-15,8.6,,Can we change the primary account admin?
TKT00789,CUST0342,Billing,Medium,Resolved,2023-04-13,2023-04-14,34.3,3.0,Can you clarify the pricing for adding more users?
TKT00790,CUST0455,Performance,High,Resolved,2024-07-19,2024-07-19,22.1,,API response times have increased significantly this week.
TKT00791,CUST0299,Feature Request,Medium,Resolved,2025-07-03,2025-07-04,30.7,3.0,Can you add a bulk user import via CSV?
TKT00792,CUST0465,Integration,Medium,In Progress,2023-06-11,2023-06-11,18.3,4.0,Zapier connection keeps timing out.
TKT00793,CUST0383,Performance,Medium,Resolved,2025-12-11,2025-12-13,59.5,1.0,Reports are taking over 2 minutes to load.
TKT00794,CUST0401,Technical Issue,Low,Resolved,2024-05-22,2024-05-23,42.5,5.0,The dashboard is not loading — getting a 504 error.
TKT00795,CUST0256,Onboarding,Low,Open,2023-11-15,2023-11-16,46.8,5.0,We are stuck on the data migration step — need guidance.
TKT00796,CUST0466,Onboarding,Medium,Resolved,2022-12-08,2022-12-09,39.2,5.0,We are stuck on the data migration step — need guidance.
TKT00797,CUST0183,Integration,Low,Resolved,2022-11-08,2022-11-09,25.1,4.0,Zapier connection keeps timing out.
TKT00798,CUST0060,Onboarding,Low,Resolved,2024-03-23,2024-03-25,52.5,,Our team hasn't received the onboarding training invite.
TKT00799,CUST0261,Feature Request,Low,Open,2022-01-14,2022-01-16,58.6,4.0,We need custom date range filters in the reports section.
TKT00800,CUST0370,Onboarding,Critical,Resolved,2025-03-15,2025-03-15,2.4,4.0,We need help setting up user roles and permissions.
TKT00801,CUST0178,Billing,Medium,Resolved,2025-08-10,2025-08-12,65.0,,The upgrade price shown in the app is different from what I was charged.
TKT00802,CUST0044,Billing,Low,Resolved,2025-10-15,2025-10-16,39.6,4.0,I was charged twice this month for my subscription.
TKT00803,CUST0271,Onboarding,Low,Resolved,2023-12-29,2023-12-31,52.3,4.0,We are stuck on the data migration step — need guidance.
TKT00804,CUST0187,Integration,Low,Resolved,2022-11-25,2022-11-26,38.8,,The Salesforce integration is not syncing contacts properly.
TKT00805,CUST0186,Onboarding,Critical,Escalated,2022-03-07,2022-03-07,9.9,2.0,We need help setting up user roles and permissions.
TKT00806,CUST0322,Feature Request,Critical,Resolved,2025-02-18,2025-02-18,2.0,3.0,We'd love a Slack integration for real-time alerts.
TKT00807,CUST0242,Performance,Medium,Resolved,2024-12-10,2024-12-10,16.1,,Dashboard charts lag when we have more than 5 filters active.
TKT00808,CUST0219,Feature Request,High,Resolved,2023-08-19,2023-08-19,14.0,,We'd love a Slack integration for real-time alerts.
TKT00809,CUST0004,Billing,Medium,Resolved,2022-02-16,2022-02-17,30.0,,The upgrade price shown in the app is different from what I was charged.
TKT00810,CUST0345,Billing,Medium,Resolved,2022-11-25,2022-11-26,44.2,2.0,The upgrade price shown in the app is different from what I was charged.
TKT00811,CUST0081,Integration,Medium,Resolved,2023-11-02,2023-11-02,22.1,,The Salesforce integration is not syncing contacts properly.
TKT00812,CUST0187,Billing,Low,Resolved,2022-08-24,2022-08-26,68.5,4.0,My invoice doesn't match the amount on my credit card.
TKT00813,CUST0450,Technical Issue,Low,Resolved,2022-04-08,2022-04-09,24.9,4.0,Our data sync stopped working after the last update.
TKT00814,CUST0165,Billing,Low,Resolved,2025-09-01,2025-09-03,62.1,,My invoice doesn't match the amount on my credit card.
TKT00815,CUST0350,Technical Issue,High,Resolved,2025-08-03,2025-08-03,8.0,4.0,Our data sync stopped working after the last update.
TKT00816,CUST0223,Account Management,Medium,Resolved,2025-02-21,2025-02-21,14.7,4.0,Please help us set up SSO for our organization.
TKT00817,CUST0217,Account Management,High,Resolved,2024-05-23,2024-05-23,15.5,4.0,We'd like to upgrade from Growth to Enterprise plan.
TKT00818,CUST0106,Account Management,Low,Resolved,2024-02-05,2024-02-06,44.0,,We need to add 10 more user seats to our plan.
TKT00819,CUST0224,Onboarding,Low,Open,2024-08-08,2024-08-09,24.3,4.0,The setup wizard keeps freezing at Step 3.
TKT00820,CUST0170,Integration,Low,Resolved,2023-11-06,2023-11-09,76.5,,We need help setting up the webhook for order updates.
TKT00821,CUST0298,Onboarding,High,Resolved,2022-12-15,2022-12-15,13.3,4.0,We are stuck on the data migration step — need guidance.
TKT00822,CUST0004,Feature Request,High,Escalated,2025-09-01,2025-09-01,15.4,5.0,Would be great to have a mobile app version.
TKT00823,CUST0213,Billing,Medium,Resolved,2023-02-04,2023-02-04,20.6,3.0,Requesting a refund for unused seats on our plan.
TKT00824,CUST0126,Performance,Low,Resolved,2025-09-15,2025-09-20,129.8,1.0,Bulk data export is timing out for large datasets.
TKT00825,CUST0281,Technical Issue,Critical,Open,2025-08-19,2025-08-19,4.1,4.0,Export to CSV is producing empty files.
TKT00826,CUST0489,Performance,High,Resolved,2023-09-19,2023-09-19,12.9,4.0,The platform is very slow during peak hours (9-11am EST).
TKT00827,CUST0024,Account Management,Low,Resolved,2022-08-26,2022-08-29,89.9,4.0,We'd like to upgrade from Growth to Enterprise plan.
TKT00828,CUST0223,Account Management,Low,Resolved,2024-07-01,2024-07-05,119.5,2.0,Please help us set up SSO for our organization.
TKT00829,CUST0043,Onboarding,Low,In Progress,2025-04-18,2025-04-19,25.3,,The setup wizard keeps freezing at Step 3.
TKT00830,CUST0184,Account Management,High,In Progress,2024-11-05,2024-11-05,2.2,4.0,We need to add 10 more user seats to our plan.
TKT00831,CUST0222,Billing,High,Escalated,2023-09-26,2023-09-26,20.2,,Can you clarify the pricing for adding more users?
TKT00832,CUST0113,Feature Request,Critical,Resolved,2023-11-04,2023-11-04,7.7,5.0,Please add a dark mode option to the dashboard.
TKT00833,CUST0093,Billing,Medium,Resolved,2023-12-24,2023-12-25,30.5,4.0,The upgrade price shown in the app is different from what I was charged.
TKT00834,CUST0437,Billing,Low,Resolved,2023-01-21,2023-01-24,80.5,5.0,My invoice doesn't match the amount on my credit card.
TKT00835,CUST0157,Account Management,Medium,Open,2024-04-23,2024-04-26,75.0,3.0,We'd like to upgrade from Growth to Enterprise plan.
TKT00836,CUST0350,Billing,Low,Resolved,2024-03-07,2024-03-08,24.0,4.0,Can you clarify the pricing for adding more users?
TKT00837,CUST0467,Billing,High,Resolved,2022-08-12,2022-08-13,34.1,2.0,My invoice doesn't match the amount on my credit card.
TKT00838,CUST0106,Technical Issue,Medium,Resolved,2024-12-04,2024-12-05,31.8,3.0,Notifications are not being delivered to our team emails.
TKT00839,CUST0235,Onboarding,Medium,Resolved,2022-05-25,2022-05-25,13.2,5.0,We need help setting up user roles and permissions.
TKT00840,CUST0370,Technical Issue,Low,Open,2024-10-12,2024-10-13,44.2,5.0,The dashboard is not loading — getting a 504 error.
TKT00841,CUST0375,Account Management,Medium,Resolved,2025-08-01,2025-08-02,27.2,5.0,Can we change the primary account admin?
TKT00842,CUST0325,Feature Request,Medium,Resolved,2022-04-10,2022-04-11,44.5,3.0,Can you add a bulk user import via CSV?
TKT00843,CUST0249,Performance,Medium,Resolved,2024-11-29,2024-11-30,35.1,3.0,API response times have increased significantly this week.
TKT00844,CUST0330,Integration,High,Escalated,2024-11-14,2024-11-14,17.2,3.0,Zapier connection keeps timing out.
TKT00845,CUST0240,Onboarding,Medium,Resolved,2022-04-15,2022-04-16,36.5,3.0,We are stuck on the data migration step — need guidance.
TKT00846,CUST0255,Integration,Low,Open,2025-04-07,2025-04-10,94.6,5.0,Our API key stopped working after a password reset.
TKT00847,CUST0161,Onboarding,Medium,Resolved,2025-08-08,2025-08-09,34.4,4.0,The setup wizard keeps freezing at Step 3.
TKT00848,CUST0494,Billing,Medium,Resolved,2025-04-05,2025-04-06,44.2,,The upgrade price shown in the app is different from what I was charged.
TKT00849,CUST0328,Account Management,High,In Progress,2023-08-07,2023-08-07,16.4,,Please help us set up SSO for our organization.
TKT00850,CUST0291,Billing,Medium,Resolved,2022-03-05,2022-03-06,45.5,3.0,Requesting a refund for unused seats on our plan.
TKT00851,CUST0471,Integration,Low,Open,2025-06-05,2025-06-07,61.1,5.0,HubSpot integration is duplicating records.
TKT00852,CUST0237,Account Management,Medium,Resolved,2025-03-18,2025-03-21,74.6,3.0,Please help us set up SSO for our organization.
TKT00853,CUST0115,Performance,Medium,Resolved,2024-05-03,2024-05-04,34.6,3.0,Dashboard charts lag when we have more than 5 filters active.
TKT00854,CUST0159,Account Management,Low,Resolved,2023-09-20,2023-09-23,72.8,5.0,Can we change the primary account admin?
TKT00855,CUST0227,Performance,Medium,In Progress,2025-11-07,2025-11-08,41.6,4.0,Reports are taking over 2 minutes to load.
TKT00856,CUST0352,Performance,High,Resolved,2023-10-10,2023-10-10,16.5,3.0,Dashboard charts lag when we have more than 5 filters active.
TKT00857,CUST0112,Onboarding,Medium,Resolved,2022-11-01,2022-11-01,15.6,5.0,The setup wizard keeps freezing at Step 3.
TKT00858,CUST0121,Technical Issue,Medium,Resolved,2025-04-18,2025-04-19,32.2,,Notifications are not being delivered to our team emails.
TKT00859,CUST0393,Billing,Medium,Resolved,2023-04-05,2023-04-05,11.5,3.0,The upgrade price shown in the app is different from what I was charged.
TKT00860,CUST0082,Onboarding,Low,Resolved,2025-11-23,2025-11-26,72.3,3.0,The setup wizard keeps freezing at Step 3.
TKT00861,CUST0080,Feature Request,Medium,Resolved,2022-04-20,2022-04-20,15.5,3.0,Please add a dark mode option to the dashboard.
TKT00862,CUST0039,Feature Request,Medium,Open,2025-06-08,2025-06-09,33.9,,Can you add a bulk user import via CSV?
TKT00863,CUST0161,Feature Request,Medium,Resolved,2024-07-13,2024-07-14,47.5,,Can you add a bulk user import via CSV?
TKT00864,CUST0211,Billing,Medium,Resolved,2022-05-31,2022-05-31,15.8,4.0,Requesting a refund for unused seats on our plan.
TKT00865,CUST0410,Onboarding,High,Resolved,2022-08-16,2022-08-16,18.9,,We need help setting up user roles and permissions.
TKT00866,CUST0340,Integration,Low,Resolved,2025-07-24,2025-07-25,34.6,3.0,We need help setting up the webhook for order updates.
TKT00867,CUST0225,Performance,Medium,Resolved,2022-11-12,2022-11-12,14.8,,API response times have increased significantly this week.
TKT00868,CUST0336,Performance,Medium,Resolved,2024-01-17,2024-01-17,23.4,,API response times have increased significantly this week.
TKT00869,CUST0128,Performance,Low,Resolved,2023-06-10,2023-06-12,50.7,4.0,API response times have increased significantly this week.
TKT00870,CUST0065,Onboarding,Low,Resolved,2023-11-13,2023-11-16,87.8,4.0,We need help setting up user roles and permissions.
TKT00871,CUST0345,Feature Request,High,In Progress,2023-03-20,2023-03-20,11.4,,We need custom date range filters in the reports section.
TKT00872,CUST0099,Integration,Medium,Resolved,2022-05-07,2022-05-07,18.5,3.0,The Salesforce integration is not syncing contacts properly.
TKT00873,CUST0356,Performance,High,In Progress,2024-03-30,2024-03-30,14.4,3.0,Dashboard charts lag when we have more than 5 filters active.
TKT00874,CUST0289,Billing,Low,Resolved,2025-11-05,2025-11-06,37.2,,The upgrade price shown in the app is different from what I was charged.
TKT00875,CUST0173,Performance,Low,Resolved,2022-08-02,2022-08-04,57.0,4.0,Dashboard charts lag when we have more than 5 filters active.
TKT00876,CUST0370,Billing,Critical,Resolved,2025-10-20,2025-10-20,1.8,,My invoice doesn't match the amount on my credit card.
TKT00877,CUST0107,Feature Request,Medium,Resolved,2022-03-09,2022-03-10,26.3,3.0,We'd love a Slack integration for real-time alerts.
TKT00878,CUST0373,Billing,Medium,Open,2023-02-01,2023-02-02,35.4,3.0,Can you clarify the pricing for adding more users?
TKT00879,CUST0438,Account Management,Low,Resolved,2025-05-06,2025-05-07,35.3,5.0,We need to update our billing contact information.
TKT00880,CUST0002,Account Management,Medium,Resolved,2022-02-20,2022-02-21,27.2,,Please help us set up SSO for our organization.
TKT00881,CUST0029,Integration,Low,Resolved,2022-10-25,2022-10-27,60.8,4.0,Our API key stopped working after a password reset.
TKT00882,CUST0400,Billing,Medium,In Progress,2025-06-24,2025-06-25,30.4,5.0,Can you clarify the pricing for adding more users?
TKT00883,CUST0405,Technical Issue,High,Resolved,2022-10-25,2022-10-25,5.4,,Our data sync stopped working after the last update.
TKT00884,CUST0266,Account Management,Medium,Escalated,2022-02-22,2022-02-23,46.4,3.0,Please help us set up SSO for our organization.
TKT00885,CUST0284,Billing,High,Open,2023-06-14,2023-06-14,17.8,3.0,My invoice doesn't match the amount on my credit card.
TKT00886,CUST0139,Onboarding,Medium,In Progress,2025-03-08,2025-03-09,24.7,3.0,Can someone walk us through connecting our CRM?
TKT00887,CUST0487,Feature Request,Medium,Resolved,2025-11-23,2025-11-24,33.1,4.0,Can you add a bulk user import via CSV?
TKT00888,CUST0112,Onboarding,Medium,Resolved,2025-11-24,2025-11-24,18.0,5.0,The setup wizard keeps freezing at Step 3.
TKT00889,CUST0002,Account Management,Medium,Open,2025-05-26,2025-05-26,18.9,4.0,Please help us set up SSO for our organization.
TKT00890,CUST0028,Onboarding,Low,Resolved,2025-06-13,2025-06-15,61.0,3.0,We need help setting up user roles and permissions.
TKT00891,CUST0205,Integration,Low,Resolved,2025-05-11,2025-05-12,33.8,3.0,We need help setting up the webhook for order updates.
TKT00892,CUST0037,Performance,Medium,Resolved,2024-02-13,2024-02-14,29.3,1.0,Bulk data export is timing out for large datasets.
TKT00893,CUST0253,Billing,Medium,Resolved,2024-05-18,2024-05-18,14.9,4.0,Can you clarify the pricing for adding more users?
TKT00894,CUST0407,Technical Issue,Low,In Progress,2025-08-06,2025-08-09,84.6,4.0,Notifications are not being delivered to our team emails.
TKT00895,CUST0326,Billing,Low,Resolved,2025-04-08,2025-04-12,98.7,2.0,Requesting a refund for unused seats on our plan.
TKT00896,CUST0351,Feature Request,Low,Open,2024-02-04,2024-02-07,72.4,,We need custom date range filters in the reports section.
TKT00897,CUST0044,Integration,Medium,Resolved,2025-06-17,2025-06-18,30.3,,The Salesforce integration is not syncing contacts properly.
TKT00898,CUST0002,Performance,Low,Resolved,2022-01-03,2022-01-06,73.8,5.0,Dashboard charts lag when we have more than 5 filters active.
TKT00899,CUST0460,Billing,Medium,Resolved,2022-03-22,2022-03-23,27.2,5.0,I was charged twice this month for my subscription.
TKT00900,CUST0147,Billing,Low,Resolved,2023-04-06,2023-04-09,87.3,3.0,The upgrade price shown in the app is different from what I was charged.
TKT00901,CUST0232,Performance,Low,Resolved,2023-08-25,2023-08-27,53.7,4.0,Reports are taking over 2 minutes to load.
TKT00902,CUST0475,Account Management,Medium,Resolved,2022-01-02,2022-01-02,10.0,3.0,Please help us set up SSO for our organization.
TKT00903,CUST0186,Billing,Medium,Resolved,2022-01-25,2022-01-26,36.6,,Requesting a refund for unused seats on our plan.
TKT00904,CUST0084,Performance,High,Resolved,2025-07-07,2025-07-07,7.1,3.0,Reports are taking over 2 minutes to load.
TKT00905,CUST0346,Technical Issue,Medium,Resolved,2024-08-21,2024-08-21,22.6,5.0,Login page throws an error when using SSO.
TKT00906,CUST0236,Performance,Medium,Resolved,2025-09-21,2025-09-22,42.4,3.0,API response times have increased significantly this week.
TKT00907,CUST0305,Account Management,Medium,Resolved,2024-07-13,2024-07-14,37.9,,Can we change the primary account admin?
TKT00908,CUST0197,Performance,Medium,Resolved,2025-06-14,2025-06-15,38.5,,The platform is very slow during peak hours (9-11am EST).
TKT00909,CUST0043,Onboarding,Low,Resolved,2023-12-17,2023-12-20,80.1,,The setup wizard keeps freezing at Step 3.
TKT00910,CUST0407,Account Management,Medium,Resolved,2024-01-21,2024-01-21,18.7,2.0,Can we change the primary account admin?
TKT00911,CUST0400,Integration,High,Open,2024-06-28,2024-06-28,19.4,4.0,HubSpot integration is duplicating records.
TKT00912,CUST0352,Integration,Medium,In Progress,2024-12-28,2024-12-28,12.6,4.0,The Salesforce integration is not syncing contacts properly.
TKT00913,CUST0164,Feature Request,Medium,Open,2022-07-01,2022-07-02,40.3,5.0,We'd love a Slack integration for real-time alerts.
TKT00914,CUST0267,Feature Request,Medium,Resolved,2024-03-11,2024-03-12,28.6,,Please add a dark mode option to the dashboard.
TKT00915,CUST0018,Integration,Low,Resolved,2023-11-23,2023-11-25,60.2,,The Salesforce integration is not syncing contacts properly.
TKT00916,CUST0228,Feature Request,Low,Resolved,2022-02-24,2022-02-26,64.7,4.0,Can you add a bulk user import via CSV?
TKT00917,CUST0192,Account Management,Low,In Progress,2022-10-25,2022-10-28,94.1,3.0,We need to add 10 more user seats to our plan.
TKT00918,CUST0047,Performance,Critical,Resolved,2025-12-06,2025-12-06,4.6,3.0,API response times have increased significantly this week.
TKT00919,CUST0347,Onboarding,High,Resolved,2025-06-02,2025-06-02,14.2,4.0,We need help setting up user roles and permissions.
TKT00920,CUST0085,Billing,Low,In Progress,2025-03-27,2025-03-29,53.7,3.0,I was charged twice this month for my subscription.
TKT00921,CUST0233,Performance,Medium,In Progress,2025-08-25,2025-08-25,19.0,5.0,Reports are taking over 2 minutes to load.
TKT00922,CUST0021,Technical Issue,Low,Resolved,2024-05-07,2024-05-09,68.9,4.0,Our data sync stopped working after the last update.
TKT00923,CUST0436,Feature Request,Low,In Progress,2022-12-02,2022-12-05,83.2,4.0,Would be great to have a mobile app version.
TKT00924,CUST0368,Integration,Low,Resolved,2022-05-12,2022-05-15,85.5,4.0,Our API key stopped working after a password reset.
TKT00925,CUST0277,Feature Request,Medium,In Progress,2024-03-02,2024-03-02,8.2,,Can you add a bulk user import via CSV?
TKT00926,CUST0491,Billing,Medium,Resolved,2025-01-26,2025-01-27,44.8,3.0,I was charged twice this month for my subscription.
TKT00927,CUST0041,Onboarding,Low,Resolved,2023-11-20,2023-11-22,62.5,4.0,Our team hasn't received the onboarding training invite.
TKT00928,CUST0460,Technical Issue,Medium,Resolved,2024-05-26,2024-05-27,32.8,5.0,Notifications are not being delivered to our team emails.
TKT00929,CUST0278,Integration,Medium,Resolved,2024-08-21,2024-08-22,34.0,,HubSpot integration is duplicating records.
TKT00930,CUST0232,Account Management,Low,In Progress,2022-05-22,2022-05-23,41.0,,We need to update our billing contact information.
TKT00931,CUST0070,Performance,High,Escalated,2025-11-18,2025-11-18,23.6,3.0,Bulk data export is timing out for large datasets.
TKT00932,CUST0223,Technical Issue,Medium,Resolved,2023-11-13,2023-11-15,55.3,,Notifications are not being delivered to our team emails.
TKT00933,CUST0193,Technical Issue,Medium,Resolved,2022-02-25,2022-02-25,19.9,3.0,Export to CSV is producing empty files.
TKT00934,CUST0125,Onboarding,Medium,Escalated,2025-10-02,2025-10-02,22.0,,We are stuck on the data migration step — need guidance.
TKT00935,CUST0210,Integration,High,Escalated,2022-10-06,2022-10-06,17.5,3.0,The Salesforce integration is not syncing contacts properly.
TKT00936,CUST0416,Onboarding,Low,In Progress,2024-05-07,2024-05-09,48.1,,We are stuck on the data migration step — need guidance.
TKT00937,CUST0496,Technical Issue,Low,Resolved,2022-03-13,2022-03-14,33.5,,Export to CSV is producing empty files.
TKT00938,CUST0028,Technical Issue,High,Resolved,2025-10-14,2025-10-14,5.9,5.0,Login page throws an error when using SSO.
TKT00939,CUST0212,Performance,Medium,Resolved,2023-08-06,2023-08-06,19.9,4.0,Dashboard charts lag when we have more than 5 filters active.
TKT00940,CUST0033,Account Management,High,Resolved,2022-09-24,2022-09-24,15.8,,We need to add 10 more user seats to our plan.
TKT00941,CUST0434,Technical Issue,Medium,Resolved,2024-09-26,2024-09-27,47.3,4.0,Login page throws an error when using SSO.
TKT00942,CUST0357,Feature Request,Medium,Resolved,2024-11-11,2024-11-12,34.0,2.0,Please add a dark mode option to the dashboard.
TKT00943,CUST0363,Account Management,Low,Resolved,2024-12-06,2024-12-12,145.5,,We need to update our billing contact information.
TKT00944,CUST0091,Feature Request,Low,Resolved,2022-12-17,2022-12-20,89.9,5.0,We need custom date range filters in the reports section.
TKT00945,CUST0022,Feature Request,High,Resolved,2025-06-10,2025-06-10,8.0,5.0,Would be great to have a mobile app version.
TKT00946,CUST0159,Technical Issue,Medium,In Progress,2022-11-17,2022-11-18,47.7,4.0,Login page throws an error when using SSO.
TKT00947,CUST0169,Technical Issue,Low,Resolved,2022-06-12,2022-06-15,72.2,3.0,Notifications are not being delivered to our team emails.
TKT00948,CUST0444,Onboarding,Low,Resolved,2022-12-10,2022-12-12,62.5,,We are stuck on the data migration step — need guidance.
TKT00949,CUST0222,Onboarding,Medium,Resolved,2023-08-24,2023-08-24,13.1,5.0,Can someone walk us through connecting our CRM?
TKT00950,CUST0070,Onboarding,High,Resolved,2025-12-09,2025-12-09,16.6,4.0,Our team hasn't received the onboarding training invite.
TKT00951,CUST0379,Onboarding,Critical,Resolved,2023-05-14,2023-05-14,2.0,4.0,Can someone walk us through connecting our CRM?
TKT00952,CUST0426,Feature Request,Medium,Resolved,2022-06-13,2022-06-14,46.3,,Can you add a bulk user import via CSV?
TKT00953,CUST0117,Account Management,Low,Resolved,2025-07-30,2025-08-01,69.6,5.0,We'd like to upgrade from Growth to Enterprise plan.
TKT00954,CUST0176,Onboarding,Low,Resolved,2025-08-24,2025-08-25,33.3,4.0,Can someone walk us through connecting our CRM?
TKT00955,CUST0393,Billing,Low,Resolved,2023-11-09,2023-11-10,39.3,5.0,Can you clarify the pricing for adding more users?
TKT00956,CUST0032,Technical Issue,High,Resolved,2023-03-28,2023-03-29,29.4,2.0,Our data sync stopped working after the last update.
TKT00957,CUST0418,Account Management,Medium,Resolved,2022-02-16,2022-02-16,20.5,,We'd like to upgrade from Growth to Enterprise plan.
TKT00958,CUST0373,Technical Issue,Medium,Escalated,2023-11-23,2023-11-23,19.6,5.0,Our data sync stopped working after the last update.
TKT00959,CUST0408,Onboarding,High,Resolved,2024-07-27,2024-07-27,16.3,,We are stuck on the data migration step — need guidance.
TKT00960,CUST0498,Integration,Medium,In Progress,2022-05-22,2022-05-23,35.8,3.0,We need help setting up the webhook for order updates.
TKT00961,CUST0236,Technical Issue,Medium,Resolved,2023-12-05,2023-12-05,23.2,,Export to CSV is producing empty files.
TKT00962,CUST0475,Feature Request,Medium,Open,2024-06-02,2024-06-03,28.0,,Can you add a bulk user import via CSV?
TKT00963,CUST0320,Account Management,Low,Resolved,2025-11-13,2025-11-15,57.2,3.0,We'd like to upgrade from Growth to Enterprise plan.
TKT00964,CUST0471,Performance,Medium,Resolved,2022-01-22,2022-01-23,34.4,3.0,The platform is very slow during peak hours (9-11am EST).
TKT00965,CUST0135,Feature Request,Medium,Resolved,2025-04-29,2025-05-01,56.2,,Can you add a bulk user import via CSV?
TKT00966,CUST0017,Onboarding,Medium,Resolved,2025-07-26,2025-07-27,30.2,3.0,We are stuck on the data migration step — need guidance.
TKT00967,CUST0368,Billing,Low,Resolved,2023-05-17,2023-05-19,65.5,,I was charged twice this month for my subscription.
TKT00968,CUST0485,Integration,Medium,Resolved,2024-02-09,2024-02-09,22.0,,Our API key stopped working after a password reset.
TKT00969,CUST0320,Billing,Medium,Resolved,2025-01-27,2025-01-29,62.4,,Can you clarify the pricing for adding more users?
TKT00970,CUST0485,Billing,Medium,Resolved,2023-03-24,2023-03-25,26.0,,My invoice doesn't match the amount on my credit card.
TKT00971,CUST0235,Billing,Low,Resolved,2025-09-05,2025-09-07,56.4,,The upgrade price shown in the app is different from what I was charged.
TKT00972,CUST0164,Onboarding,Medium,Resolved,2024-06-02,2024-06-03,34.4,5.0,We need help setting up user roles and permissions.
TKT00973,CUST0152,Feature Request,Critical,Resolved,2023-11-29,2023-11-29,5.0,4.0,Please add a dark mode option to the dashboard.
TKT00974,CUST0176,Feature Request,High,Resolved,2023-05-07,2023-05-07,17.1,5.0,We'd love a Slack integration for real-time alerts.
TKT00975,CUST0154,Integration,Medium,In Progress,2023-08-10,2023-08-11,43.9,5.0,Our API key stopped working after a password reset.
TKT00976,CUST0354,Feature Request,Low,In Progress,2025-09-19,2025-09-22,88.6,,We'd love a Slack integration for real-time alerts.
TKT00977,CUST0458,Performance,High,Resolved,2025-08-14,2025-08-14,23.5,,Reports are taking over 2 minutes to load.
TKT00978,CUST0161,Billing,High,In Progress,2025-06-03,2025-06-03,15.8,,Requesting a refund for unused seats on our plan.
TKT00979,CUST0192,Onboarding,Low,Resolved,2023-08-29,2023-08-30,47.0,,Our team hasn't received the onboarding training invite.
TKT00980,CUST0414,Performance,Low,Resolved,2025-07-15,2025-07-17,51.8,4.0,Dashboard charts lag when we have more than 5 filters active.
TKT00981,CUST0263,Performance,High,Resolved,2022-10-17,2022-10-17,8.6,,Bulk data export is timing out for large datasets.
TKT00982,CUST0124,Technical Issue,Medium,Resolved,2022-07-07,2022-07-09,63.1,3.0,Export to CSV is producing empty files.
TKT00983,CUST0360,Technical Issue,Medium,Resolved,2024-06-12,2024-06-13,27.7,1.0,Notifications are not being delivered to our team emails.
TKT00984,CUST0091,Account Management,Medium,Resolved,2025-02-03,2025-02-04,44.0,5.0,Can we change the primary account admin?
TKT00985,CUST0293,Feature Request,Medium,Resolved,2022-05-06,2022-05-07,36.3,,We need custom date range filters in the reports section.
TKT00986,CUST0130,Billing,Low,Resolved,2025-09-04,2025-09-05,41.0,,Requesting a refund for unused seats on our plan.
TKT00987,CUST0045,Integration,High,Open,2022-06-28,2022-06-28,23.0,3.0,Our API key stopped working after a password reset.
TKT00988,CUST0374,Technical Issue,Low,Resolved,2024-10-25,2024-10-28,75.1,3.0,Our data sync stopped working after the last update.
TKT00989,CUST0352,Integration,Medium,Resolved,2022-12-27,2022-12-28,43.7,4.0,The Salesforce integration is not syncing contacts properly.
TKT00990,CUST0123,Feature Request,High,Resolved,2022-08-26,2022-08-27,30.2,,Can you add a bulk user import via CSV?
TKT00991,CUST0453,Performance,Medium,Resolved,2024-10-26,2024-10-26,18.1,,Reports are taking over 2 minutes to load.
TKT00992,CUST0440,Feature Request,Medium,Resolved,2022-11-30,2022-12-02,52.4,1.0,Would be great to have a mobile app version.
TKT00993,CUST0271,Performance,Low,Resolved,2024-02-17,2024-02-20,72.8,4.0,The platform is very slow during peak hours (9-11am EST).
TKT00994,CUST0423,Integration,Low,Resolved,2025-03-25,2025-03-28,86.6,,Zapier connection keeps timing out.
TKT00995,CUST0112,Technical Issue,Medium,Escalated,2025-02-24,2025-02-25,37.1,3.0,Login page throws an error when using SSO.
TKT00996,CUST0120,Account Management,Medium,Escalated,2025-07-06,2025-07-06,23.9,,We'd like to upgrade from Growth to Enterprise plan.
TKT00997,CUST0365,Performance,Critical,In Progress,2024-09-18,2024-09-18,1.6,3.0,API response times have increased significantly this week.
TKT00998,CUST0048,Integration,Low,In Progress,2024-11-02,2024-11-07,129.8,1.0,Our API key stopped working after a password reset.
TKT00999,CUST0016,Billing,Low,Resolved,2023-02-26,2023-03-01,80.3,,My invoice doesn't match the amount on my credit card.
TKT01000,CUST0410,Feature Request,Medium,Resolved,2024-05-30,2024-05-30,9.1,4.0,Would be great to have a mobile app version.
TKT01001,CUST0201,Feature Request,Low,Open,2024-10-12,2024-10-15,90.7,2.0,Please add a dark mode option to the dashboard.
TKT01002,CUST0335,Onboarding,Low,Resolved,2022-06-04,2022-06-07,83.4,3.0,We are stuck on the data migration step — need guidance.
TKT01003,CUST0428,Technical Issue,Medium,Resolved,2025-08-08,2025-08-09,45.0,,The dashboard is not loading — getting a 504 error.
TKT01004,CUST0456,Performance,High,Resolved,2022-03-05,2022-03-06,36.8,4.0,The platform is very slow during peak hours (9-11am EST).
TKT01005,CUST0205,Account Management,Medium,In Progress,2022-01-28,2022-01-28,21.8,4.0,We need to update our billing contact information.
TKT01006,CUST0496,Onboarding,Medium,Resolved,2025-05-23,2025-05-23,17.8,3.0,Our team hasn't received the onboarding training invite.
TKT01007,CUST0031,Billing,Medium,Resolved,2025-10-27,2025-10-27,20.7,3.0,Can you clarify the pricing for adding more users?
TKT01008,CUST0468,Billing,Low,Resolved,2022-04-10,2022-04-14,102.8,,My invoice doesn't match the amount on my credit card.
TKT01009,CUST0111,Account Management,Low,Resolved,2024-04-11,2024-04-13,48.3,4.0,We'd like to upgrade from Growth to Enterprise plan.
TKT01010,CUST0357,Integration,Medium,Resolved,2025-02-04,2025-02-05,25.1,2.0,Zapier connection keeps timing out.
TKT01011,CUST0308,Performance,Low,In Progress,2025-03-29,2025-03-31,59.5,,Bulk data export is timing out for large datasets.
TKT01012,CUST0430,Performance,Low,Resolved,2024-02-05,2024-02-07,63.6,4.0,Bulk data export is timing out for large datasets.
TKT01013,CUST0446,Billing,Low,In Progress,2022-08-23,2022-08-26,88.4,3.0,My invoice doesn't match the amount on my credit card.
TKT01014,CUST0266,Account Management,Low,Open,2023-04-27,2023-04-29,54.8,3.0,We need to update our billing contact information.
TKT01015,CUST0101,Onboarding,High,Resolved,2025-07-24,2025-07-24,10.0,1.0,We are stuck on the data migration step — need guidance.
TKT01016,CUST0121,Onboarding,Low,Resolved,2024-01-16,2024-01-18,61.4,4.0,We need help setting up user roles and permissions.
TKT01017,CUST0246,Performance,Low,Resolved,2024-03-15,2024-03-16,40.6,3.0,Reports are taking over 2 minutes to load.
TKT01018,CUST0055,Onboarding,Medium,Resolved,2022-12-12,2022-12-13,31.0,3.0,We are stuck on the data migration step — need guidance.
TKT01019,CUST0263,Feature Request,Low,Resolved,2022-07-31,2022-08-01,32.0,4.0,We'd love a Slack integration for real-time alerts.
TKT01020,CUST0092,Integration,Low,Resolved,2023-10-01,2023-10-04,75.2,3.0,The Salesforce integration is not syncing contacts properly.
TKT01021,CUST0196,Billing,Low,Resolved,2024-03-02,2024-03-05,90.1,4.0,I was charged twice this month for my subscription.
TKT01022,CUST0312,Technical Issue,Medium,Resolved,2022-02-15,2022-02-16,39.3,5.0,Export to CSV is producing empty files.
TKT01023,CUST0180,Feature Request,Low,Open,2024-03-26,2024-03-30,96.1,,Would be great to have a mobile app version.
TKT01024,CUST0474,Account Management,High,In Progress,2023-04-20,2023-04-20,20.8,,We'd like to upgrade from Growth to Enterprise plan.
TKT01025,CUST0102,Feature Request,High,In Progress,2025-10-17,2025-10-17,8.0,4.0,Please add a dark mode option to the dashboard.
TKT01026,CUST0182,Performance,Medium,In Progress,2024-05-18,2024-05-18,9.1,,Reports are taking over 2 minutes to load.
TKT01027,CUST0048,Integration,Critical,Escalated,2025-08-10,2025-08-10,12.6,,Zapier connection keeps timing out.
TKT01028,CUST0496,Integration,Medium,Resolved,2025-04-17,2025-04-18,26.9,,Zapier connection keeps timing out.
TKT01029,CUST0334,Account Management,Medium,Resolved,2024-06-30,2024-07-02,60.4,4.0,We need to update our billing contact information.
TKT01030,CUST0189,Performance,High,Resolved,2022-04-24,2022-04-24,22.7,5.0,Dashboard charts lag when we have more than 5 filters active.
TKT01031,CUST0405,Integration,Low,Resolved,2022-03-02,2022-03-07,128.4,1.0,We need help setting up the webhook for order updates.
TKT01032,CUST0465,Feature Request,Low,In Progress,2022-08-21,2022-08-22,29.0,5.0,Please add a dark mode option to the dashboard.
TKT01033,CUST0386,Account Management,High,Resolved,2023-05-08,2023-05-08,8.1,4.0,We need to update our billing contact information.
TKT01034,CUST0447,Performance,Critical,In Progress,2024-08-07,2024-08-07,2.0,2.0,Dashboard charts lag when we have more than 5 filters active.
TKT01035,CUST0170,Performance,Medium,Resolved,2023-11-18,2023-11-19,43.1,,The platform is very slow during peak hours (9-11am EST).
TKT01036,CUST0182,Feature Request,Low,Escalated,2024-03-03,2024-03-05,54.8,3.0,We'd love a Slack integration for real-time alerts.
TKT01037,CUST0385,Performance,Medium,Resolved,2025-11-25,2025-11-26,35.9,4.0,The platform is very slow during peak hours (9-11am EST).
TKT01038,CUST0087,Integration,Low,Resolved,2022-01-25,2022-01-26,32.1,5.0,The Salesforce integration is not syncing contacts properly.
TKT01039,CUST0229,Technical Issue,Low,Resolved,2024-08-02,2024-08-04,65.8,5.0,Export to CSV is producing empty files.
TKT01040,CUST0120,Feature Request,Medium,Resolved,2024-04-18,2024-04-19,36.5,3.0,We need custom date range filters in the reports section.
TKT01041,CUST0375,Integration,Medium,Resolved,2022-07-06,2022-07-07,35.5,3.0,The Salesforce integration is not syncing contacts properly.
TKT01042,CUST0007,Onboarding,Medium,Resolved,2022-07-31,2022-07-31,13.0,4.0,The setup wizard keeps freezing at Step 3.
TKT01043,CUST0488,Billing,Medium,Resolved,2023-05-06,2023-05-06,9.6,,Can you clarify the pricing for adding more users?
TKT01044,CUST0145,Billing,Medium,Open,2023-08-14,2023-08-14,23.9,2.0,Requesting a refund for unused seats on our plan.
TKT01045,CUST0397,Technical Issue,High,Resolved,2025-01-14,2025-01-14,6.4,,Our data sync stopped working after the last update.
TKT01046,CUST0415,Onboarding,Medium,Resolved,2024-04-10,2024-04-11,34.3,5.0,We are stuck on the data migration step — need guidance.
TKT01047,CUST0025,Technical Issue,Medium,Resolved,2023-10-30,2023-10-30,23.1,5.0,Login page throws an error when using SSO.
TKT01048,CUST0043,Feature Request,Medium,In Progress,2022-09-24,2022-09-25,43.3,3.0,Would be great to have a mobile app version.
TKT01049,CUST0492,Onboarding,Critical,In Progress,2025-10-14,2025-10-14,7.2,4.0,We are stuck on the data migration step — need guidance.
TKT01050,CUST0480,Billing,Medium,Resolved,2025-03-27,2025-03-27,20.5,1.0,I was charged twice this month for my subscription.
TKT01051,CUST0206,Feature Request,Low,Open,2025-12-30,2025-12-31,113.2,2.0,We'd love a Slack integration for real-time alerts.
TKT01052,CUST0235,Feature Request,High,Escalated,2022-12-20,2022-12-20,18.1,4.0,Can you add a bulk user import via CSV?
TKT01053,CUST0417,Account Management,Medium,Resolved,2025-01-24,2025-01-25,42.3,5.0,Can we change the primary account admin?
TKT01054,CUST0370,Performance,Medium,Resolved,2023-08-22,2023-08-23,30.4,5.0,Dashboard charts lag when we have more than 5 filters active.
TKT01055,CUST0029,Onboarding,Medium,In Progress,2022-09-05,2022-09-06,33.3,3.0,The setup wizard keeps freezing at Step 3.
TKT01056,CUST0081,Billing,High,Resolved,2025-02-10,2025-02-10,20.2,3.0,My invoice doesn't match the amount on my credit card.
TKT01057,CUST0293,Integration,Low,Resolved,2024-04-17,2024-04-19,71.9,3.0,Zapier connection keeps timing out.
TKT01058,CUST0185,Performance,High,Resolved,2025-01-29,2025-01-29,23.8,5.0,Bulk data export is timing out for large datasets.
TKT01059,CUST0210,Feature Request,Medium,In Progress,2025-10-01,2025-10-02,29.2,5.0,We'd love a Slack integration for real-time alerts.
TKT01060,CUST0097,Performance,Critical,Resolved,2024-08-25,2024-08-25,1.1,5.0,Reports are taking over 2 minutes to load.
TKT01061,CUST0416,Technical Issue,Medium,In Progress,2022-05-05,2022-05-06,29.1,5.0,Login page throws an error when using SSO.
TKT01062,CUST0361,Account Management,Medium,Resolved,2025-04-02,2025-04-03,27.2,,We need to add 10 more user seats to our plan.
TKT01063,CUST0456,Integration,Low,Resolved,2024-10-30,2024-11-01,69.7,,We need help setting up the webhook for order updates.
TKT01064,CUST0156,Integration,Medium,Resolved,2024-04-18,2024-04-19,45.4,,We need help setting up the webhook for order updates.
TKT01065,CUST0437,Onboarding,High,Resolved,2025-10-10,2025-10-10,21.0,4.0,The setup wizard keeps freezing at Step 3.
TKT01066,CUST0219,Onboarding,Medium,Resolved,2025-10-18,2025-10-18,19.0,5.0,Our team hasn't received the onboarding training invite.
TKT01067,CUST0229,Integration,Low,Resolved,2024-09-03,2024-09-05,65.6,,The Salesforce integration is not syncing contacts properly.
TKT01068,CUST0171,Account Management,Low,Resolved,2022-11-02,2022-11-03,28.4,3.0,Please help us set up SSO for our organization.
TKT01069,CUST0116,Billing,Low,Escalated,2024-03-07,2024-03-09,71.8,4.0,My invoice doesn't match the amount on my credit card.
TKT01070,CUST0191,Onboarding,Low,Open,2022-01-21,2022-01-23,68.0,3.0,Can someone walk us through connecting our CRM?
TKT01071,CUST0420,Feature Request,High,Resolved,2022-03-22,2022-03-22,18.1,,We'd love a Slack integration for real-time alerts.
TKT01072,CUST0176,Technical Issue,Medium,Resolved,2023-07-11,2023-07-12,26.6,4.0,The dashboard is not loading — getting a 504 error.
TKT01073,CUST0363,Integration,Low,In Progress,2025-07-20,2025-07-24,104.6,1.0,Our API key stopped working after a password reset.
TKT01074,CUST0451,Technical Issue,Medium,Resolved,2024-04-15,2024-04-16,32.0,,Our data sync stopped working after the last update.
TKT01075,CUST0119,Technical Issue,Critical,Resolved,2022-09-23,2022-09-23,2.0,5.0,Login page throws an error when using SSO.
TKT01076,CUST0485,Account Management,Medium,Resolved,2024-08-11,2024-08-11,21.7,2.0,Please help us set up SSO for our organization.
TKT01077,CUST0096,Feature Request,High,Open,2023-03-02,2023-03-02,4.2,,Can you add a bulk user import via CSV?
TKT01078,CUST0423,Account Management,Medium,Resolved,2022-04-19,2022-04-19,8.3,4.0,Can we change the primary account admin?
TKT01079,CUST0129,Billing,Low,In Progress,2024-07-01,2024-07-02,39.7,,My invoice doesn't match the amount on my credit card.
TKT01080,CUST0101,Performance,Low,Resolved,2025-07-07,2025-07-11,100.3,2.0,API response times have increased significantly this week.
TKT01081,CUST0205,Performance,High,Resolved,2022-06-18,2022-06-18,4.8,5.0,Reports are taking over 2 minutes to load.
TKT01082,CUST0113,Onboarding,Low,Resolved,2024-12-08,2024-12-11,81.7,4.0,We are stuck on the data migration step — need guidance.
TKT01083,CUST0216,Integration,Medium,Resolved,2025-01-11,2025-01-11,8.7,5.0,We need help setting up the webhook for order updates.
TKT01084,CUST0433,Performance,Medium,Resolved,2023-09-12,2023-09-13,37.1,3.0,Bulk data export is timing out for large datasets.
TKT01085,CUST0357,Integration,High,Resolved,2024-08-07,2024-08-08,25.0,,Our API key stopped working after a password reset.
TKT01086,CUST0106,Performance,Low,Resolved,2024-07-11,2024-07-12,38.3,5.0,Dashboard charts lag when we have more than 5 filters active.
TKT01087,CUST0186,Integration,Low,Resolved,2022-09-29,2022-10-03,99.0,1.0,Zapier connection keeps timing out.
TKT01088,CUST0315,Integration,Medium,Resolved,2025-10-18,2025-10-19,34.9,5.0,Zapier connection keeps timing out.
TKT01089,CUST0191,Billing,Low,Escalated,2022-07-13,2022-07-15,66.8,5.0,The upgrade price shown in the app is different from what I was charged.
TKT01090,CUST0409,Feature Request,High,Resolved,2025-10-26,2025-10-26,17.1,,Please add a dark mode option to the dashboard.
TKT01091,CUST0224,Onboarding,High,Resolved,2025-08-22,2025-08-22,13.5,3.0,Can someone walk us through connecting our CRM?
TKT01092,CUST0115,Feature Request,Medium,Resolved,2024-08-22,2024-08-22,11.7,,Would be great to have a mobile app version.
TKT01093,CUST0273,Onboarding,Low,Resolved,2025-02-19,2025-02-23,105.6,1.0,We are stuck on the data migration step — need guidance.
TKT01094,CUST0172,Technical Issue,Medium,Resolved,2024-08-19,2024-08-19,23.2,,Export to CSV is producing empty files.
TKT01095,CUST0389,Onboarding,Low,Resolved,2025-10-18,2025-10-20,55.8,,Can someone walk us through connecting our CRM?
TKT01096,CUST0310,Feature Request,Medium,Resolved,2025-05-06,2025-05-06,19.6,,Would be great to have a mobile app version.
TKT01097,CUST0404,Performance,Low,Resolved,2024-01-12,2024-01-14,55.4,4.0,The platform is very slow during peak hours (9-11am EST).
TKT01098,CUST0030,Integration,Medium,Resolved,2022-03-06,2022-03-06,16.2,1.0,The Salesforce integration is not syncing contacts properly.
TKT01099,CUST0377,Account Management,High,Resolved,2023-02-22,2023-02-22,10.4,5.0,Can we change the primary account admin?
TKT01100,CUST0200,Performance,High,Resolved,2023-02-24,2023-02-25,28.5,2.0,The platform is very slow during peak hours (9-11am EST).
TKT01101,CUST0259,Onboarding,Low,Resolved,2023-03-14,2023-03-16,67.1,,Can someone walk us through connecting our CRM?
TKT01102,CUST0050,Integration,Low,Open,2025-05-20,2025-05-21,24.7,4.0,We need help setting up the webhook for order updates.
TKT01103,CUST0373,Billing,Medium,Resolved,2023-03-02,2023-03-03,47.0,4.0,Requesting a refund for unused seats on our plan.
TKT01104,CUST0387,Onboarding,High,Resolved,2025-02-16,2025-02-16,21.5,3.0,Can someone walk us through connecting our CRM?
TKT01105,CUST0315,Feature Request,Medium,Resolved,2023-07-27,2023-07-27,11.7,3.0,Would be great to have a mobile app version.
TKT01106,CUST0307,Technical Issue,Medium,Resolved,2024-04-29,2024-04-30,31.5,3.0,Notifications are not being delivered to our team emails.
TKT01107,CUST0147,Feature Request,High,In Progress,2023-05-21,2023-05-22,28.4,3.0,Please add a dark mode option to the dashboard.
TKT01108,CUST0406,Technical Issue,Medium,Resolved,2023-04-24,2023-04-25,29.6,3.0,Export to CSV is producing empty files.
TKT01109,CUST0484,Integration,Low,Resolved,2023-11-11,2023-11-13,52.0,3.0,HubSpot integration is duplicating records.
TKT01110,CUST0278,Account Management,High,Resolved,2024-07-09,2024-07-09,18.8,2.0,Please help us set up SSO for our organization.
TKT01111,CUST0418,Feature Request,Medium,Resolved,2025-05-26,2025-05-27,40.8,5.0,Can you add a bulk user import via CSV?
TKT01112,CUST0203,Technical Issue,Medium,Resolved,2022-04-29,2022-04-29,22.4,,Notifications are not being delivered to our team emails.
TKT01113,CUST0425,Performance,Medium,In Progress,2024-03-16,2024-03-18,64.1,2.0,Bulk data export is timing out for large datasets.
TKT01114,CUST0153,Account Management,High,Escalated,2024-01-04,2024-01-04,7.5,4.0,Can we change the primary account admin?
TKT01115,CUST0096,Account Management,Low,Resolved,2023-12-30,2024-01-01,52.0,5.0,Please help us set up SSO for our organization.
TKT01116,CUST0267,Integration,Low,Resolved,2023-11-08,2023-11-11,86.5,4.0,We need help setting up the webhook for order updates.
TKT01117,CUST0464,Feature Request,Medium,Resolved,2022-05-01,2022-05-01,16.5,4.0,Please add a dark mode option to the dashboard.
TKT01118,CUST0377,Integration,Low,In Progress,2022-06-17,2022-06-19,54.7,,The Salesforce integration is not syncing contacts properly.
TKT01119,CUST0023,Account Management,Low,Resolved,2025-03-22,2025-03-25,82.8,4.0,We'd like to upgrade from Growth to Enterprise plan.
TKT01120,CUST0210,Performance,Medium,Resolved,2025-12-08,2025-12-08,10.8,5.0,Reports are taking over 2 minutes to load.
TKT01121,CUST0425,Feature Request,Low,Resolved,2024-12-03,2024-12-07,107.8,,Please add a dark mode option to the dashboard.
TKT01122,CUST0279,Onboarding,Medium,Resolved,2025-09-16,2025-09-17,24.0,,Our team hasn't received the onboarding training invite.
TKT01123,CUST0162,Performance,Low,Open,2022-02-23,2022-02-24,36.0,4.0,The platform is very slow during peak hours (9-11am EST).
TKT01124,CUST0006,Billing,Critical,Resolved,2022-03-05,2022-03-05,2.4,3.0,The upgrade price shown in the app is different from what I was charged.
TKT01125,CUST0278,Billing,High,Resolved,2025-02-18,2025-02-18,5.1,1.0,Can you clarify the pricing for adding more users?
TKT01126,CUST0291,Account Management,Medium,Resolved,2023-01-24,2023-01-25,44.5,5.0,We'd like to upgrade from Growth to Enterprise plan.
TKT01127,CUST0183,Feature Request,Low,In Progress,2022-07-14,2022-07-17,72.4,5.0,Can you add a bulk user import via CSV?
TKT01128,CUST0296,Onboarding,Medium,Resolved,2022-06-16,2022-06-17,44.9,4.0,We are stuck on the data migration step — need guidance.
TKT01129,CUST0275,Billing,Medium,Open,2025-06-03,2025-06-06,73.5,2.0,My invoice doesn't match the amount on my credit card.
TKT01130,CUST0486,Account Management,Medium,Resolved,2024-01-19,2024-01-19,8.7,5.0,We need to add 10 more user seats to our plan.
TKT01131,CUST0043,Technical Issue,Critical,Resolved,2023-03-27,2023-03-27,2.5,,Our data sync stopped working after the last update.
TKT01132,CUST0181,Technical Issue,Critical,Resolved,2022-03-28,2022-03-28,4.9,4.0,The dashboard is not loading — getting a 504 error.
TKT01133,CUST0484,Account Management,Low,Resolved,2025-10-16,2025-10-17,29.3,4.0,We'd like to upgrade from Growth to Enterprise plan.
TKT01134,CUST0179,Onboarding,Low,Resolved,2024-07-08,2024-07-09,42.4,,Can someone walk us through connecting our CRM?
TKT01135,CUST0354,Technical Issue,High,Resolved,2022-09-26,2022-09-26,17.9,3.0,Login page throws an error when using SSO.
TKT01136,CUST0426,Feature Request,High,Resolved,2024-05-29,2024-05-29,9.0,3.0,We'd love a Slack integration for real-time alerts.
TKT01137,CUST0221,Billing,High,In Progress,2022-05-10,2022-05-10,13.9,5.0,My invoice doesn't match the amount on my credit card.
TKT01138,CUST0364,Performance,High,Resolved,2025-10-23,2025-10-23,15.5,3.0,The platform is very slow during peak hours (9-11am EST).
TKT01139,CUST0167,Feature Request,Medium,Resolved,2024-11-06,2024-11-08,62.0,2.0,We'd love a Slack integration for real-time alerts.
TKT01140,CUST0078,Technical Issue,Low,Resolved,2023-08-06,2023-08-09,82.8,4.0,Notifications are not being delivered to our team emails.
TKT01141,CUST0259,Performance,Medium,Resolved,2022-08-04,2022-08-05,41.8,5.0,Dashboard charts lag when we have more than 5 filters active.
TKT01142,CUST0293,Account Management,Medium,Resolved,2025-01-26,2025-01-26,9.9,,We need to add 10 more user seats to our plan.
TKT01143,CUST0046,Billing,Low,Resolved,2022-04-11,2022-04-14,84.7,3.0,Can you clarify the pricing for adding more users?
TKT01144,CUST0403,Feature Request,High,Open,2025-11-12,2025-11-12,21.6,4.0,Please add a dark mode option to the dashboard.
TKT01145,CUST0414,Onboarding,High,Resolved,2025-01-13,2025-01-13,17.4,4.0,We are stuck on the data migration step — need guidance.
TKT01146,CUST0412,Account Management,Medium,Resolved,2023-04-29,2023-04-29,18.9,4.0,We'd like to upgrade from Growth to Enterprise plan.
TKT01147,CUST0181,Billing,High,In Progress,2022-01-24,2022-01-24,15.0,5.0,Requesting a refund for unused seats on our plan.
TKT01148,CUST0467,Integration,Low,Resolved,2022-09-27,2022-10-01,118.2,3.0,We need help setting up the webhook for order updates.
TKT01149,CUST0286,Technical Issue,Medium,Resolved,2025-07-29,2025-07-30,29.9,5.0,The dashboard is not loading — getting a 504 error.
TKT01150,CUST0073,Integration,Critical,Resolved,2022-06-10,2022-06-10,5.0,1.0,Our API key stopped working after a password reset.
TKT01151,CUST0233,Account Management,Critical,Resolved,2024-06-26,2024-06-26,7.4,,Can we change the primary account admin?
TKT01152,CUST0322,Integration,Low,Resolved,2024-04-11,2024-04-14,78.2,5.0,Our API key stopped working after a password reset.
TKT01153,CUST0050,Onboarding,High,Resolved,2023-08-09,2023-08-09,12.9,5.0,Can someone walk us through connecting our CRM?
TKT01154,CUST0151,Performance,Medium,Resolved,2024-11-28,2024-11-29,33.3,2.0,Dashboard charts lag when we have more than 5 filters active.
TKT01155,CUST0413,Onboarding,Critical,Resolved,2022-06-23,2022-06-23,1.8,3.0,We need help setting up user roles and permissions.
TKT01156,CUST0005,Account Management,Low,In Progress,2025-05-07,2025-05-09,61.6,,Please help us set up SSO for our organization.
TKT01157,CUST0305,Performance,Critical,Resolved,2025-10-14,2025-10-14,3.9,3.0,Dashboard charts lag when we have more than 5 filters active.
TKT01158,CUST0081,Account Management,Medium,Resolved,2024-10-02,2024-10-03,40.9,,Can we change the primary account admin?
TKT01159,CUST0187,Account Management,High,Resolved,2022-09-28,2022-09-28,6.5,3.0,We'd like to upgrade from Growth to Enterprise plan.
TKT01160,CUST0092,Technical Issue,Medium,Resolved,2023-12-01,2023-12-02,41.1,3.0,The dashboard is not loading — getting a 504 error.
TKT01161,CUST0382,Account Management,Medium,Resolved,2025-06-22,2025-06-22,20.4,3.0,Please help us set up SSO for our organization.
TKT01162,CUST0186,Account Management,Low,Resolved,2022-11-04,2022-11-05,39.4,2.0,We'd like to upgrade from Growth to Enterprise plan.
TKT01163,CUST0045,Technical Issue,Medium,Resolved,2024-11-20,2024-11-20,18.9,3.0,Export to CSV is producing empty files.
TKT01164,CUST0425,Integration,Low,Resolved,2025-09-21,2025-09-23,55.6,,The Salesforce integration is not syncing contacts properly.
TKT01165,CUST0044,Technical Issue,High,Open,2025-03-31,2025-03-31,8.0,,Our data sync stopped working after the last update.
TKT01166,CUST0406,Account Management,Low,In Progress,2025-12-01,2025-12-03,70.1,,We need to add 10 more user seats to our plan.
TKT01167,CUST0276,Account Management,Medium,In Progress,2023-04-01,2023-04-01,18.6,3.0,Please help us set up SSO for our organization.
TKT01168,CUST0247,Integration,High,In Progress,2022-11-06,2022-11-06,17.2,3.0,The Salesforce integration is not syncing contacts properly.
TKT01169,CUST0219,Integration,Low,Resolved,2022-07-09,2022-07-10,39.6,5.0,HubSpot integration is duplicating records.
TKT01170,CUST0056,Performance,Low,Resolved,2022-03-29,2022-04-01,81.9,3.0,Bulk data export is timing out for large datasets.
TKT01171,CUST0210,Feature Request,Critical,Resolved,2024-11-29,2024-11-29,6.4,4.0,Can you add a bulk user import via CSV?
TKT01172,CUST0186,Integration,Medium,Resolved,2023-08-02,2023-08-04,62.5,2.0,We need help setting up the webhook for order updates.
TKT01173,CUST0360,Feature Request,Medium,Resolved,2024-12-27,2024-12-27,22.0,4.0,Can you add a bulk user import via CSV?
TKT01174,CUST0152,Performance,Low,Escalated,2025-08-02,2025-08-03,47.2,3.0,Dashboard charts lag when we have more than 5 filters active.
TKT01175,CUST0348,Integration,High,Resolved,2025-02-07,2025-02-07,2.6,,Zapier connection keeps timing out.
TKT01176,CUST0188,Technical Issue,Medium,Escalated,2024-12-15,2024-12-15,15.5,3.0,The dashboard is not loading — getting a 504 error.
TKT01177,CUST0226,Onboarding,Medium,Resolved,2024-02-17,2024-02-18,44.6,5.0,Our team hasn't received the onboarding training invite.
TKT01178,CUST0497,Onboarding,Low,Resolved,2025-12-18,2025-12-22,118.6,1.0,Our team hasn't received the onboarding training invite.
TKT01179,CUST0242,Feature Request,Low,Resolved,2025-11-01,2025-11-04,84.6,,We need custom date range filters in the reports section.
TKT01180,CUST0310,Technical Issue,Low,Resolved,2025-12-23,2025-12-24,33.8,,The dashboard is not loading — getting a 504 error.
TKT01181,CUST0152,Performance,High,Resolved,2022-06-18,2022-06-18,7.7,3.0,Reports are taking over 2 minutes to load.
TKT01182,CUST0063,Billing,High,Resolved,2022-06-17,2022-06-17,13.0,,My invoice doesn't match the amount on my credit card.
TKT01183,CUST0445,Integration,Medium,Resolved,2023-09-19,2023-09-20,35.4,3.0,Zapier connection keeps timing out.
TKT01184,CUST0305,Account Management,Medium,Resolved,2024-09-07,2024-09-07,11.9,,We'd like to upgrade from Growth to Enterprise plan.
TKT01185,CUST0420,Technical Issue,High,In Progress,2025-04-04,2025-04-04,22.5,,Login page throws an error when using SSO.
TKT01186,CUST0240,Billing,Low,Resolved,2022-04-04,2022-04-07,77.7,4.0,My invoice doesn't match the amount on my credit card.
TKT01187,CUST0308,Integration,Medium,Resolved,2025-12-28,2025-12-29,29.7,5.0,We need help setting up the webhook for order updates.
TKT01188,CUST0376,Integration,Medium,In Progress,2022-07-09,2022-07-10,41.5,4.0,The Salesforce integration is not syncing contacts properly.
TKT01189,CUST0477,Account Management,High,Resolved,2022-08-25,2022-08-25,10.1,4.0,We need to update our billing contact information.
TKT01190,CUST0234,Onboarding,Critical,In Progress,2023-03-26,2023-03-26,4.6,4.0,We need help setting up user roles and permissions.
TKT01191,CUST0488,Technical Issue,Low,Resolved,2022-11-25,2022-11-26,36.1,,Notifications are not being delivered to our team emails.
TKT01192,CUST0286,Billing,High,Escalated,2024-06-18,2024-06-18,2.3,5.0,I was charged twice this month for my subscription.
TKT01193,CUST0375,Performance,High,Resolved,2024-12-11,2024-12-11,6.8,4.0,Bulk data export is timing out for large datasets.
TKT01194,CUST0371,Account Management,Medium,Resolved,2022-01-14,2022-01-15,42.2,,Please help us set up SSO for our organization.
TKT01195,CUST0391,Feature Request,Medium,In Progress,2022-01-08,2022-01-10,55.8,2.0,Can you add a bulk user import via CSV?
TKT01196,CUST0282,Account Management,Low,Resolved,2023-01-06,2023-01-09,80.7,3.0,We need to add 10 more user seats to our plan.
TKT01197,CUST0476,Technical Issue,High,Resolved,2024-10-28,2024-10-28,11.1,3.0,Login page throws an error when using SSO.
TKT01198,CUST0134,Account Management,Medium,Resolved,2024-05-23,2024-05-23,18.5,5.0,Can we change the primary account admin?
TKT01199,CUST0006,Feature Request,Medium,Resolved,2024-01-08,2024-01-10,54.0,4.0,Would be great to have a mobile app version.
TKT01200,CUST0390,Billing,High,Resolved,2024-04-01,2024-04-02,26.4,3.0,Can you clarify the pricing for adding more users?
TKT01201,CUST0119,Billing,Low,Resolved,2023-06-01,2023-06-03,71.0,,Requesting a refund for unused seats on our plan.
TKT01202,CUST0373,Feature Request,Medium,Escalated,2025-02-25,2025-02-25,11.7,5.0,Please add a dark mode option to the dashboard.
TKT01203,CUST0409,Onboarding,Medium,In Progress,2022-11-12,2022-11-13,46.7,,We are stuck on the data migration step — need guidance.
TKT01204,CUST0384,Technical Issue,Medium,Resolved,2025-10-29,2025-10-29,18.5,1.0,Export to CSV is producing empty files.
TKT01205,CUST0372,Technical Issue,High,Open,2023-06-01,2023-06-01,15.8,3.0,Login page throws an error when using SSO.
TKT01206,CUST0297,Feature Request,High,Resolved,2025-02-05,2025-02-05,19.7,5.0,Please add a dark mode option to the dashboard.
TKT01207,CUST0319,Technical Issue,Medium,Resolved,2023-02-09,2023-02-10,44.9,,Login page throws an error when using SSO.
TKT01208,CUST0353,Onboarding,Medium,Resolved,2024-10-13,2024-10-13,15.1,4.0,We need help setting up user roles and permissions.
TKT01209,CUST0250,Feature Request,Medium,Resolved,2024-01-10,2024-01-11,39.5,3.0,Please add a dark mode option to the dashboard.
TKT01210,CUST0132,Integration,Low,Escalated,2023-12-10,2023-12-11,39.8,5.0,The Salesforce integration is not syncing contacts properly.
TKT01211,CUST0335,Integration,High,Resolved,2023-01-02,2023-01-02,11.5,3.0,Zapier connection keeps timing out.
TKT01212,CUST0311,Billing,Medium,Resolved,2024-09-30,2024-10-02,67.2,,I was charged twice this month for my subscription.
TKT01213,CUST0039,Billing,Low,Resolved,2022-08-06,2022-08-09,76.9,1.0,Requesting a refund for unused seats on our plan.
TKT01214,CUST0384,Technical Issue,Medium,Resolved,2023-05-30,2023-05-31,44.8,,The dashboard is not loading — getting a 504 error.
TKT01215,CUST0300,Integration,Low,In Progress,2022-01-06,2022-01-09,86.2,4.0,The Salesforce integration is not syncing contacts properly.
TKT01216,CUST0197,Account Management,High,In Progress,2023-05-28,2023-05-28,20.2,3.0,We'd like to upgrade from Growth to Enterprise plan.
TKT01217,CUST0410,Performance,Medium,Resolved,2022-07-03,2022-07-03,21.7,3.0,API response times have increased significantly this week.
TKT01218,CUST0014,Onboarding,Medium,Resolved,2025-03-18,2025-03-18,23.2,4.0,Can someone walk us through connecting our CRM?
TKT01219,CUST0019,Integration,Medium,Resolved,2022-08-31,2022-08-31,9.8,,Zapier connection keeps timing out.
TKT01220,CUST0222,Feature Request,Low,Resolved,2022-12-22,2022-12-23,28.1,4.0,Would be great to have a mobile app version.
TKT01221,CUST0082,Feature Request,High,Resolved,2025-06-24,2025-06-24,23.7,,Please add a dark mode option to the dashboard.
TKT01222,CUST0350,Onboarding,Medium,Resolved,2022-11-18,2022-11-19,38.7,3.0,We are stuck on the data migration step — need guidance.
TKT01223,CUST0172,Feature Request,Medium,Resolved,2022-07-16,2022-07-17,41.3,4.0,Can you add a bulk user import via CSV?
TKT01224,CUST0094,Performance,High,Resolved,2024-04-27,2024-04-27,3.4,4.0,API response times have increased significantly this week.
TKT01225,CUST0261,Integration,Medium,In Progress,2025-08-05,2025-08-07,56.7,1.0,The Salesforce integration is not syncing contacts properly.
TKT01226,CUST0269,Feature Request,Medium,In Progress,2024-08-29,2024-08-29,16.0,4.0,We need custom date range filters in the reports section.
TKT01227,CUST0419,Account Management,Medium,Resolved,2023-03-12,2023-03-13,46.0,4.0,We'd like to upgrade from Growth to Enterprise plan.
TKT01228,CUST0255,Billing,Low,In Progress,2023-02-16,2023-02-17,34.8,4.0,The upgrade price shown in the app is different from what I was charged.
TKT01229,CUST0392,Account Management,Medium,Resolved,2024-03-17,2024-03-18,40.3,5.0,We'd like to upgrade from Growth to Enterprise plan.
TKT01230,CUST0336,Performance,Medium,Open,2025-06-21,2025-06-21,18.4,4.0,Dashboard charts lag when we have more than 5 filters active.
TKT01231,CUST0179,Feature Request,High,Resolved,2023-05-04,2023-05-04,8.1,4.0,Please add a dark mode option to the dashboard.
TKT01232,CUST0368,Performance,Low,Resolved,2022-02-18,2022-02-21,79.8,,Dashboard charts lag when we have more than 5 filters active.
TKT01233,CUST0332,Billing,Medium,Resolved,2023-07-13,2023-07-14,35.2,5.0,The upgrade price shown in the app is different from what I was charged.
TKT01234,CUST0117,Performance,Medium,Resolved,2023-11-13,2023-11-14,43.1,,Bulk data export is timing out for large datasets.
TKT01235,CUST0444,Billing,High,Open,2024-09-14,2024-09-14,21.7,2.0,My invoice doesn't match the amount on my credit card.
TKT01236,CUST0191,Onboarding,Medium,Resolved,2023-01-18,2023-01-19,36.9,,Can someone walk us through connecting our CRM?
TKT01237,CUST0156,Performance,Medium,Resolved,2025-11-27,2025-11-28,44.8,3.0,Dashboard charts lag when we have more than 5 filters active.
TKT01238,CUST0108,Billing,Critical,Resolved,2023-07-17,2023-07-17,2.6,,The upgrade price shown in the app is different from what I was charged.
TKT01239,CUST0416,Performance,Low,Resolved,2022-03-02,2022-03-03,46.6,,The platform is very slow during peak hours (9-11am EST).
TKT01240,CUST0265,Technical Issue,High,In Progress,2024-07-14,2024-07-14,15.9,3.0,Export to CSV is producing empty files.
TKT01241,CUST0240,Feature Request,Medium,Open,2023-06-30,2023-07-01,35.7,4.0,We need custom date range filters in the reports section.
TKT01242,CUST0127,Technical Issue,High,Resolved,2022-10-07,2022-10-07,21.9,,Notifications are not being delivered to our team emails.
TKT01243,CUST0136,Billing,Medium,In Progress,2022-10-28,2022-10-29,39.3,5.0,Requesting a refund for unused seats on our plan.
TKT01244,CUST0036,Billing,High,In Progress,2022-02-13,2022-02-13,9.5,1.0,The upgrade price shown in the app is different from what I was charged.
TKT01245,CUST0057,Performance,High,Resolved,2023-11-03,2023-11-03,4.5,,API response times have increased significantly this week.
TKT01246,CUST0452,Onboarding,Medium,Resolved,2025-07-22,2025-07-23,42.8,2.0,We are stuck on the data migration step — need guidance.
TKT01247,CUST0135,Feature Request,Low,Resolved,2023-10-21,2023-10-24,89.9,3.0,We need custom date range filters in the reports section.
TKT01248,CUST0108,Account Management,Medium,Resolved,2023-12-06,2023-12-08,55.6,2.0,Please help us set up SSO for our organization.
TKT01249,CUST0390,Onboarding,Low,Resolved,2024-04-06,2024-04-11,137.6,4.0,Can someone walk us through connecting our CRM?
TKT01250,CUST0044,Performance,High,Resolved,2025-12-03,2025-12-03,13.9,3.0,API response times have increased significantly this week.
TKT01251,CUST0453,Performance,Medium,Resolved,2022-07-14,2022-07-16,68.0,2.0,The platform is very slow during peak hours (9-11am EST).
TKT01252,CUST0130,Feature Request,Medium,Resolved,2025-04-19,2025-04-20,28.8,,We'd love a Slack integration for real-time alerts.
TKT01253,CUST0495,Technical Issue,High,Resolved,2023-05-24,2023-05-24,13.0,4.0,The dashboard is not loading — getting a 504 error.
TKT01254,CUST0356,Integration,High,Resolved,2022-01-24,2022-01-24,12.8,,The Salesforce integration is not syncing contacts properly.
TKT01255,CUST0386,Onboarding,High,Resolved,2024-01-15,2024-01-15,4.6,,Can someone walk us through connecting our CRM?
TKT01256,CUST0254,Billing,Critical,Resolved,2024-12-16,2024-12-16,2.4,5.0,Requesting a refund for unused seats on our plan.
TKT01257,CUST0375,Feature Request,Medium,In Progress,2023-02-06,2023-02-07,40.2,,Would be great to have a mobile app version.
TKT01258,CUST0180,Onboarding,Low,In Progress,2023-11-04,2023-11-08,114.4,1.0,The setup wizard keeps freezing at Step 3.
TKT01259,CUST0318,Technical Issue,Medium,In Progress,2024-11-18,2024-11-18,10.3,,The dashboard is not loading — getting a 504 error.
TKT01260,CUST0284,Account Management,High,Open,2023-05-17,2023-05-18,31.1,3.0,Can we change the primary account admin?
TKT01261,CUST0043,Onboarding,Medium,Escalated,2024-11-29,2024-11-29,21.0,4.0,The setup wizard keeps freezing at Step 3.
TKT01262,CUST0456,Billing,Medium,Resolved,2025-09-11,2025-09-13,49.4,2.0,I was charged twice this month for my subscription.
TKT01263,CUST0096,Performance,Low,Resolved,2025-07-06,2025-07-09,87.9,5.0,Bulk data export is timing out for large datasets.
TKT01264,CUST0318,Integration,High,In Progress,2022-09-12,2022-09-12,18.4,,The Salesforce integration is not syncing contacts properly.
TKT01265,CUST0311,Integration,Medium,In Progress,2024-04-03,2024-04-04,37.2,,HubSpot integration is duplicating records.
TKT01266,CUST0085,Technical Issue,Medium,Resolved,2024-03-29,2024-03-29,22.1,3.0,The dashboard is not loading — getting a 504 error.
TKT01267,CUST0330,Integration,Low,Resolved,2023-12-25,2023-12-27,70.1,1.0,Zapier connection keeps timing out.
TKT01268,CUST0107,Technical Issue,Low,Resolved,2022-10-26,2022-10-29,86.4,4.0,Our data sync stopped working after the last update.
TKT01269,CUST0500,Feature Request,Low,Resolved,2023-08-22,2023-08-23,33.2,,Would be great to have a mobile app version.
TKT01270,CUST0020,Account Management,Critical,Resolved,2024-02-27,2024-02-27,7.5,,We need to add 10 more user seats to our plan.
TKT01271,CUST0448,Billing,High,Resolved,2022-03-08,2022-03-08,23.1,1.0,Requesting a refund for unused seats on our plan.
TKT01272,CUST0148,Performance,Medium,Resolved,2024-11-23,2024-11-23,22.4,4.0,API response times have increased significantly this week.
TKT01273,CUST0105,Integration,High,Resolved,2022-11-04,2022-11-04,8.0,5.0,Our API key stopped working after a password reset.
TKT01274,CUST0425,Billing,Medium,In Progress,2022-06-23,2022-06-24,47.1,2.0,Can you clarify the pricing for adding more users?
TKT01275,CUST0224,Feature Request,High,Resolved,2025-04-16,2025-04-16,9.8,5.0,Please add a dark mode option to the dashboard.
TKT01276,CUST0186,Feature Request,Medium,In Progress,2025-11-05,2025-11-06,39.6,1.0,Please add a dark mode option to the dashboard.
TKT01277,CUST0303,Billing,Low,Resolved,2024-11-17,2024-11-18,32.9,5.0,Can you clarify the pricing for adding more users?
TKT01278,CUST0156,Feature Request,Medium,In Progress,2024-07-17,2024-07-17,23.5,4.0,We'd love a Slack integration for real-time alerts.
TKT01279,CUST0391,Feature Request,Medium,Open,2023-07-31,2023-08-02,50.3,,Please add a dark mode option to the dashboard.
TKT01280,CUST0262,Integration,Low,In Progress,2023-06-07,2023-06-09,71.6,1.0,Zapier connection keeps timing out.
TKT01281,CUST0014,Onboarding,High,Resolved,2024-04-25,2024-04-25,15.1,4.0,We need help setting up user roles and permissions.
TKT01282,CUST0397,Technical Issue,Medium,Resolved,2023-11-13,2023-11-14,28.3,,The dashboard is not loading — getting a 504 error.
TKT01283,CUST0365,Technical Issue,Medium,Resolved,2024-07-03,2024-07-04,25.5,4.0,Login page throws an error when using SSO.
TKT01284,CUST0479,Onboarding,Low,Resolved,2025-03-22,2025-03-25,86.9,5.0,We are stuck on the data migration step — need guidance.
TKT01285,CUST0264,Onboarding,Low,Resolved,2023-08-14,2023-08-17,77.0,3.0,Can someone walk us through connecting our CRM?
TKT01286,CUST0316,Billing,Low,Escalated,2022-05-08,2022-05-11,75.2,4.0,Can you clarify the pricing for adding more users?
TKT01287,CUST0281,Account Management,Medium,Resolved,2025-11-10,2025-11-11,37.5,4.0,We need to add 10 more user seats to our plan.
TKT01288,CUST0068,Technical Issue,Medium,Resolved,2023-11-30,2023-12-01,39.5,4.0,The dashboard is not loading — getting a 504 error.
TKT01289,CUST0187,Integration,Low,Resolved,2022-03-03,2022-03-06,91.0,4.0,We need help setting up the webhook for order updates.
TKT01290,CUST0376,Account Management,Low,Resolved,2023-09-09,2023-09-10,32.9,,Can we change the primary account admin?
TKT01291,CUST0348,Onboarding,Medium,Resolved,2023-02-09,2023-02-10,40.2,4.0,We are stuck on the data migration step — need guidance.
TKT01292,CUST0104,Feature Request,Low,Escalated,2025-07-28,2025-07-31,83.0,,Please add a dark mode option to the dashboard.
TKT01293,CUST0173,Integration,Low,In Progress,2023-08-17,2023-08-19,49.4,4.0,Our API key stopped working after a password reset.
TKT01294,CUST0411,Technical Issue,Critical,Resolved,2024-05-18,2024-05-18,7.9,5.0,Our data sync stopped working after the last update.
TKT01295,CUST0407,Performance,Medium,Resolved,2024-04-29,2024-04-30,39.3,,API response times have increased significantly this week.
TKT01296,CUST0004,Feature Request,Critical,Resolved,2025-04-03,2025-04-03,1.6,5.0,We'd love a Slack integration for real-time alerts.
TKT01297,CUST0041,Onboarding,Low,Resolved,2023-11-07,2023-11-10,73.0,3.0,We are stuck on the data migration step — need guidance.
TKT01298,CUST0297,Onboarding,Medium,Resolved,2023-04-02,2023-04-02,23.6,3.0,We need help setting up user roles and permissions.
TKT01299,CUST0125,Account Management,Low,Resolved,2025-10-24,2025-10-26,54.3,5.0,We need to update our billing contact information.
TKT01300,CUST0331,Performance,Low,Resolved,2022-06-30,2022-07-01,26.4,5.0,The platform is very slow during peak hours (9-11am EST).
TKT01301,CUST0048,Billing,Medium,Resolved,2023-02-24,2023-02-24,23.9,,Requesting a refund for unused seats on our plan.
TKT01302,CUST0313,Performance,Low,Resolved,2025-10-20,2025-10-23,76.8,5.0,Dashboard charts lag when we have more than 5 filters active.
TKT01303,CUST0301,Billing,Low,Resolved,2022-01-05,2022-01-07,71.9,5.0,Can you clarify the pricing for adding more users?
TKT01304,CUST0266,Technical Issue,High,Resolved,2022-05-09,2022-05-09,14.3,5.0,Export to CSV is producing empty files.
TKT01305,CUST0481,Onboarding,Medium,In Progress,2024-04-24,2024-04-25,38.9,3.0,The setup wizard keeps freezing at Step 3.
TKT01306,CUST0412,Technical Issue,Medium,Resolved,2025-01-18,2025-01-18,17.3,3.0,Our data sync stopped working after the last update.
TKT01307,CUST0381,Account Management,Medium,Resolved,2023-08-22,2023-08-23,27.2,,Please help us set up SSO for our organization.
TKT01308,CUST0435,Billing,Low,Resolved,2025-08-20,2025-08-22,64.2,3.0,The upgrade price shown in the app is different from what I was charged.
TKT01309,CUST0223,Onboarding,Low,Resolved,2025-05-01,2025-05-06,128.8,1.0,We need help setting up user roles and permissions.
TKT01310,CUST0423,Account Management,Medium,Resolved,2025-06-02,2025-06-03,30.7,5.0,Please help us set up SSO for our organization.
TKT01311,CUST0157,Feature Request,Medium,Resolved,2025-06-02,2025-06-03,26.7,3.0,Can you add a bulk user import via CSV?
TKT01312,CUST0168,Feature Request,High,Resolved,2024-04-06,2024-04-06,14.1,,Would be great to have a mobile app version.
TKT01313,CUST0483,Technical Issue,Medium,Resolved,2025-04-09,2025-04-10,38.4,5.0,Login page throws an error when using SSO.
TKT01314,CUST0490,Integration,Medium,Resolved,2024-05-06,2024-05-07,34.7,3.0,The Salesforce integration is not syncing contacts properly.
TKT01315,CUST0276,Technical Issue,High,Resolved,2025-03-26,2025-03-26,19.2,,Our data sync stopped working after the last update.
TKT01316,CUST0287,Onboarding,Low,Open,2022-04-18,2022-04-20,64.5,,Can someone walk us through connecting our CRM?
TKT01317,CUST0397,Feature Request,Low,Resolved,2024-03-03,2024-03-06,72.6,,Would be great to have a mobile app version.
TKT01318,CUST0471,Feature Request,Medium,In Progress,2024-12-02,2024-12-03,46.5,3.0,We'd love a Slack integration for real-time alerts.
TKT01319,CUST0404,Feature Request,Medium,Resolved,2024-02-28,2024-02-29,35.5,4.0,We need custom date range filters in the reports section.
TKT01320,CUST0334,Account Management,Medium,Resolved,2024-02-01,2024-02-03,65.6,4.0,We need to update our billing contact information.
TKT01321,CUST0028,Feature Request,Medium,Resolved,2022-09-27,2022-09-28,44.7,4.0,We need custom date range filters in the reports section.
TKT01322,CUST0131,Integration,Low,Resolved,2024-04-28,2024-05-03,143.9,,The Salesforce integration is not syncing contacts properly.
TKT01323,CUST0055,Feature Request,Critical,Resolved,2023-12-29,2023-12-29,2.4,,Please add a dark mode option to the dashboard.
TKT01324,CUST0032,Feature Request,Low,In Progress,2025-11-03,2025-11-07,97.2,4.0,We'd love a Slack integration for real-time alerts.
TKT01325,CUST0071,Billing,Low,Resolved,2022-06-19,2022-06-21,69.5,,Can you clarify the pricing for adding more users?
TKT01326,CUST0484,Performance,Low,Resolved,2023-11-28,2023-11-30,53.4,3.0,The platform is very slow during peak hours (9-11am EST).
TKT01327,CUST0437,Integration,Medium,In Progress,2025-01-17,2025-01-17,11.5,,Zapier connection keeps timing out.
TKT01328,CUST0427,Technical Issue,Medium,Open,2024-10-22,2024-10-23,42.7,4.0,Login page throws an error when using SSO.
TKT01329,CUST0105,Technical Issue,High,Resolved,2025-10-07,2025-10-07,15.0,4.0,Our data sync stopped working after the last update.
TKT01330,CUST0281,Billing,Low,Escalated,2022-03-25,2022-03-28,90.2,5.0,Can you clarify the pricing for adding more users?
TKT01331,CUST0378,Account Management,Medium,Resolved,2022-03-20,2022-03-21,36.1,,We need to add 10 more user seats to our plan.
TKT01332,CUST0179,Onboarding,High,Resolved,2025-09-02,2025-09-02,19.1,5.0,Can someone walk us through connecting our CRM?
TKT01333,CUST0307,Billing,Medium,Resolved,2022-09-29,2022-09-30,43.1,3.0,Can you clarify the pricing for adding more users?
TKT01334,CUST0049,Billing,High,Resolved,2023-03-18,2023-03-18,9.0,3.0,I was charged twice this month for my subscription.
TKT01335,CUST0445,Billing,Medium,Resolved,2024-09-08,2024-09-10,59.6,3.0,I was charged twice this month for my subscription.
TKT01336,CUST0220,Billing,Low,Resolved,2022-11-10,2022-11-13,88.6,3.0,The upgrade price shown in the app is different from what I was charged.
TKT01337,CUST0234,Feature Request,Medium,Resolved,2023-02-16,2023-02-17,40.9,,We need custom date range filters in the reports section.
TKT01338,CUST0428,Technical Issue,Low,Resolved,2023-05-19,2023-05-20,47.9,,Export to CSV is producing empty files.
TKT01339,CUST0045,Technical Issue,Medium,Resolved,2024-04-22,2024-04-22,22.1,3.0,Our data sync stopped working after the last update.
TKT01340,CUST0045,Onboarding,Critical,Resolved,2023-11-27,2023-11-27,4.6,3.0,The setup wizard keeps freezing at Step 3.
TKT01341,CUST0170,Feature Request,Low,Resolved,2024-07-24,2024-07-27,91.7,5.0,Can you add a bulk user import via CSV?
TKT01342,CUST0457,Onboarding,Medium,In Progress,2022-10-22,2022-10-23,26.2,3.0,We are stuck on the data migration step — need guidance.
TKT01343,CUST0183,Performance,High,Resolved,2025-11-04,2025-11-04,22.3,3.0,Dashboard charts lag when we have more than 5 filters active.
TKT01344,CUST0164,Onboarding,Critical,Resolved,2022-05-26,2022-05-26,7.8,,We need help setting up user roles and permissions.
TKT01345,CUST0197,Onboarding,High,Resolved,2025-05-11,2025-05-11,6.5,,Our team hasn't received the onboarding training invite.
TKT01346,CUST0408,Technical Issue,Medium,Resolved,2023-04-16,2023-04-17,38.4,3.0,Export to CSV is producing empty files.
TKT01347,CUST0145,Performance,Medium,Resolved,2023-10-17,2023-10-20,74.8,4.0,Bulk data export is timing out for large datasets.
TKT01348,CUST0029,Onboarding,Medium,Resolved,2023-01-21,2023-01-21,13.8,,We need help setting up user roles and permissions.
TKT01349,CUST0076,Feature Request,Low,Open,2025-10-31,2025-11-02,68.9,3.0,Please add a dark mode option to the dashboard.
TKT01350,CUST0294,Billing,Low,Resolved,2022-03-12,2022-03-13,45.9,5.0,I was charged twice this month for my subscription.
TKT01351,CUST0157,Integration,Medium,Resolved,2023-10-10,2023-10-10,19.1,2.0,Our API key stopped working after a password reset.
TKT01352,CUST0187,Performance,Low,Resolved,2024-05-03,2024-05-04,38.6,,Bulk data export is timing out for large datasets.
TKT01353,CUST0396,Feature Request,Medium,In Progress,2023-02-01,2023-02-02,26.6,3.0,Would be great to have a mobile app version.
TKT01354,CUST0461,Feature Request,Low,Resolved,2023-06-24,2023-06-25,40.8,3.0,Can you add a bulk user import via CSV?
TKT01355,CUST0237,Billing,High,Resolved,2023-07-07,2023-07-07,18.7,,My invoice doesn't match the amount on my credit card.
TKT01356,CUST0359,Account Management,Medium,In Progress,2025-02-04,2025-02-06,70.3,2.0,Can we change the primary account admin?
TKT01357,CUST0322,Account Management,Medium,Resolved,2024-08-21,2024-08-21,11.7,5.0,We'd like to upgrade from Growth to Enterprise plan.
TKT01358,CUST0056,Onboarding,Medium,Escalated,2024-06-29,2024-06-29,23.0,3.0,Can someone walk us through connecting our CRM?
TKT01359,CUST0122,Performance,High,Open,2023-05-05,2023-05-05,2.7,3.0,Bulk data export is timing out for large datasets.
TKT01360,CUST0457,Account Management,Medium,Resolved,2024-02-15,2024-02-16,32.3,3.0,We need to add 10 more user seats to our plan.
TKT01361,CUST0109,Onboarding,Low,Resolved,2024-10-20,2024-10-21,26.0,4.0,The setup wizard keeps freezing at Step 3.
TKT01362,CUST0180,Performance,Medium,Escalated,2025-07-13,2025-07-14,31.7,3.0,The platform is very slow during peak hours (9-11am EST).
TKT01363,CUST0172,Integration,Low,Resolved,2024-01-25,2024-01-27,57.6,4.0,Our API key stopped working after a password reset.
TKT01364,CUST0134,Onboarding,Low,Resolved,2022-01-26,2022-01-28,57.8,4.0,Can someone walk us through connecting our CRM?
TKT01365,CUST0483,Performance,Low,Open,2022-08-15,2022-08-17,65.8,4.0,Reports are taking over 2 minutes to load.
TKT01366,CUST0478,Account Management,Medium,Resolved,2024-02-24,2024-02-25,39.5,3.0,We need to add 10 more user seats to our plan.
TKT01367,CUST0263,Account Management,High,In Progress,2022-08-29,2022-08-29,2.6,3.0,Please help us set up SSO for our organization.
TKT01368,CUST0301,Performance,Low,Resolved,2023-07-25,2023-07-28,84.8,,API response times have increased significantly this week.
TKT01369,CUST0240,Billing,Low,Resolved,2023-02-07,2023-02-10,95.6,4.0,My invoice doesn't match the amount on my credit card.
TKT01370,CUST0177,Account Management,High,Open,2025-09-27,2025-09-27,17.2,4.0,Please help us set up SSO for our organization.
TKT01371,CUST0044,Feature Request,Medium,Resolved,2024-08-08,2024-08-08,13.4,3.0,We'd love a Slack integration for real-time alerts.
TKT01372,CUST0172,Onboarding,Medium,Resolved,2025-05-13,2025-05-14,44.4,3.0,Can someone walk us through connecting our CRM?
TKT01373,CUST0326,Feature Request,Critical,In Progress,2024-01-12,2024-01-12,6.0,1.0,Would be great to have a mobile app version.
TKT01374,CUST0077,Billing,Medium,In Progress,2022-09-04,2022-09-05,46.8,3.0,Can you clarify the pricing for adding more users?
TKT01375,CUST0340,Onboarding,High,Resolved,2024-12-22,2024-12-22,19.2,4.0,We are stuck on the data migration step — need guidance.
TKT01376,CUST0183,Billing,Medium,Resolved,2023-06-29,2023-06-30,43.2,4.0,The upgrade price shown in the app is different from what I was charged.
TKT01377,CUST0278,Billing,Medium,Resolved,2022-08-20,2022-08-21,44.2,4.0,Requesting a refund for unused seats on our plan.
TKT01378,CUST0311,Technical Issue,Medium,Resolved,2025-06-11,2025-06-14,72.2,3.0,Notifications are not being delivered to our team emails.
TKT01379,CUST0275,Technical Issue,Medium,Resolved,2025-05-22,2025-05-24,49.8,1.0,Our data sync stopped working after the last update.
TKT01380,CUST0396,Billing,High,Resolved,2025-06-06,2025-06-06,6.4,4.0,The upgrade price shown in the app is different from what I was charged.
TKT01381,CUST0064,Technical Issue,Medium,Escalated,2024-10-02,2024-10-02,12.5,,Login page throws an error when using SSO.
TKT01382,CUST0295,Technical Issue,Low,Resolved,2023-05-05,2023-05-08,72.8,,The dashboard is not loading — getting a 504 error.
TKT01383,CUST0285,Onboarding,Medium,Open,2022-03-23,2022-03-24,33.3,2.0,We need help setting up user roles and permissions.
TKT01384,CUST0371,Account Management,Medium,Resolved,2023-04-21,2023-04-22,27.9,2.0,Please help us set up SSO for our organization.
TKT01385,CUST0028,Technical Issue,Medium,Resolved,2023-07-21,2023-07-22,39.0,4.0,Login page throws an error when using SSO.
TKT01386,CUST0059,Technical Issue,Medium,Open,2024-04-05,2024-04-07,50.6,2.0,Export to CSV is producing empty files.
TKT01387,CUST0063,Onboarding,Low,Resolved,2022-12-05,2022-12-10,130.6,,Our team hasn't received the onboarding training invite.
TKT01388,CUST0331,Onboarding,Medium,Resolved,2023-11-19,2023-11-20,44.2,,Our team hasn't received the onboarding training invite.
TKT01389,CUST0142,Performance,Medium,Resolved,2024-06-18,2024-06-18,22.9,5.0,Reports are taking over 2 minutes to load.
TKT01390,CUST0495,Onboarding,Medium,Resolved,2024-10-10,2024-10-11,37.0,5.0,We are stuck on the data migration step — need guidance.
TKT01391,CUST0105,Billing,High,Resolved,2025-10-02,2025-10-02,8.6,4.0,My invoice doesn't match the amount on my credit card.
TKT01392,CUST0258,Performance,Low,In Progress,2025-11-13,2025-11-14,47.8,5.0,The platform is very slow during peak hours (9-11am EST).
TKT01393,CUST0236,Technical Issue,Low,Resolved,2023-07-11,2023-07-13,61.1,3.0,Login page throws an error when using SSO.
TKT01394,CUST0438,Feature Request,Medium,Resolved,2023-12-23,2023-12-24,47.7,,Would be great to have a mobile app version.
TKT01395,CUST0103,Integration,Low,In Progress,2025-01-02,2025-01-04,51.2,4.0,The Salesforce integration is not syncing contacts properly.
TKT01396,CUST0275,Feature Request,Medium,Resolved,2024-03-29,2024-03-31,49.4,,Would be great to have a mobile app version.
TKT01397,CUST0140,Feature Request,High,Resolved,2022-05-04,2022-05-05,30.9,,Please add a dark mode option to the dashboard.
TKT01398,CUST0250,Account Management,Medium,In Progress,2024-08-28,2024-08-28,18.4,,We'd like to upgrade from Growth to Enterprise plan.
TKT01399,CUST0077,Billing,High,Resolved,2022-01-03,2022-01-03,4.3,3.0,Can you clarify the pricing for adding more users?
TKT01400,CUST0328,Integration,Medium,Open,2025-06-28,2025-06-29,33.7,,Zapier connection keeps timing out.
TKT01401,CUST0442,Performance,Medium,Resolved,2024-01-28,2024-01-29,41.5,2.0,API response times have increased significantly this week.
TKT01402,CUST0258,Performance,Low,Resolved,2022-07-02,2022-07-03,47.4,3.0,Bulk data export is timing out for large datasets.
TKT01403,CUST0203,Billing,Medium,Resolved,2024-04-23,2024-04-24,31.1,2.0,The upgrade price shown in the app is different from what I was charged.
TKT01404,CUST0427,Feature Request,High,Escalated,2023-08-05,2023-08-05,11.2,,Can you add a bulk user import via CSV?
TKT01405,CUST0426,Technical Issue,Medium,Resolved,2023-05-29,2023-05-30,39.7,5.0,Our data sync stopped working after the last update.
TKT01406,CUST0128,Integration,Low,Resolved,2024-09-30,2024-10-03,84.2,,We need help setting up the webhook for order updates.
TKT01407,CUST0152,Technical Issue,Low,In Progress,2024-02-24,2024-02-27,89.7,5.0,Export to CSV is producing empty files.
TKT01408,CUST0133,Onboarding,Medium,In Progress,2025-09-17,2025-09-17,10.0,,Our team hasn't received the onboarding training invite.
TKT01409,CUST0270,Account Management,Critical,Resolved,2022-04-16,2022-04-16,6.5,3.0,We need to add 10 more user seats to our plan.
TKT01410,CUST0173,Technical Issue,Low,Resolved,2025-07-19,2025-07-22,78.9,,Our data sync stopped working after the last update.
TKT01411,CUST0088,Technical Issue,Low,Resolved,2022-08-07,2022-08-10,94.6,4.0,Notifications are not being delivered to our team emails.
TKT01412,CUST0311,Feature Request,Medium,Resolved,2025-09-22,2025-09-24,65.9,3.0,Please add a dark mode option to the dashboard.
TKT01413,CUST0112,Performance,Low,Resolved,2024-03-13,2024-03-15,49.9,3.0,API response times have increased significantly this week.
TKT01414,CUST0482,Integration,High,Resolved,2022-05-18,2022-05-18,9.2,4.0,HubSpot integration is duplicating records.
TKT01415,CUST0332,Integration,Low,Open,2024-02-04,2024-02-07,76.3,5.0,The Salesforce integration is not syncing contacts properly.
TKT01416,CUST0091,Performance,High,In Progress,2025-04-28,2025-04-28,5.9,,API response times have increased significantly this week.
TKT01417,CUST0330,Performance,Low,Resolved,2023-08-03,2023-08-05,56.8,3.0,API response times have increased significantly this week.
TKT01418,CUST0057,Feature Request,Low,In Progress,2022-06-22,2022-06-23,39.6,4.0,We need custom date range filters in the reports section.
TKT01419,CUST0298,Technical Issue,Medium,In Progress,2023-08-06,2023-08-07,42.2,3.0,The dashboard is not loading — getting a 504 error.
TKT01420,CUST0425,Technical Issue,High,Resolved,2022-03-04,2022-03-04,7.0,1.0,Our data sync stopped working after the last update.
TKT01421,CUST0462,Integration,Medium,Resolved,2025-12-08,2025-12-09,32.5,4.0,We need help setting up the webhook for order updates.
TKT01422,CUST0153,Integration,Low,Resolved,2025-01-15,2025-01-16,34.6,,HubSpot integration is duplicating records.
TKT01423,CUST0339,Onboarding,Medium,Resolved,2025-09-30,2025-09-30,21.1,3.0,Can someone walk us through connecting our CRM?
TKT01424,CUST0140,Performance,Medium,Open,2022-09-11,2022-09-14,76.6,2.0,The platform is very slow during peak hours (9-11am EST).
TKT01425,CUST0287,Performance,Low,In Progress,2022-07-14,2022-07-16,49.7,,Bulk data export is timing out for large datasets.
TKT01426,CUST0112,Billing,Medium,Resolved,2024-12-28,2024-12-29,38.7,3.0,Requesting a refund for unused seats on our plan.
TKT01427,CUST0129,Performance,Critical,Resolved,2022-09-14,2022-09-14,3.3,3.0,Dashboard charts lag when we have more than 5 filters active.
TKT01428,CUST0202,Onboarding,High,Resolved,2025-07-13,2025-07-13,7.3,3.0,Our team hasn't received the onboarding training invite.
TKT01429,CUST0480,Account Management,Critical,In Progress,2023-06-03,2023-06-03,3.4,4.0,We need to add 10 more user seats to our plan.
TKT01430,CUST0243,Onboarding,Low,Open,2022-10-03,2022-10-05,68.6,5.0,We need help setting up user roles and permissions.
TKT01431,CUST0253,Performance,Medium,Escalated,2024-05-23,2024-05-25,58.1,3.0,Reports are taking over 2 minutes to load.
TKT01432,CUST0359,Account Management,Medium,Open,2022-10-02,2022-10-02,17.6,3.0,Can we change the primary account admin?
TKT01433,CUST0432,Performance,Low,Resolved,2023-05-09,2023-05-12,83.9,4.0,Reports are taking over 2 minutes to load.
TKT01434,CUST0345,Account Management,High,Open,2025-05-10,2025-05-11,28.4,2.0,We'd like to upgrade from Growth to Enterprise plan.
TKT01435,CUST0412,Technical Issue,Medium,Resolved,2023-01-10,2023-01-11,25.3,,The dashboard is not loading — getting a 504 error.
TKT01436,CUST0416,Performance,Critical,Open,2025-04-28,2025-04-28,5.7,4.0,Dashboard charts lag when we have more than 5 filters active.
TKT01437,CUST0489,Account Management,Medium,Resolved,2023-04-25,2023-04-26,31.2,3.0,Can we change the primary account admin?
TKT01438,CUST0053,Account Management,Medium,Open,2024-11-13,2024-11-15,49.7,2.0,Can we change the primary account admin?
TKT01439,CUST0236,Integration,Medium,Resolved,2024-11-22,2024-11-22,8.9,5.0,The Salesforce integration is not syncing contacts properly.
TKT01440,CUST0334,Technical Issue,Medium,Resolved,2024-07-24,2024-07-26,62.3,,Notifications are not being delivered to our team emails.
TKT01441,CUST0189,Integration,Low,Resolved,2022-06-15,2022-06-18,76.2,5.0,Zapier connection keeps timing out.
TKT01442,CUST0334,Technical Issue,Medium,In Progress,2023-10-02,2023-10-04,58.1,3.0,The dashboard is not loading — getting a 504 error.
TKT01443,CUST0438,Performance,Low,Resolved,2024-09-08,2024-09-10,51.0,5.0,Bulk data export is timing out for large datasets.
TKT01444,CUST0338,Integration,Medium,Resolved,2024-03-29,2024-03-29,15.9,4.0,HubSpot integration is duplicating records.
TKT01445,CUST0491,Onboarding,Low,Resolved,2022-05-25,2022-05-26,41.1,4.0,We need help setting up user roles and permissions.
TKT01446,CUST0313,Account Management,High,Resolved,2025-02-05,2025-02-05,8.1,5.0,Can we change the primary account admin?
TKT01447,CUST0190,Integration,Medium,Open,2022-07-26,2022-07-27,25.4,2.0,The Salesforce integration is not syncing contacts properly.
TKT01448,CUST0314,Billing,Medium,Resolved,2022-07-17,2022-07-18,31.3,,Requesting a refund for unused seats on our plan.
TKT01449,CUST0383,Performance,High,Resolved,2022-07-23,2022-07-23,4.1,3.0,Bulk data export is timing out for large datasets.
TKT01450,CUST0118,Account Management,High,Resolved,2024-05-28,2024-05-28,7.0,5.0,We need to update our billing contact information.
TKT01451,CUST0437,Feature Request,Medium,Resolved,2023-05-31,2023-05-31,10.6,,Can you add a bulk user import via CSV?
TKT01452,CUST0134,Technical Issue,Medium,Escalated,2025-12-08,2025-12-09,27.5,4.0,The dashboard is not loading — getting a 504 error.
TKT01453,CUST0102,Account Management,Medium,Resolved,2023-03-20,2023-03-21,33.3,3.0,We need to update our billing contact information.
TKT01454,CUST0033,Account Management,High,In Progress,2025-06-28,2025-06-28,16.4,3.0,We'd like to upgrade from Growth to Enterprise plan.
TKT01455,CUST0158,Performance,Medium,Resolved,2025-10-28,2025-10-29,42.1,3.0,Reports are taking over 2 minutes to load.
TKT01456,CUST0083,Onboarding,Medium,Resolved,2025-04-05,2025-04-06,39.9,4.0,Our team hasn't received the onboarding training invite.
TKT01457,CUST0157,Integration,High,Resolved,2023-02-26,2023-02-26,11.6,1.0,HubSpot integration is duplicating records.
TKT01458,CUST0083,Technical Issue,Low,Resolved,2024-06-03,2024-06-08,122.7,3.0,The dashboard is not loading — getting a 504 error.
TKT01459,CUST0417,Integration,Low,Open,2022-02-08,2022-02-09,41.5,5.0,Our API key stopped working after a password reset.
TKT01460,CUST0347,Billing,High,Open,2022-09-22,2022-09-22,3.5,,I was charged twice this month for my subscription.
TKT01461,CUST0013,Integration,Low,Resolved,2022-04-04,2022-04-05,33.7,,We need help setting up the webhook for order updates.
TKT01462,CUST0325,Integration,Medium,Resolved,2024-07-01,2024-07-02,33.7,3.0,The Salesforce integration is not syncing contacts properly.
TKT01463,CUST0311,Integration,Medium,Resolved,2022-01-23,2022-01-24,26.2,,The Salesforce integration is not syncing contacts properly.
TKT01464,CUST0330,Feature Request,Medium,Resolved,2023-06-08,2023-06-09,26.4,,Please add a dark mode option to the dashboard.
TKT01465,CUST0023,Onboarding,Medium,Resolved,2022-04-03,2022-04-04,40.2,,Can someone walk us through connecting our CRM?
TKT01466,CUST0007,Performance,Low,Resolved,2023-02-13,2023-02-14,32.8,4.0,Dashboard charts lag when we have more than 5 filters active.
TKT01467,CUST0069,Billing,Medium,Resolved,2022-10-28,2022-10-29,35.4,,My invoice doesn't match the amount on my credit card.
TKT01468,CUST0183,Onboarding,High,Open,2025-11-19,2025-11-19,12.2,4.0,Can someone walk us through connecting our CRM?
TKT01469,CUST0040,Performance,Medium,Resolved,2025-05-13,2025-05-14,43.6,5.0,API response times have increased significantly this week.
TKT01470,CUST0284,Account Management,High,Resolved,2024-10-02,2024-10-02,18.1,3.0,We need to add 10 more user seats to our plan.
TKT01471,CUST0246,Onboarding,Medium,Escalated,2022-09-21,2022-09-22,39.6,3.0,We need help setting up user roles and permissions.
TKT01472,CUST0115,Integration,Medium,Resolved,2025-07-26,2025-07-27,40.0,,HubSpot integration is duplicating records.
TKT01473,CUST0020,Feature Request,Medium,In Progress,2025-04-17,2025-04-17,18.1,5.0,We need custom date range filters in the reports section.
TKT01474,CUST0414,Account Management,Low,Resolved,2024-07-23,2024-07-26,83.6,,We need to add 10 more user seats to our plan.
TKT01475,CUST0461,Performance,Low,Resolved,2025-03-31,2025-04-02,71.3,5.0,Reports are taking over 2 minutes to load.
TKT01476,CUST0325,Account Management,Low,In Progress,2024-09-19,2024-09-22,81.9,5.0,Can we change the primary account admin?
TKT01477,CUST0055,Account Management,Critical,Resolved,2025-07-29,2025-07-29,3.3,5.0,Can we change the primary account admin?
TKT01478,CUST0462,Feature Request,High,Resolved,2025-05-15,2025-05-15,9.9,,Can you add a bulk user import via CSV?
TKT01479,CUST0346,Integration,Medium,In Progress,2022-03-05,2022-03-06,45.7,,Our API key stopped working after a password reset.
TKT01480,CUST0459,Onboarding,Low,Resolved,2022-04-22,2022-04-25,77.2,3.0,The setup wizard keeps freezing at Step 3.
TKT01481,CUST0287,Performance,Low,Open,2022-04-23,2022-04-27,117.5,3.0,Bulk data export is timing out for large datasets.
TKT01482,CUST0345,Feature Request,Low,Resolved,2022-03-15,2022-03-18,90.3,4.0,We need custom date range filters in the reports section.
TKT01483,CUST0496,Integration,High,Escalated,2025-01-06,2025-01-06,23.4,3.0,Zapier connection keeps timing out.
TKT01484,CUST0410,Billing,High,In Progress,2022-03-06,2022-03-06,18.3,3.0,I was charged twice this month for my subscription.
TKT01485,CUST0012,Account Management,High,Resolved,2023-09-28,2023-09-28,12.9,3.0,Can we change the primary account admin?
TKT01486,CUST0055,Performance,Medium,In Progress,2025-10-01,2025-10-02,27.7,4.0,Reports are taking over 2 minutes to load.
TKT01487,CUST0012,Performance,Critical,Resolved,2025-02-04,2025-02-04,4.0,5.0,Dashboard charts lag when we have more than 5 filters active.
TKT01488,CUST0140,Technical Issue,Critical,Resolved,2022-09-16,2022-09-16,10.2,4.0,The dashboard is not loading — getting a 504 error.
TKT01489,CUST0289,Integration,Medium,Resolved,2022-06-18,2022-06-18,12.6,,The Salesforce integration is not syncing contacts properly.
TKT01490,CUST0239,Account Management,Low,Resolved,2023-05-12,2023-05-14,56.5,1.0,We'd like to upgrade from Growth to Enterprise plan.
TKT01491,CUST0115,Account Management,High,Open,2024-08-07,2024-08-07,7.4,4.0,Please help us set up SSO for our organization.
TKT01492,CUST0290,Integration,High,Resolved,2025-09-08,2025-09-09,34.6,1.0,Zapier connection keeps timing out.
TKT01493,CUST0030,Feature Request,High,Resolved,2023-04-12,2023-04-12,21.3,,We need custom date range filters in the reports section.
TKT01494,CUST0305,Performance,Medium,Resolved,2025-04-23,2025-04-24,30.9,,API response times have increased significantly this week.
TKT01495,CUST0240,Billing,Low,Resolved,2024-12-16,2024-12-17,32.7,5.0,My invoice doesn't match the amount on my credit card.
TKT01496,CUST0262,Onboarding,High,In Progress,2023-08-14,2023-08-14,11.8,,The setup wizard keeps freezing at Step 3.
TKT01497,CUST0353,Onboarding,High,Resolved,2022-07-18,2022-07-18,13.2,,Can someone walk us through connecting our CRM?
TKT01498,CUST0042,Account Management,Medium,Resolved,2022-02-14,2022-02-14,17.8,,Please help us set up SSO for our organization.
TKT01499,CUST0374,Account Management,Low,Resolved,2024-02-20,2024-02-23,82.0,3.0,We'd like to upgrade from Growth to Enterprise plan.
TKT01500,CUST0071,Feature Request,Low,In Progress,2025-08-22,2025-08-25,72.4,,We'd love a Slack integration for real-time alerts.
TKT01501,CUST0133,Billing,Medium,Resolved,2022-08-21,2022-08-22,31.7,3.0,My invoice doesn't match the amount on my credit card.
TKT01502,CUST0006,Onboarding,Low,Resolved,2024-04-03,2024-04-07,113.2,,We are stuck on the data migration step — need guidance.
TKT01503,CUST0066,Technical Issue,Low,Open,2025-10-14,2025-10-15,46.3,,Login page throws an error when using SSO.
TKT01504,CUST0225,Performance,Critical,Resolved,2023-05-16,2023-05-16,6.2,3.0,API response times have increased significantly this week.
TKT01505,CUST0070,Feature Request,High,Resolved,2022-09-03,2022-09-03,4.7,5.0,Please add a dark mode option to the dashboard.
TKT01506,CUST0319,Integration,Medium,Resolved,2023-09-30,2023-09-30,18.8,,The Salesforce integration is not syncing contacts properly.
TKT01507,CUST0436,Account Management,Medium,Escalated,2023-03-06,2023-03-07,25.5,4.0,We need to update our billing contact information.
TKT01508,CUST0206,Integration,Low,Resolved,2025-08-06,2025-08-10,110.4,,The Salesforce integration is not syncing contacts properly.
TKT01509,CUST0314,Integration,High,Resolved,2025-09-07,2025-09-07,8.8,,Zapier connection keeps timing out.
TKT01510,CUST0178,Integration,Medium,In Progress,2023-04-17,2023-04-19,65.6,2.0,Our API key stopped working after a password reset.
TKT01511,CUST0088,Integration,Medium,In Progress,2023-11-20,2023-11-20,14.6,3.0,The Salesforce integration is not syncing contacts properly.
TKT01512,CUST0367,Performance,Medium,Resolved,2025-04-14,2025-04-15,35.4,4.0,The platform is very slow during peak hours (9-11am EST).
TKT01513,CUST0404,Account Management,High,Resolved,2022-09-27,2022-09-27,9.9,,Please help us set up SSO for our organization.
TKT01514,CUST0248,Feature Request,Low,Resolved,2023-07-15,2023-07-17,64.7,,Would be great to have a mobile app version.
TKT01515,CUST0157,Onboarding,Low,Resolved,2022-04-19,2022-04-20,44.0,,We need help setting up user roles and permissions.
TKT01516,CUST0262,Technical Issue,Medium,In Progress,2025-01-23,2025-01-24,40.6,4.0,Export to CSV is producing empty files.
TKT01517,CUST0411,Technical Issue,Medium,In Progress,2025-04-30,2025-04-30,17.1,5.0,Export to CSV is producing empty files.
TKT01518,CUST0444,Feature Request,Medium,Resolved,2024-02-17,2024-02-17,14.1,,We'd love a Slack integration for real-time alerts.
TKT01519,CUST0434,Feature Request,Low,Open,2022-11-18,2022-11-23,137.4,,Please add a dark mode option to the dashboard.
TKT01520,CUST0309,Onboarding,Low,Resolved,2024-06-08,2024-06-09,28.4,5.0,Our team hasn't received the onboarding training invite.
TKT01521,CUST0324,Performance,Low,Resolved,2022-03-05,2022-03-07,55.7,,The platform is very slow during peak hours (9-11am EST).
TKT01522,CUST0481,Account Management,Low,Open,2024-09-03,2024-09-04,45.4,,Please help us set up SSO for our organization.
TKT01523,CUST0112,Technical Issue,Medium,Resolved,2025-08-22,2025-08-23,41.0,5.0,Notifications are not being delivered to our team emails.
TKT01524,CUST0346,Performance,Medium,Resolved,2024-12-23,2024-12-23,18.3,,The platform is very slow during peak hours (9-11am EST).
TKT01525,CUST0294,Feature Request,Low,In Progress,2023-05-13,2023-05-15,54.8,4.0,Would be great to have a mobile app version.
TKT01526,CUST0292,Onboarding,Medium,Resolved,2023-11-20,2023-11-23,72.1,3.0,We need help setting up user roles and permissions.
TKT01527,CUST0234,Performance,Medium,Resolved,2022-08-26,2022-08-26,14.9,5.0,Reports are taking over 2 minutes to load.
TKT01528,CUST0448,Feature Request,Medium,Resolved,2025-09-11,2025-09-13,64.1,1.0,Would be great to have a mobile app version.
TKT01529,CUST0436,Technical Issue,High,Escalated,2023-07-28,2023-07-28,21.8,,Notifications are not being delivered to our team emails.
TKT01530,CUST0202,Account Management,Medium,In Progress,2022-09-22,2022-09-23,27.0,,Please help us set up SSO for our organization.
TKT01531,CUST0139,Performance,Low,Resolved,2025-09-26,2025-09-27,43.9,,Dashboard charts lag when we have more than 5 filters active.
TKT01532,CUST0188,Billing,Low,Resolved,2025-02-05,2025-02-07,51.2,3.0,I was charged twice this month for my subscription.
TKT01533,CUST0481,Technical Issue,Medium,Open,2022-09-26,2022-09-27,29.3,3.0,Login page throws an error when using SSO.
TKT01534,CUST0150,Performance,Medium,Open,2025-04-18,2025-04-19,35.6,2.0,Dashboard charts lag when we have more than 5 filters active.
TKT01535,CUST0461,Onboarding,Medium,Resolved,2023-07-13,2023-07-13,15.3,4.0,The setup wizard keeps freezing at Step 3.
TKT01536,CUST0386,Technical Issue,High,Resolved,2024-07-24,2024-07-24,6.3,5.0,Login page throws an error when using SSO.
TKT01537,CUST0111,Integration,Medium,Resolved,2025-03-30,2025-03-30,15.5,4.0,The Salesforce integration is not syncing contacts properly.
TKT01538,CUST0071,Onboarding,Low,In Progress,2024-06-22,2024-06-25,78.5,,Our team hasn't received the onboarding training invite.
TKT01539,CUST0321,Feature Request,Critical,Escalated,2025-11-28,2025-11-28,4.7,5.0,We need custom date range filters in the reports section.
TKT01540,CUST0475,Account Management,Medium,Resolved,2024-10-14,2024-10-14,10.7,4.0,Can we change the primary account admin?
TKT01541,CUST0014,Feature Request,Low,Resolved,2025-02-21,2025-02-23,64.9,,Would be great to have a mobile app version.
TKT01542,CUST0016,Performance,High,Resolved,2024-01-11,2024-01-11,3.1,3.0,Dashboard charts lag when we have more than 5 filters active.
TKT01543,CUST0425,Technical Issue,Low,Open,2022-09-24,2022-09-28,108.9,3.0,The dashboard is not loading — getting a 504 error.
TKT01544,CUST0265,Feature Request,Low,Resolved,2022-11-24,2022-11-27,73.3,4.0,Would be great to have a mobile app version.
TKT01545,CUST0459,Performance,Low,Resolved,2022-11-02,2022-11-04,53.7,3.0,API response times have increased significantly this week.
TKT01546,CUST0078,Technical Issue,Low,In Progress,2025-09-03,2025-09-05,69.2,,Our data sync stopped working after the last update.
TKT01547,CUST0063,Integration,Medium,Resolved,2023-07-26,2023-07-27,35.0,,Our API key stopped working after a password reset.
TKT01548,CUST0396,Billing,Low,Resolved,2023-03-06,2023-03-07,29.4,5.0,Can you clarify the pricing for adding more users?
TKT01549,CUST0238,Feature Request,Low,Resolved,2024-01-09,2024-01-11,56.1,3.0,Can you add a bulk user import via CSV?
TKT01550,CUST0420,Integration,Medium,In Progress,2022-04-27,2022-04-28,39.8,5.0,Our API key stopped working after a password reset.
TKT01551,CUST0239,Feature Request,Low,Resolved,2023-07-27,2023-07-29,52.4,,We'd love a Slack integration for real-time alerts.
TKT01552,CUST0263,Performance,Medium,Resolved,2024-10-07,2024-10-08,34.0,4.0,Bulk data export is timing out for large datasets.
TKT01553,CUST0278,Feature Request,High,Resolved,2022-01-11,2022-01-11,23.9,1.0,Please add a dark mode option to the dashboard.
TKT01554,CUST0152,Integration,High,Resolved,2024-06-15,2024-06-15,5.9,,We need help setting up the webhook for order updates.
TKT01555,CUST0347,Onboarding,Low,In Progress,2022-12-31,2023-01-02,60.1,3.0,We need help setting up user roles and permissions.
TKT01556,CUST0148,Account Management,Medium,Resolved,2022-03-22,2022-03-22,20.3,3.0,We need to update our billing contact information.
TKT01557,CUST0340,Feature Request,High,Resolved,2025-10-28,2025-10-28,23.0,,We need custom date range filters in the reports section.
TKT01558,CUST0250,Onboarding,Low,In Progress,2023-02-01,2023-02-04,90.9,3.0,We need help setting up user roles and permissions.
TKT01559,CUST0055,Onboarding,High,In Progress,2024-02-13,2024-02-13,11.9,4.0,We need help setting up user roles and permissions.
TKT01560,CUST0287,Performance,High,Resolved,2024-05-09,2024-05-09,23.0,3.0,API response times have increased significantly this week.
TKT01561,CUST0139,Integration,Low,Resolved,2022-06-26,2022-06-27,27.9,4.0,We need help setting up the webhook for order updates.
TKT01562,CUST0220,Feature Request,High,Resolved,2024-10-29,2024-10-29,11.8,,Would be great to have a mobile app version.
TKT01563,CUST0313,Feature Request,Low,Resolved,2024-08-26,2024-08-27,27.8,4.0,Would be great to have a mobile app version.
TKT01564,CUST0432,Billing,Medium,In Progress,2023-06-29,2023-06-29,22.3,5.0,My invoice doesn't match the amount on my credit card.
TKT01565,CUST0133,Technical Issue,Critical,Resolved,2024-06-17,2024-06-17,4.8,,The dashboard is not loading — getting a 504 error.
TKT01566,CUST0248,Performance,Medium,Resolved,2024-03-07,2024-03-07,21.8,4.0,Bulk data export is timing out for large datasets.
TKT01567,CUST0297,Technical Issue,Critical,In Progress,2025-11-28,2025-11-28,7.3,,The dashboard is not loading — getting a 504 error.
TKT01568,CUST0397,Account Management,High,Escalated,2023-03-28,2023-03-28,16.7,3.0,Please help us set up SSO for our organization.
TKT01569,CUST0494,Feature Request,High,Escalated,2022-08-30,2022-08-30,5.1,4.0,Can you add a bulk user import via CSV?
TKT01570,CUST0080,Account Management,Low,In Progress,2022-02-25,2022-02-27,63.8,5.0,We need to update our billing contact information.
TKT01571,CUST0179,Account Management,Medium,Open,2024-01-23,2024-01-23,17.4,3.0,We'd like to upgrade from Growth to Enterprise plan.
TKT01572,CUST0195,Billing,Low,In Progress,2025-01-10,2025-01-13,80.5,4.0,The upgrade price shown in the app is different from what I was charged.
TKT01573,CUST0109,Onboarding,Medium,In Progress,2022-04-05,2022-04-06,35.9,,Our team hasn't received the onboarding training invite.
TKT01574,CUST0138,Billing,High,Resolved,2023-05-19,2023-05-20,32.1,2.0,My invoice doesn't match the amount on my credit card.
TKT01575,CUST0166,Onboarding,Medium,In Progress,2025-01-02,2025-01-03,29.9,4.0,Can someone walk us through connecting our CRM?
TKT01576,CUST0015,Performance,Medium,In Progress,2022-03-31,2022-04-01,40.1,,Bulk data export is timing out for large datasets.
TKT01577,CUST0051,Account Management,Low,Open,2023-05-06,2023-05-07,41.8,3.0,We'd like to upgrade from Growth to Enterprise plan.
TKT01578,CUST0041,Performance,High,Resolved,2024-09-26,2024-09-26,23.8,4.0,The platform is very slow during peak hours (9-11am EST).
TKT01579,CUST0225,Billing,Medium,In Progress,2025-07-28,2025-07-29,41.0,3.0,Can you clarify the pricing for adding more users?
TKT01580,CUST0235,Onboarding,Low,Open,2022-06-12,2022-06-15,89.3,5.0,Can someone walk us through connecting our CRM?
TKT01581,CUST0427,Billing,Medium,Resolved,2023-06-07,2023-06-08,46.9,4.0,The upgrade price shown in the app is different from what I was charged.
TKT01582,CUST0077,Feature Request,High,Resolved,2024-10-19,2024-10-19,8.8,,We need custom date range filters in the reports section.
TKT01583,CUST0452,Technical Issue,Medium,Resolved,2023-05-29,2023-05-29,19.8,4.0,Our data sync stopped working after the last update.
TKT01584,CUST0363,Feature Request,Medium,Open,2022-12-19,2022-12-19,18.1,,Can you add a bulk user import via CSV?
TKT01585,CUST0296,Account Management,Medium,Resolved,2024-12-09,2024-12-11,70.2,2.0,We need to add 10 more user seats to our plan.
TKT01586,CUST0403,Billing,Low,Resolved,2025-12-01,2025-12-04,83.2,,My invoice doesn't match the amount on my credit card.
TKT01587,CUST0004,Feature Request,Medium,In Progress,2024-11-13,2024-11-13,18.3,4.0,We need custom date range filters in the reports section.
TKT01588,CUST0248,Billing,Medium,Resolved,2025-09-27,2025-09-27,18.6,4.0,The upgrade price shown in the app is different from what I was charged.
TKT01589,CUST0152,Feature Request,Medium,Resolved,2025-04-21,2025-04-22,41.5,3.0,We need custom date range filters in the reports section.
TKT01590,CUST0379,Feature Request,Medium,Open,2025-08-30,2025-08-31,24.0,5.0,We need custom date range filters in the reports section.
TKT01591,CUST0205,Feature Request,High,Resolved,2024-06-05,2024-06-05,10.5,4.0,We need custom date range filters in the reports section.
TKT01592,CUST0181,Technical Issue,Low,Resolved,2025-10-06,2025-10-09,77.1,5.0,Our data sync stopped working after the last update.
TKT01593,CUST0160,Feature Request,High,Resolved,2023-01-14,2023-01-14,3.6,4.0,Would be great to have a mobile app version.
TKT01594,CUST0266,Onboarding,Medium,Resolved,2025-04-30,2025-05-01,30.3,3.0,Can someone walk us through connecting our CRM?
TKT01595,CUST0380,Feature Request,Low,Resolved,2022-01-11,2022-01-13,55.0,5.0,Please add a dark mode option to the dashboard.
TKT01596,CUST0213,Integration,Low,Resolved,2025-01-03,2025-01-06,92.2,4.0,Our API key stopped working after a password reset.
TKT01597,CUST0195,Account Management,Medium,Resolved,2023-09-18,2023-09-19,24.6,3.0,We need to update our billing contact information.
TKT01598,CUST0084,Account Management,High,Resolved,2023-06-11,2023-06-11,7.4,,We need to update our billing contact information.
TKT01599,CUST0291,Account Management,High,In Progress,2023-05-11,2023-05-11,20.1,3.0,We need to add 10 more user seats to our plan.
TKT01600,CUST0261,Feature Request,Medium,Resolved,2024-03-31,2024-04-01,35.4,3.0,Please add a dark mode option to the dashboard.
TKT01601,CUST0164,Feature Request,Low,Resolved,2023-08-16,2023-08-18,49.6,3.0,Please add a dark mode option to the dashboard.
TKT01602,CUST0099,Onboarding,Medium,Resolved,2023-06-03,2023-06-03,21.9,5.0,Our team hasn't received the onboarding training invite.
TKT01603,CUST0480,Onboarding,Critical,Resolved,2025-01-23,2025-01-23,3.8,1.0,Our team hasn't received the onboarding training invite.
TKT01604,CUST0497,Onboarding,Critical,Open,2025-06-18,2025-06-18,6.4,2.0,We need help setting up user roles and permissions.
TKT01605,CUST0295,Feature Request,Medium,Resolved,2025-01-05,2025-01-06,25.5,,We need custom date range filters in the reports section.
TKT01606,CUST0473,Technical Issue,Medium,Resolved,2025-10-29,2025-10-29,23.5,,The dashboard is not loading — getting a 504 error.
TKT01607,CUST0384,Integration,Critical,Resolved,2024-06-04,2024-06-04,3.0,3.0,We need help setting up the webhook for order updates.
TKT01608,CUST0486,Technical Issue,Medium,Resolved,2024-03-16,2024-03-17,40.1,5.0,Export to CSV is producing empty files.
TKT01609,CUST0269,Account Management,Medium,Resolved,2022-08-28,2022-08-29,27.4,3.0,Please help us set up SSO for our organization.
TKT01610,CUST0373,Account Management,Medium,In Progress,2022-04-10,2022-04-10,11.6,3.0,Please help us set up SSO for our organization.
TKT01611,CUST0311,Account Management,Low,Resolved,2025-06-24,2025-06-27,74.4,2.0,We need to add 10 more user seats to our plan.
TKT01612,CUST0490,Performance,Medium,Resolved,2022-07-26,2022-07-27,44.6,,Bulk data export is timing out for large datasets.
TKT01613,CUST0293,Billing,Medium,Resolved,2023-12-22,2023-12-23,37.2,4.0,Requesting a refund for unused seats on our plan.
TKT01614,CUST0094,Technical Issue,Low,Resolved,2024-03-11,2024-03-14,77.2,2.0,Notifications are not being delivered to our team emails.
TKT01615,CUST0348,Feature Request,Low,Resolved,2022-11-15,2022-11-16,44.7,4.0,Can you add a bulk user import via CSV?
TKT01616,CUST0345,Integration,Low,Resolved,2023-07-21,2023-07-22,40.1,,We need help setting up the webhook for order updates.
TKT01617,CUST0484,Account Management,Medium,In Progress,2024-12-15,2024-12-16,41.5,,We'd like to upgrade from Growth to Enterprise plan.
TKT01618,CUST0032,Technical Issue,High,Resolved,2024-12-19,2024-12-19,13.7,3.0,The dashboard is not loading — getting a 504 error.
TKT01619,CUST0189,Billing,High,Resolved,2025-05-14,2025-05-14,6.7,3.0,Can you clarify the pricing for adding more users?
TKT01620,CUST0300,Performance,High,Resolved,2025-03-03,2025-03-03,15.4,3.0,Bulk data export is timing out for large datasets.
TKT01621,CUST0155,Account Management,Low,Resolved,2022-02-19,2022-02-22,89.3,,Please help us set up SSO for our organization.
TKT01622,CUST0286,Technical Issue,Low,Open,2023-11-04,2023-11-07,74.6,,Our data sync stopped working after the last update.
TKT01623,CUST0251,Onboarding,Medium,Resolved,2023-03-28,2023-03-29,44.1,3.0,Can someone walk us through connecting our CRM?
TKT01624,CUST0225,Technical Issue,Medium,In Progress,2024-09-01,2024-09-02,45.9,4.0,Notifications are not being delivered to our team emails.
TKT01625,CUST0148,Onboarding,High,In Progress,2023-01-04,2023-01-04,22.0,3.0,The setup wizard keeps freezing at Step 3.
TKT01626,CUST0127,Integration,Low,Resolved,2025-03-27,2025-03-30,77.6,,Our API key stopped working after a password reset.
TKT01627,CUST0363,Billing,High,In Progress,2022-05-22,2022-05-22,15.4,1.0,My invoice doesn't match the amount on my credit card.
TKT01628,CUST0426,Account Management,Low,In Progress,2023-05-27,2023-05-29,65.0,4.0,We need to update our billing contact information.
TKT01629,CUST0277,Integration,Medium,Resolved,2023-11-08,2023-11-09,28.2,4.0,We need help setting up the webhook for order updates.
TKT01630,CUST0361,Account Management,Medium,Resolved,2022-09-27,2022-09-29,51.4,1.0,Can we change the primary account admin?
TKT01631,CUST0058,Performance,Medium,Resolved,2022-10-31,2022-11-01,47.5,3.0,API response times have increased significantly this week.
TKT01632,CUST0186,Feature Request,Medium,Resolved,2022-06-29,2022-07-02,73.5,1.0,We'd love a Slack integration for real-time alerts.
TKT01633,CUST0345,Technical Issue,Critical,Resolved,2022-03-10,2022-03-10,10.9,3.0,Notifications are not being delivered to our team emails.
TKT01634,CUST0002,Performance,Low,Resolved,2023-05-30,2023-05-31,37.7,,The platform is very slow during peak hours (9-11am EST).
TKT01635,CUST0149,Feature Request,Low,Resolved,2022-11-25,2022-11-30,124.7,4.0,Would be great to have a mobile app version.
TKT01636,CUST0076,Technical Issue,Medium,Resolved,2025-12-20,2025-12-20,13.3,,Our data sync stopped working after the last update.
TKT01637,CUST0456,Onboarding,Medium,Resolved,2024-10-21,2024-10-22,28.1,,We need help setting up user roles and permissions.
TKT01638,CUST0322,Integration,High,Resolved,2024-07-02,2024-07-02,22.3,4.0,The Salesforce integration is not syncing contacts properly.
TKT01639,CUST0469,Technical Issue,Low,Resolved,2024-02-02,2024-02-03,39.7,,Notifications are not being delivered to our team emails.
TKT01640,CUST0031,Performance,Medium,Resolved,2025-07-22,2025-07-23,47.0,5.0,Dashboard charts lag when we have more than 5 filters active.
TKT01641,CUST0244,Onboarding,High,Resolved,2023-08-04,2023-08-04,10.9,3.0,Can someone walk us through connecting our CRM?
TKT01642,CUST0337,Feature Request,Critical,Resolved,2025-09-01,2025-09-01,1.2,,We need custom date range filters in the reports section.
TKT01643,CUST0113,Technical Issue,Medium,In Progress,2024-02-15,2024-02-15,22.1,5.0,Login page throws an error when using SSO.
TKT01644,CUST0271,Feature Request,High,Resolved,2022-05-14,2022-05-14,9.4,5.0,Can you add a bulk user import via CSV?
TKT01645,CUST0239,Feature Request,Medium,Open,2023-10-05,2023-10-08,75.1,3.0,We'd love a Slack integration for real-time alerts.
TKT01646,CUST0432,Onboarding,Medium,In Progress,2025-10-13,2025-10-13,23.5,5.0,The setup wizard keeps freezing at Step 3.
TKT01647,CUST0210,Feature Request,High,Resolved,2022-01-26,2022-01-26,2.9,3.0,Can you add a bulk user import via CSV?
TKT01648,CUST0162,Technical Issue,Low,Resolved,2024-03-20,2024-03-23,77.0,5.0,Our data sync stopped working after the last update.
TKT01649,CUST0289,Technical Issue,Low,Resolved,2022-09-19,2022-09-20,47.5,4.0,Export to CSV is producing empty files.
TKT01650,CUST0301,Performance,Medium,Resolved,2023-02-10,2023-02-11,26.1,,Dashboard charts lag when we have more than 5 filters active.
TKT01651,CUST0024,Feature Request,Low,Resolved,2022-10-22,2022-10-25,91.4,3.0,Can you add a bulk user import via CSV?
TKT01652,CUST0242,Billing,Medium,Resolved,2023-03-28,2023-03-29,39.6,,Can you clarify the pricing for adding more users?
TKT01653,CUST0063,Billing,Medium,Resolved,2023-02-15,2023-02-16,35.9,3.0,My invoice doesn't match the amount on my credit card.
TKT01654,CUST0086,Integration,Medium,Resolved,2022-03-09,2022-03-09,11.5,5.0,Our API key stopped working after a password reset.
TKT01655,CUST0460,Technical Issue,Medium,In Progress,2022-02-22,2022-02-23,26.4,5.0,Notifications are not being delivered to our team emails.
TKT01656,CUST0102,Integration,Low,Open,2025-01-22,2025-01-24,57.7,5.0,Our API key stopped working after a password reset.
TKT01657,CUST0207,Onboarding,Medium,Resolved,2022-02-19,2022-02-19,10.0,5.0,Our team hasn't received the onboarding training invite.
TKT01658,CUST0205,Onboarding,Critical,In Progress,2024-02-12,2024-02-12,5.3,3.0,Can someone walk us through connecting our CRM?
TKT01659,CUST0420,Billing,Medium,Resolved,2025-03-03,2025-03-04,33.4,,The upgrade price shown in the app is different from what I was charged.
TKT01660,CUST0450,Performance,Medium,Open,2022-02-03,2022-02-04,29.2,3.0,Bulk data export is timing out for large datasets.
TKT01661,CUST0219,Technical Issue,Medium,In Progress,2023-01-13,2023-01-13,23.1,3.0,Our data sync stopped working after the last update.
TKT01662,CUST0399,Technical Issue,Medium,In Progress,2022-11-22,2022-11-23,27.5,4.0,Login page throws an error when using SSO.
TKT01663,CUST0420,Performance,Medium,Resolved,2022-12-06,2022-12-07,26.9,,Bulk data export is timing out for large datasets.
TKT01664,CUST0099,Account Management,Medium,Resolved,2023-05-09,2023-05-09,18.1,,Please help us set up SSO for our organization.
TKT01665,CUST0054,Billing,Medium,Resolved,2023-09-03,2023-09-04,32.0,3.0,Can you clarify the pricing for adding more users?
TKT01666,CUST0194,Account Management,Medium,Resolved,2022-12-12,2022-12-13,28.1,5.0,We need to update our billing contact information.
TKT01667,CUST0490,Onboarding,High,Resolved,2025-06-15,2025-06-15,23.3,,The setup wizard keeps freezing at Step 3.
TKT01668,CUST0131,Billing,High,Resolved,2025-10-25,2025-10-26,36.1,3.0,I was charged twice this month for my subscription.
TKT01669,CUST0219,Integration,Medium,Resolved,2024-05-04,2024-05-05,40.0,,Our API key stopped working after a password reset.
TKT01670,CUST0436,Integration,Critical,Resolved,2023-04-12,2023-04-12,5.9,,The Salesforce integration is not syncing contacts properly.
TKT01671,CUST0279,Billing,Low,Resolved,2025-04-01,2025-04-04,77.4,,The upgrade price shown in the app is different from what I was charged.
TKT01672,CUST0412,Technical Issue,Medium,Resolved,2023-02-21,2023-02-22,27.8,3.0,Notifications are not being delivered to our team emails.
TKT01673,CUST0002,Billing,High,Resolved,2022-11-20,2022-11-20,5.5,3.0,The upgrade price shown in the app is different from what I was charged.
TKT01674,CUST0257,Account Management,Medium,Resolved,2022-03-05,2022-03-05,8.2,,We need to update our billing contact information.
TKT01675,CUST0078,Technical Issue,Low,Resolved,2023-02-04,2023-02-05,41.5,5.0,Our data sync stopped working after the last update.
TKT01676,CUST0150,Account Management,Low,Resolved,2025-02-07,2025-02-09,58.8,,We need to add 10 more user seats to our plan.
TKT01677,CUST0063,Integration,Medium,Resolved,2024-05-23,2024-05-24,43.8,,The Salesforce integration is not syncing contacts properly.
TKT01678,CUST0179,Integration,Low,Resolved,2023-05-17,2023-05-18,31.0,4.0,Our API key stopped working after a password reset.
TKT01679,CUST0295,Performance,Medium,Resolved,2022-01-16,2022-01-17,36.0,5.0,API response times have increased significantly this week.
TKT01680,CUST0385,Performance,Low,In Progress,2024-08-06,2024-08-08,51.1,3.0,The platform is very slow during peak hours (9-11am EST).
TKT01681,CUST0436,Feature Request,Medium,Resolved,2023-06-11,2023-06-12,47.6,5.0,We need custom date range filters in the reports section.
TKT01682,CUST0468,Billing,Medium,Escalated,2024-10-06,2024-10-07,32.3,1.0,The upgrade price shown in the app is different from what I was charged.
TKT01683,CUST0030,Performance,Medium,In Progress,2024-07-15,2024-07-15,13.5,2.0,Reports are taking over 2 minutes to load.
TKT01684,CUST0028,Billing,Medium,In Progress,2025-09-07,2025-09-08,47.7,3.0,Can you clarify the pricing for adding more users?
TKT01685,CUST0104,Feature Request,Medium,Resolved,2025-03-09,2025-03-10,33.7,,Can you add a bulk user import via CSV?
TKT01686,CUST0195,Performance,Medium,Resolved,2022-02-21,2022-02-21,23.0,5.0,The platform is very slow during peak hours (9-11am EST).
TKT01687,CUST0358,Billing,Medium,Resolved,2022-10-12,2022-10-13,35.3,3.0,The upgrade price shown in the app is different from what I was charged.
TKT01688,CUST0185,Technical Issue,Medium,Resolved,2022-03-29,2022-03-30,43.4,,The dashboard is not loading — getting a 504 error.
TKT01689,CUST0240,Integration,Medium,Resolved,2023-08-18,2023-08-18,14.6,5.0,Zapier connection keeps timing out.
TKT01690,CUST0198,Onboarding,Medium,Resolved,2022-07-27,2022-07-28,38.0,,Can someone walk us through connecting our CRM?
TKT01691,CUST0058,Account Management,Medium,Escalated,2024-08-17,2024-08-18,39.8,4.0,Can we change the primary account admin?
TKT01692,CUST0004,Technical Issue,Medium,Resolved,2023-11-14,2023-11-14,15.6,4.0,Our data sync stopped working after the last update.
TKT01693,CUST0120,Account Management,Low,Resolved,2022-12-17,2022-12-18,26.9,3.0,Please help us set up SSO for our organization.
TKT01694,CUST0477,Feature Request,Low,Resolved,2022-02-17,2022-02-18,44.4,4.0,Can you add a bulk user import via CSV?
TKT01695,CUST0268,Feature Request,High,Open,2022-05-05,2022-05-05,16.6,,Please add a dark mode option to the dashboard.
TKT01696,CUST0002,Integration,Low,Resolved,2023-10-18,2023-10-19,35.8,,We need help setting up the webhook for order updates.
TKT01697,CUST0120,Account Management,Medium,Resolved,2023-05-29,2023-05-30,25.4,3.0,We need to add 10 more user seats to our plan.
TKT01698,CUST0372,Technical Issue,Critical,In Progress,2025-08-25,2025-08-25,4.1,,Export to CSV is producing empty files.
TKT01699,CUST0174,Integration,Low,In Progress,2023-11-03,2023-11-06,75.7,,We need help setting up the webhook for order updates.
TKT01700,CUST0227,Technical Issue,Medium,Resolved,2025-05-03,2025-05-04,47.3,,Our data sync stopped working after the last update.
TKT01701,CUST0290,Billing,Low,Resolved,2025-11-13,2025-11-17,101.4,,I was charged twice this month for my subscription.
TKT01702,CUST0047,Account Management,Low,Resolved,2023-01-31,2023-02-01,42.4,3.0,Please help us set up SSO for our organization.
TKT01703,CUST0038,Integration,Medium,Resolved,2024-01-16,2024-01-16,14.7,4.0,Our API key stopped working after a password reset.
TKT01704,CUST0346,Onboarding,Medium,Resolved,2023-07-14,2023-07-15,42.2,3.0,We are stuck on the data migration step — need guidance.
TKT01705,CUST0343,Onboarding,Low,In Progress,2023-12-22,2023-12-25,91.6,5.0,Can someone walk us through connecting our CRM?
TKT01706,CUST0285,Onboarding,Critical,In Progress,2025-07-15,2025-07-15,9.0,,The setup wizard keeps freezing at Step 3.
TKT01707,CUST0230,Performance,Medium,In Progress,2022-02-21,2022-02-21,20.3,,Reports are taking over 2 minutes to load.
TKT01708,CUST0278,Performance,Medium,In Progress,2025-03-28,2025-03-28,16.8,,Bulk data export is timing out for large datasets.
TKT01709,CUST0172,Performance,Medium,In Progress,2025-11-24,2025-11-25,24.1,3.0,API response times have increased significantly this week.
TKT01710,CUST0067,Feature Request,Medium,Open,2022-03-01,2022-03-01,11.9,,Can you add a bulk user import via CSV?
TKT01711,CUST0231,Onboarding,Medium,Resolved,2022-06-03,2022-06-04,45.3,4.0,We are stuck on the data migration step — need guidance.
TKT01712,CUST0079,Performance,Low,Resolved,2022-01-09,2022-01-10,42.1,3.0,Bulk data export is timing out for large datasets.
TKT01713,CUST0448,Technical Issue,Medium,Resolved,2025-09-07,2025-09-07,21.5,2.0,The dashboard is not loading — getting a 504 error.
TKT01714,CUST0181,Performance,Medium,Resolved,2025-11-13,2025-11-13,15.3,,API response times have increased significantly this week.
TKT01715,CUST0402,Technical Issue,Medium,Resolved,2024-10-25,2024-10-26,28.0,3.0,Notifications are not being delivered to our team emails.
TKT01716,CUST0487,Technical Issue,Low,Resolved,2023-11-27,2023-11-30,74.4,5.0,The dashboard is not loading — getting a 504 error.
TKT01717,CUST0462,Feature Request,Low,Open,2025-06-08,2025-06-10,66.4,4.0,Can you add a bulk user import via CSV?
TKT01718,CUST0410,Integration,Medium,Resolved,2024-02-26,2024-02-26,19.4,,Zapier connection keeps timing out.
TKT01719,CUST0128,Integration,Medium,Resolved,2023-10-16,2023-10-17,36.9,5.0,Our API key stopped working after a password reset.
TKT01720,CUST0123,Integration,Low,Resolved,2025-02-06,2025-02-09,86.4,2.0,Zapier connection keeps timing out.
TKT01721,CUST0171,Account Management,Low,Resolved,2023-04-26,2023-04-29,85.7,4.0,Can we change the primary account admin?
TKT01722,CUST0054,Onboarding,Medium,Resolved,2023-05-19,2023-05-19,18.8,,The setup wizard keeps freezing at Step 3.
TKT01723,CUST0069,Billing,Medium,Escalated,2025-11-13,2025-11-13,15.8,4.0,My invoice doesn't match the amount on my credit card.
TKT01724,CUST0213,Technical Issue,Medium,Resolved,2024-12-17,2024-12-19,48.4,,Our data sync stopped working after the last update.
TKT01725,CUST0236,Billing,Low,Resolved,2023-06-30,2023-07-02,50.2,3.0,Requesting a refund for unused seats on our plan.
TKT01726,CUST0447,Feature Request,High,Resolved,2022-06-22,2022-06-22,5.9,3.0,Would be great to have a mobile app version.
TKT01727,CUST0291,Feature Request,Medium,Resolved,2023-08-15,2023-08-15,14.7,5.0,Would be great to have a mobile app version.
TKT01728,CUST0154,Technical Issue,High,Resolved,2023-09-07,2023-09-07,10.3,4.0,The dashboard is not loading — getting a 504 error.
TKT01729,CUST0057,Billing,Critical,In Progress,2024-04-15,2024-04-15,2.9,5.0,My invoice doesn't match the amount on my credit card.
TKT01730,CUST0339,Onboarding,Low,Resolved,2025-04-16,2025-04-18,66.9,4.0,Our team hasn't received the onboarding training invite.
TKT01731,CUST0373,Technical Issue,Medium,Open,2025-08-27,2025-08-28,44.3,4.0,Export to CSV is producing empty files.
TKT01732,CUST0292,Account Management,Low,In Progress,2023-05-07,2023-05-12,136.8,,We'd like to upgrade from Growth to Enterprise plan.
TKT01733,CUST0134,Feature Request,Critical,In Progress,2025-08-26,2025-08-26,1.5,4.0,We need custom date range filters in the reports section.
TKT01734,CUST0091,Performance,High,Resolved,2022-04-10,2022-04-10,9.5,5.0,The platform is very slow during peak hours (9-11am EST).
TKT01735,CUST0379,Technical Issue,Critical,Resolved,2022-02-22,2022-02-22,6.1,,Export to CSV is producing empty files.
TKT01736,CUST0154,Technical Issue,Medium,Resolved,2024-12-31,2025-01-01,33.6,4.0,Our data sync stopped working after the last update.
TKT01737,CUST0382,Billing,Critical,Resolved,2025-07-25,2025-07-25,1.5,,The upgrade price shown in the app is different from what I was charged.
TKT01738,CUST0216,Performance,Medium,Resolved,2024-03-08,2024-03-08,12.6,,API response times have increased significantly this week.
TKT01739,CUST0125,Performance,Medium,Resolved,2023-09-26,2023-09-27,32.3,3.0,Reports are taking over 2 minutes to load.
TKT01740,CUST0252,Integration,Critical,In Progress,2025-07-11,2025-07-11,1.3,4.0,The Salesforce integration is not syncing contacts properly.
TKT01741,CUST0137,Onboarding,Low,Resolved,2025-04-05,2025-04-06,24.6,,Our team hasn't received the onboarding training invite.
TKT01742,CUST0072,Performance,Critical,Open,2022-06-16,2022-06-16,3.9,,Bulk data export is timing out for large datasets.
TKT01743,CUST0096,Onboarding,Low,Resolved,2025-06-25,2025-06-27,63.0,5.0,Our team hasn't received the onboarding training invite.
TKT01744,CUST0058,Technical Issue,Low,Resolved,2024-03-11,2024-03-14,88.0,,Notifications are not being delivered to our team emails.
TKT01745,CUST0073,Feature Request,Low,In Progress,2024-08-04,2024-08-08,109.6,4.0,Would be great to have a mobile app version.
TKT01746,CUST0084,Billing,High,Resolved,2025-08-18,2025-08-18,3.5,,Requesting a refund for unused seats on our plan.
TKT01747,CUST0201,Billing,Medium,In Progress,2023-04-02,2023-04-04,66.7,,Can you clarify the pricing for adding more users?
TKT01748,CUST0035,Performance,Critical,Open,2025-03-31,2025-03-31,3.6,4.0,API response times have increased significantly this week.
TKT01749,CUST0308,Feature Request,Medium,Open,2023-10-25,2023-10-26,34.4,3.0,We need custom date range filters in the reports section.
TKT01750,CUST0312,Integration,Low,Resolved,2023-04-16,2023-04-17,26.1,4.0,HubSpot integration is duplicating records.
TKT01751,CUST0421,Integration,Medium,Open,2023-03-04,2023-03-04,23.6,4.0,Our API key stopped working after a password reset.
TKT01752,CUST0052,Billing,Medium,Resolved,2023-03-24,2023-03-25,32.2,5.0,I was charged twice this month for my subscription.
TKT01753,CUST0396,Feature Request,High,Open,2023-04-16,2023-04-16,14.5,4.0,We need custom date range filters in the reports section.
TKT01754,CUST0448,Technical Issue,Medium,Open,2025-02-03,2025-02-05,53.3,4.0,Login page throws an error when using SSO.
TKT01755,CUST0438,Integration,Medium,In Progress,2024-01-02,2024-01-02,20.3,4.0,The Salesforce integration is not syncing contacts properly.
TKT01756,CUST0168,Account Management,Low,Resolved,2022-12-18,2022-12-20,48.4,,We'd like to upgrade from Growth to Enterprise plan.
TKT01757,CUST0085,Performance,Low,Resolved,2023-09-29,2023-10-02,84.4,,Reports are taking over 2 minutes to load.
TKT01758,CUST0449,Account Management,Low,Resolved,2023-07-23,2023-07-25,48.9,,We need to update our billing contact information.
TKT01759,CUST0403,Integration,Medium,In Progress,2023-10-21,2023-10-22,24.2,,Zapier connection keeps timing out.
TKT01760,CUST0329,Technical Issue,Medium,In Progress,2024-07-17,2024-07-18,38.6,4.0,The dashboard is not loading — getting a 504 error.
TKT01761,CUST0371,Onboarding,High,In Progress,2024-01-13,2024-01-14,30.4,2.0,Can someone walk us through connecting our CRM?
TKT01762,CUST0130,Integration,High,Resolved,2023-12-24,2023-12-24,18.0,4.0,The Salesforce integration is not syncing contacts properly.
TKT01763,CUST0483,Feature Request,High,Resolved,2025-02-02,2025-02-02,20.2,5.0,We'd love a Slack integration for real-time alerts.
TKT01764,CUST0252,Account Management,Medium,Resolved,2022-12-14,2022-12-15,42.1,5.0,Can we change the primary account admin?
TKT01765,CUST0289,Performance,High,Resolved,2024-05-26,2024-05-26,9.2,,API response times have increased significantly this week.
TKT01766,CUST0131,Performance,High,Resolved,2025-02-28,2025-03-01,24.9,,The platform is very slow during peak hours (9-11am EST).
TKT01767,CUST0174,Feature Request,Low,Resolved,2022-01-02,2022-01-03,28.2,,We'd love a Slack integration for real-time alerts.
TKT01768,CUST0366,Billing,High,In Progress,2023-08-03,2023-08-03,8.3,3.0,The upgrade price shown in the app is different from what I was charged.
TKT01769,CUST0114,Account Management,Medium,In Progress,2023-11-29,2023-11-29,10.8,5.0,We need to update our billing contact information.
TKT01770,CUST0193,Performance,Low,Open,2022-11-26,2022-11-30,109.3,3.0,The platform is very slow during peak hours (9-11am EST).
TKT01771,CUST0383,Technical Issue,Low,Open,2022-05-02,2022-05-06,97.3,,Login page throws an error when using SSO.
TKT01772,CUST0105,Feature Request,High,Resolved,2022-06-06,2022-06-06,3.5,5.0,We need custom date range filters in the reports section.
TKT01773,CUST0074,Integration,Low,Resolved,2024-02-23,2024-02-26,88.9,3.0,Zapier connection keeps timing out.
TKT01774,CUST0022,Feature Request,Low,Resolved,2025-06-09,2025-06-10,28.7,,We need custom date range filters in the reports section.
TKT01775,CUST0126,Technical Issue,Critical,Resolved,2025-10-19,2025-10-19,4.2,3.0,Export to CSV is producing empty files.
TKT01776,CUST0271,Performance,Medium,Resolved,2024-05-09,2024-05-10,34.1,3.0,The platform is very slow during peak hours (9-11am EST).
TKT01777,CUST0323,Integration,High,Open,2022-06-28,2022-06-28,6.9,5.0,The Salesforce integration is not syncing contacts properly.
TKT01778,CUST0351,Billing,Low,Resolved,2023-05-08,2023-05-11,90.9,5.0,The upgrade price shown in the app is different from what I was charged.
TKT01779,CUST0235,Account Management,Medium,Resolved,2023-05-07,2023-05-08,42.1,4.0,Please help us set up SSO for our organization.
TKT01780,CUST0179,Feature Request,Medium,Resolved,2022-04-30,2022-04-30,16.3,5.0,We'd love a Slack integration for real-time alerts.
TKT01781,CUST0413,Account Management,Medium,In Progress,2023-02-18,2023-02-18,22.3,3.0,We need to add 10 more user seats to our plan.
TKT01782,CUST0072,Onboarding,Medium,Resolved,2025-03-21,2025-03-21,20.6,,We are stuck on the data migration step — need guidance.
TKT01783,CUST0375,Account Management,Low,Resolved,2025-11-16,2025-11-17,42.0,3.0,Can we change the primary account admin?
TKT01784,CUST0382,Billing,Medium,Resolved,2025-09-03,2025-09-04,28.8,3.0,The upgrade price shown in the app is different from what I was charged.
TKT01785,CUST0193,Feature Request,Low,Resolved,2022-10-11,2022-10-16,130.6,4.0,We need custom date range filters in the reports section.
TKT01786,CUST0055,Feature Request,Medium,Resolved,2022-09-10,2022-09-11,37.9,,Would be great to have a mobile app version.
TKT01787,CUST0081,Billing,High,Resolved,2024-05-10,2024-05-10,23.1,3.0,Requesting a refund for unused seats on our plan.
TKT01788,CUST0233,Performance,High,Resolved,2025-03-31,2025-03-31,12.0,,API response times have increased significantly this week.
TKT01789,CUST0224,Integration,Medium,Resolved,2024-09-05,2024-09-06,44.7,5.0,The Salesforce integration is not syncing contacts properly.
TKT01790,CUST0380,Account Management,High,Open,2024-01-10,2024-01-10,13.2,,Please help us set up SSO for our organization.
TKT01791,CUST0083,Feature Request,Medium,Resolved,2025-01-04,2025-01-05,29.7,1.0,Would be great to have a mobile app version.
TKT01792,CUST0424,Performance,Medium,Resolved,2023-09-07,2023-09-08,41.2,3.0,Dashboard charts lag when we have more than 5 filters active.
TKT01793,CUST0171,Integration,Medium,Resolved,2025-12-18,2025-12-19,36.0,,We need help setting up the webhook for order updates.
TKT01794,CUST0151,Feature Request,Medium,Resolved,2023-10-21,2023-10-21,22.0,1.0,We'd love a Slack integration for real-time alerts.
TKT01795,CUST0496,Feature Request,Low,Resolved,2022-11-16,2022-11-19,94.4,5.0,Would be great to have a mobile app version.
TKT01796,CUST0276,Feature Request,Medium,Resolved,2024-10-08,2024-10-09,43.6,5.0,Would be great to have a mobile app version.
TKT01797,CUST0250,Integration,Medium,In Progress,2022-04-03,2022-04-03,13.0,4.0,We need help setting up the webhook for order updates.
TKT01798,CUST0384,Integration,Medium,In Progress,2023-04-13,2023-04-14,39.9,,Our API key stopped working after a password reset.
TKT01799,CUST0381,Technical Issue,High,Resolved,2025-11-29,2025-11-29,2.6,4.0,The dashboard is not loading — getting a 504 error.
TKT01800,CUST0461,Performance,Low,Resolved,2025-07-24,2025-07-26,59.7,,Dashboard charts lag when we have more than 5 filters active.
TKT01801,CUST0128,Billing,Medium,Resolved,2023-03-30,2023-03-31,34.5,,The upgrade price shown in the app is different from what I was charged.
TKT01802,CUST0066,Account Management,Medium,Resolved,2022-06-29,2022-06-29,23.4,,Please help us set up SSO for our organization.
TKT01803,CUST0091,Onboarding,Medium,In Progress,2025-08-19,2025-08-19,15.2,5.0,Our team hasn't received the onboarding training invite.
TKT01804,CUST0390,Integration,High,Resolved,2024-09-30,2024-10-01,27.4,1.0,Our API key stopped working after a password reset.
TKT01805,CUST0217,Onboarding,Medium,Resolved,2024-11-06,2024-11-06,10.8,4.0,We are stuck on the data migration step — need guidance.
TKT01806,CUST0187,Account Management,Medium,In Progress,2024-05-02,2024-05-02,11.2,5.0,We need to update our billing contact information.
TKT01807,CUST0023,Integration,Low,Resolved,2023-05-05,2023-05-07,51.9,3.0,Our API key stopped working after a password reset.
TKT01808,CUST0190,Feature Request,Low,Resolved,2024-04-26,2024-04-28,51.8,2.0,Can you add a bulk user import via CSV?
TKT01809,CUST0213,Technical Issue,Low,Resolved,2023-06-19,2023-06-24,142.8,2.0,Export to CSV is producing empty files.
TKT01810,CUST0207,Billing,Medium,Resolved,2022-06-16,2022-06-17,46.0,4.0,Can you clarify the pricing for adding more users?
TKT01811,CUST0379,Feature Request,Medium,Resolved,2025-12-04,2025-12-05,43.1,5.0,Please add a dark mode option to the dashboard.
TKT01812,CUST0293,Account Management,High,Resolved,2025-07-09,2025-07-09,15.3,3.0,We need to add 10 more user seats to our plan.
TKT01813,CUST0477,Technical Issue,Low,Resolved,2022-11-28,2022-11-30,59.6,,Our data sync stopped working after the last update.
TKT01814,CUST0449,Account Management,Critical,Resolved,2023-01-05,2023-01-05,6.3,5.0,We need to add 10 more user seats to our plan.
TKT01815,CUST0069,Technical Issue,Low,In Progress,2022-09-04,2022-09-05,33.7,,Notifications are not being delivered to our team emails.
TKT01816,CUST0393,Billing,Low,Resolved,2024-03-10,2024-03-11,38.7,,Can you clarify the pricing for adding more users?
TKT01817,CUST0423,Integration,High,Resolved,2023-05-15,2023-05-15,12.3,3.0,HubSpot integration is duplicating records.
TKT01818,CUST0178,Technical Issue,High,Resolved,2022-01-10,2022-01-10,18.0,,Our data sync stopped working after the last update.
TKT01819,CUST0097,Feature Request,Medium,Resolved,2023-02-27,2023-02-28,33.6,4.0,Please add a dark mode option to the dashboard.
TKT01820,CUST0375,Feature Request,Low,In Progress,2025-05-30,2025-06-01,61.5,3.0,Please add a dark mode option to the dashboard.
TKT01821,CUST0430,Performance,Low,Resolved,2022-11-23,2022-11-25,57.8,,The platform is very slow during peak hours (9-11am EST).
TKT01822,CUST0269,Technical Issue,Medium,Resolved,2023-09-16,2023-09-17,42.6,3.0,Export to CSV is producing empty files.
TKT01823,CUST0372,Technical Issue,High,Resolved,2024-04-26,2024-04-26,3.8,5.0,Our data sync stopped working after the last update.
TKT01824,CUST0125,Account Management,Critical,Resolved,2022-01-07,2022-01-07,5.8,5.0,We need to update our billing contact information.
TKT01825,CUST0342,Onboarding,Critical,Open,2025-09-16,2025-09-16,1.5,5.0,We are stuck on the data migration step — need guidance.
TKT01826,CUST0049,Performance,High,In Progress,2024-10-26,2024-10-26,18.8,5.0,Reports are taking over 2 minutes to load.
TKT01827,CUST0108,Performance,Medium,Resolved,2024-02-28,2024-02-29,38.0,3.0,Dashboard charts lag when we have more than 5 filters active.
TKT01828,CUST0038,Performance,Low,Resolved,2024-04-28,2024-05-04,148.0,3.0,Bulk data export is timing out for large datasets.
TKT01829,CUST0103,Performance,Medium,Escalated,2022-04-11,2022-04-12,36.7,5.0,Bulk data export is timing out for large datasets.
TKT01830,CUST0016,Account Management,Low,Resolved,2024-01-10,2024-01-11,39.7,3.0,We need to add 10 more user seats to our plan.
TKT01831,CUST0080,Performance,Low,Resolved,2023-12-04,2023-12-05,33.1,5.0,Bulk data export is timing out for large datasets.
TKT01832,CUST0426,Billing,Medium,Resolved,2023-12-03,2023-12-03,9.9,5.0,My invoice doesn't match the amount on my credit card.
TKT01833,CUST0207,Integration,Medium,Resolved,2022-05-07,2022-05-08,26.2,,We need help setting up the webhook for order updates.
TKT01834,CUST0146,Account Management,High,Resolved,2023-08-22,2023-08-22,19.5,5.0,We'd like to upgrade from Growth to Enterprise plan.
TKT01835,CUST0371,Integration,Critical,Resolved,2023-05-03,2023-05-03,7.3,1.0,The Salesforce integration is not syncing contacts properly.
TKT01836,CUST0142,Integration,Medium,Open,2024-10-14,2024-10-15,24.5,3.0,We need help setting up the webhook for order updates.
TKT01837,CUST0210,Account Management,Medium,Escalated,2024-04-27,2024-04-28,41.6,,Can we change the primary account admin?
TKT01838,CUST0361,Account Management,High,Resolved,2022-08-11,2022-08-12,32.8,3.0,We need to update our billing contact information.
TKT01839,CUST0013,Account Management,Critical,Resolved,2025-02-26,2025-02-26,3.1,5.0,We'd like to upgrade from Growth to Enterprise plan.
TKT01840,CUST0437,Performance,High,Resolved,2023-10-18,2023-10-18,12.1,4.0,Dashboard charts lag when we have more than 5 filters active.
TKT01841,CUST0452,Technical Issue,High,Open,2025-01-02,2025-01-03,32.9,3.0,The dashboard is not loading — getting a 504 error.
TKT01842,CUST0490,Billing,Medium,Open,2025-04-08,2025-04-09,42.0,5.0,Requesting a refund for unused seats on our plan.
TKT01843,CUST0382,Onboarding,Medium,Escalated,2022-10-18,2022-10-19,45.8,5.0,The setup wizard keeps freezing at Step 3.
TKT01844,CUST0388,Integration,High,Resolved,2024-02-25,2024-02-26,31.6,3.0,The Salesforce integration is not syncing contacts properly.
TKT01845,CUST0236,Billing,Medium,Resolved,2022-08-06,2022-08-07,30.5,3.0,The upgrade price shown in the app is different from what I was charged.
TKT01846,CUST0272,Onboarding,Medium,In Progress,2024-06-16,2024-06-16,13.4,3.0,Our team hasn't received the onboarding training invite.
TKT01847,CUST0365,Technical Issue,Medium,Open,2025-01-29,2025-01-29,12.0,,The dashboard is not loading — getting a 504 error.
TKT01848,CUST0296,Integration,Medium,In Progress,2024-09-03,2024-09-04,40.2,,Zapier connection keeps timing out.
TKT01849,CUST0103,Performance,Medium,Resolved,2023-08-28,2023-08-29,39.0,4.0,Bulk data export is timing out for large datasets.
TKT01850,CUST0001,Onboarding,Medium,Resolved,2025-04-01,2025-04-02,33.2,,Can someone walk us through connecting our CRM?
TKT01851,CUST0167,Onboarding,High,Resolved,2023-02-01,2023-02-01,23.9,1.0,The setup wizard keeps freezing at Step 3.
TKT01852,CUST0420,Onboarding,Low,Resolved,2023-05-15,2023-05-16,29.5,,We need help setting up user roles and permissions.
TKT01853,CUST0485,Performance,Critical,Open,2023-07-09,2023-07-09,12.7,4.0,The platform is very slow during peak hours (9-11am EST).
TKT01854,CUST0026,Account Management,Medium,Resolved,2024-10-26,2024-10-27,25.2,,Can we change the primary account admin?
TKT01855,CUST0049,Technical Issue,Critical,Resolved,2022-12-27,2022-12-27,4.0,3.0,Export to CSV is producing empty files.
TKT01856,CUST0254,Account Management,Medium,Resolved,2022-04-10,2022-04-11,35.5,5.0,We need to add 10 more user seats to our plan.
TKT01857,CUST0435,Billing,High,Resolved,2024-03-01,2024-03-01,4.7,4.0,I was charged twice this month for my subscription.
TKT01858,CUST0037,Integration,Medium,Resolved,2022-03-13,2022-03-14,41.6,3.0,Our API key stopped working after a password reset.
TKT01859,CUST0470,Account Management,Medium,Open,2025-07-15,2025-07-15,20.4,3.0,Please help us set up SSO for our organization.
TKT01860,CUST0119,Account Management,Medium,Resolved,2022-03-08,2022-03-09,30.2,,Can we change the primary account admin?
TKT01861,CUST0272,Feature Request,High,Resolved,2024-02-14,2024-02-14,13.0,3.0,We'd love a Slack integration for real-time alerts.
TKT01862,CUST0007,Feature Request,Low,Resolved,2025-09-14,2025-09-16,63.0,,Can you add a bulk user import via CSV?
TKT01863,CUST0035,Billing,Low,Resolved,2025-04-08,2025-04-10,71.2,,Requesting a refund for unused seats on our plan.
TKT01864,CUST0441,Performance,Low,Resolved,2023-08-25,2023-08-27,57.5,1.0,The platform is very slow during peak hours (9-11am EST).
TKT01865,CUST0230,Integration,Medium,Resolved,2025-04-22,2025-04-22,9.5,3.0,Zapier connection keeps timing out.
TKT01866,CUST0364,Onboarding,Medium,In Progress,2024-08-16,2024-08-16,23.6,5.0,Can someone walk us through connecting our CRM?
TKT01867,CUST0431,Performance,Medium,Resolved,2023-10-18,2023-10-20,70.2,2.0,Bulk data export is timing out for large datasets.
TKT01868,CUST0109,Integration,Medium,Resolved,2024-08-21,2024-08-22,30.0,4.0,Our API key stopped working after a password reset.
TKT01869,CUST0335,Technical Issue,Low,Resolved,2022-07-24,2022-07-26,60.8,3.0,Notifications are not being delivered to our team emails.
TKT01870,CUST0325,Integration,High,Resolved,2024-07-05,2024-07-05,17.5,,We need help setting up the webhook for order updates.
TKT01871,CUST0086,Billing,Medium,Resolved,2023-12-15,2023-12-16,45.3,5.0,Requesting a refund for unused seats on our plan.
TKT01872,CUST0115,Account Management,High,Resolved,2022-06-09,2022-06-09,19.9,3.0,We'd like to upgrade from Growth to Enterprise plan.
TKT01873,CUST0230,Onboarding,High,Resolved,2024-10-07,2024-10-07,3.6,,We need help setting up user roles and permissions.
TKT01874,CUST0070,Account Management,Low,Resolved,2023-04-12,2023-04-13,28.3,,Please help us set up SSO for our organization.
TKT01875,CUST0225,Feature Request,Low,Resolved,2024-10-28,2024-10-30,68.9,3.0,We'd love a Slack integration for real-time alerts.
TKT01876,CUST0007,Onboarding,Medium,Resolved,2024-12-21,2024-12-22,27.3,5.0,Our team hasn't received the onboarding training invite.
TKT01877,CUST0306,Onboarding,Medium,Resolved,2022-12-25,2022-12-25,23.1,4.0,We are stuck on the data migration step — need guidance.
TKT01878,CUST0208,Feature Request,Medium,Resolved,2024-04-28,2024-04-29,43.3,,Please add a dark mode option to the dashboard.
TKT01879,CUST0382,Feature Request,Medium,Open,2024-07-15,2024-07-15,22.3,,We need custom date range filters in the reports section.
TKT01880,CUST0498,Account Management,Low,Open,2024-11-27,2024-12-01,99.7,3.0,Can we change the primary account admin?
TKT01881,CUST0336,Account Management,High,In Progress,2025-03-20,2025-03-20,23.3,5.0,We'd like to upgrade from Growth to Enterprise plan.
TKT01882,CUST0391,Billing,High,Resolved,2023-10-07,2023-10-08,29.1,2.0,My invoice doesn't match the amount on my credit card.
TKT01883,CUST0177,Billing,Medium,Resolved,2024-05-26,2024-05-26,19.5,3.0,Requesting a refund for unused seats on our plan.
TKT01884,CUST0212,Account Management,High,Open,2024-12-25,2024-12-25,2.2,3.0,We need to update our billing contact information.
TKT01885,CUST0035,Account Management,Medium,Resolved,2023-06-15,2023-06-16,25.4,3.0,Please help us set up SSO for our organization.
TKT01886,CUST0488,Onboarding,Low,Resolved,2025-07-05,2025-07-06,45.5,4.0,Can someone walk us through connecting our CRM?
TKT01887,CUST0124,Account Management,Low,Escalated,2025-01-11,2025-01-15,105.0,,We need to update our billing contact information.
TKT01888,CUST0185,Technical Issue,Low,Open,2023-10-20,2023-10-22,56.5,4.0,Export to CSV is producing empty files.
TKT01889,CUST0437,Integration,High,Resolved,2025-07-30,2025-07-30,4.9,,HubSpot integration is duplicating records.
TKT01890,CUST0328,Technical Issue,High,Resolved,2023-07-06,2023-07-06,23.9,3.0,Login page throws an error when using SSO.
TKT01891,CUST0057,Performance,Medium,In Progress,2025-10-07,2025-10-07,23.6,,API response times have increased significantly this week.
TKT01892,CUST0194,Integration,High,Resolved,2023-05-29,2023-05-29,12.6,3.0,Zapier connection keeps timing out.
TKT01893,CUST0013,Technical Issue,Medium,Open,2023-12-07,2023-12-08,34.1,,Notifications are not being delivered to our team emails.
TKT01894,CUST0386,Account Management,Medium,Open,2024-04-26,2024-04-27,29.1,3.0,We need to add 10 more user seats to our plan.
TKT01895,CUST0080,Technical Issue,Medium,Resolved,2023-07-29,2023-07-29,11.6,3.0,Our data sync stopped working after the last update.
TKT01896,CUST0386,Performance,Low,Resolved,2024-03-13,2024-03-14,37.4,,API response times have increased significantly this week.
TKT01897,CUST0375,Billing,High,Resolved,2024-01-09,2024-01-09,8.0,3.0,Can you clarify the pricing for adding more users?
TKT01898,CUST0163,Integration,High,Resolved,2023-05-05,2023-05-05,3.9,3.0,Zapier connection keeps timing out.
TKT01899,CUST0116,Billing,Low,Resolved,2022-11-21,2022-11-23,60.4,3.0,Requesting a refund for unused seats on our plan.
TKT01900,CUST0446,Integration,Low,Resolved,2024-07-03,2024-07-05,65.7,4.0,Our API key stopped working after a password reset.
TKT01901,CUST0219,Account Management,High,Resolved,2025-04-11,2025-04-11,17.7,3.0,Can we change the primary account admin?
TKT01902,CUST0379,Account Management,Medium,Resolved,2024-12-10,2024-12-11,24.7,4.0,We need to update our billing contact information.
TKT01903,CUST0150,Performance,Low,Resolved,2024-06-16,2024-06-19,82.9,2.0,The platform is very slow during peak hours (9-11am EST).
TKT01904,CUST0088,Account Management,Medium,Resolved,2024-06-18,2024-06-19,24.1,3.0,Please help us set up SSO for our organization.
TKT01905,CUST0449,Performance,Low,In Progress,2023-03-05,2023-03-06,29.6,,Reports are taking over 2 minutes to load.
TKT01906,CUST0151,Onboarding,Low,Open,2024-08-18,2024-08-20,56.6,2.0,We need help setting up user roles and permissions.
TKT01907,CUST0121,Technical Issue,Medium,Open,2024-04-09,2024-04-09,20.5,,Export to CSV is producing empty files.
TKT01908,CUST0342,Onboarding,Low,In Progress,2022-06-15,2022-06-17,69.5,3.0,The setup wizard keeps freezing at Step 3.
TKT01909,CUST0363,Technical Issue,High,Resolved,2025-10-24,2025-10-24,4.4,1.0,The dashboard is not loading — getting a 504 error.
TKT01910,CUST0121,Account Management,Medium,Resolved,2023-01-02,2023-01-03,47.4,5.0,We'd like to upgrade from Growth to Enterprise plan.
TKT01911,CUST0163,Feature Request,Low,Resolved,2022-01-06,2022-01-08,62.4,5.0,We need custom date range filters in the reports section.
TKT01912,CUST0459,Integration,Medium,Resolved,2022-08-02,2022-08-03,33.4,5.0,We need help setting up the webhook for order updates.
TKT01913,CUST0196,Performance,Critical,In Progress,2024-04-29,2024-04-29,6.2,3.0,The platform is very slow during peak hours (9-11am EST).
TKT01914,CUST0457,Billing,Low,Resolved,2025-04-25,2025-04-26,25.3,,Requesting a refund for unused seats on our plan.
TKT01915,CUST0172,Technical Issue,Medium,In Progress,2025-07-22,2025-07-23,33.0,5.0,Login page throws an error when using SSO.
TKT01916,CUST0069,Feature Request,Low,Resolved,2022-02-18,2022-02-20,54.0,5.0,Would be great to have a mobile app version.
TKT01917,CUST0241,Account Management,High,In Progress,2022-10-30,2022-10-30,22.0,3.0,Can we change the primary account admin?
TKT01918,CUST0141,Technical Issue,High,In Progress,2024-12-10,2024-12-10,14.6,5.0,Export to CSV is producing empty files.
TKT01919,CUST0008,Onboarding,Low,Open,2022-05-19,2022-05-21,70.2,,Can someone walk us through connecting our CRM?
TKT01920,CUST0316,Integration,Medium,In Progress,2022-12-12,2022-12-12,17.8,4.0,The Salesforce integration is not syncing contacts properly.
TKT01921,CUST0223,Onboarding,Low,Resolved,2025-01-12,2025-01-15,77.5,2.0,We are stuck on the data migration step — need guidance.
TKT01922,CUST0042,Feature Request,Medium,Resolved,2023-10-11,2023-10-11,22.3,3.0,Can you add a bulk user import via CSV?
TKT01923,CUST0410,Account Management,Medium,Resolved,2022-12-06,2022-12-06,19.7,3.0,Can we change the primary account admin?
TKT01924,CUST0401,Technical Issue,Medium,Resolved,2025-10-07,2025-10-08,44.0,,Our data sync stopped working after the last update.
TKT01925,CUST0301,Account Management,Critical,Resolved,2023-12-27,2023-12-27,2.0,4.0,We need to update our billing contact information.
TKT01926,CUST0498,Account Management,Low,Open,2025-05-28,2025-05-31,87.9,1.0,We'd like to upgrade from Growth to Enterprise plan.
TKT01927,CUST0245,Performance,Low,Resolved,2025-12-30,2025-12-31,33.8,5.0,Reports are taking over 2 minutes to load.
TKT01928,CUST0308,Feature Request,Low,Resolved,2023-05-21,2023-05-24,82.9,3.0,Please add a dark mode option to the dashboard.
TKT01929,CUST0387,Technical Issue,Medium,Resolved,2025-05-14,2025-05-14,23.9,,Our data sync stopped working after the last update.
TKT01930,CUST0259,Feature Request,Low,Resolved,2025-10-22,2025-10-25,84.5,4.0,Please add a dark mode option to the dashboard.
TKT01931,CUST0306,Integration,Medium,Resolved,2022-11-13,2022-11-14,41.7,4.0,HubSpot integration is duplicating records.
TKT01932,CUST0116,Billing,Medium,Resolved,2025-08-04,2025-08-04,18.2,,Can you clarify the pricing for adding more users?
TKT01933,CUST0126,Account Management,Low,Escalated,2025-08-21,2025-08-22,43.8,1.0,We'd like to upgrade from Growth to Enterprise plan.
TKT01934,CUST0387,Account Management,Low,Resolved,2025-10-06,2025-10-08,60.8,3.0,We'd like to upgrade from Growth to Enterprise plan.
TKT01935,CUST0429,Feature Request,Low,Resolved,2022-09-14,2022-09-17,89.6,3.0,We'd love a Slack integration for real-time alerts.
TKT01936,CUST0027,Onboarding,Low,Resolved,2023-06-11,2023-06-13,57.9,5.0,We are stuck on the data migration step — need guidance.
TKT01937,CUST0242,Billing,Medium,Open,2023-05-30,2023-05-31,42.2,,My invoice doesn't match the amount on my credit card.
TKT01938,CUST0183,Onboarding,Medium,Resolved,2024-10-29,2024-10-30,35.5,5.0,Can someone walk us through connecting our CRM?
TKT01939,CUST0478,Onboarding,High,Resolved,2024-09-07,2024-09-07,8.5,,Can someone walk us through connecting our CRM?
TKT01940,CUST0485,Billing,Medium,Resolved,2023-03-25,2023-03-26,38.0,3.0,The upgrade price shown in the app is different from what I was charged.
TKT01941,CUST0076,Billing,Medium,Resolved,2025-01-17,2025-01-17,12.9,2.0,Can you clarify the pricing for adding more users?
TKT01942,CUST0183,Account Management,High,Resolved,2024-12-28,2024-12-28,16.9,4.0,We need to add 10 more user seats to our plan.
TKT01943,CUST0298,Technical Issue,High,Open,2022-08-28,2022-08-28,10.8,,Notifications are not being delivered to our team emails.
TKT01944,CUST0169,Onboarding,Critical,Resolved,2024-02-04,2024-02-04,1.9,4.0,We need help setting up user roles and permissions.
TKT01945,CUST0287,Billing,Low,Resolved,2022-07-22,2022-07-25,87.6,1.0,The upgrade price shown in the app is different from what I was charged.
TKT01946,CUST0134,Account Management,Medium,In Progress,2022-05-18,2022-05-18,17.9,,Please help us set up SSO for our organization.
TKT01947,CUST0081,Integration,High,Escalated,2024-11-21,2024-11-21,7.1,3.0,Zapier connection keeps timing out.
TKT01948,CUST0391,Feature Request,Low,Resolved,2024-01-21,2024-01-23,54.0,4.0,We'd love a Slack integration for real-time alerts.
TKT01949,CUST0276,Feature Request,Low,Open,2025-05-13,2025-05-16,82.0,3.0,Please add a dark mode option to the dashboard.
TKT01950,CUST0016,Billing,Low,Resolved,2025-06-22,2025-06-25,82.3,5.0,Requesting a refund for unused seats on our plan.
TKT01951,CUST0169,Feature Request,Medium,Resolved,2023-02-18,2023-02-19,34.9,4.0,We'd love a Slack integration for real-time alerts.
TKT01952,CUST0302,Integration,Low,Resolved,2024-05-04,2024-05-06,57.0,,Our API key stopped working after a password reset.
TKT01953,CUST0406,Onboarding,Critical,Resolved,2023-11-20,2023-11-20,5.0,3.0,We need help setting up user roles and permissions.
TKT01954,CUST0400,Billing,Medium,Resolved,2025-11-08,2025-11-08,18.0,3.0,The upgrade price shown in the app is different from what I was charged.
TKT01955,CUST0435,Performance,Medium,Open,2022-04-15,2022-04-16,28.8,4.0,Reports are taking over 2 minutes to load.
TKT01956,CUST0255,Feature Request,Medium,In Progress,2025-08-01,2025-08-01,19.1,,We need custom date range filters in the reports section.
TKT01957,CUST0467,Technical Issue,High,In Progress,2025-11-03,2025-11-03,20.9,4.0,Login page throws an error when using SSO.
TKT01958,CUST0347,Performance,Medium,Resolved,2025-03-26,2025-03-27,31.5,5.0,Dashboard charts lag when we have more than 5 filters active.
TKT01959,CUST0211,Technical Issue,Medium,Resolved,2022-05-24,2022-05-24,12.7,,Export to CSV is producing empty files.
TKT01960,CUST0285,Performance,Medium,Resolved,2022-08-15,2022-08-18,73.0,4.0,The platform is very slow during peak hours (9-11am EST).
TKT01961,CUST0035,Integration,Critical,Open,2025-04-16,2025-04-16,6.9,,We need help setting up the webhook for order updates.
TKT01962,CUST0320,Performance,High,Escalated,2024-11-08,2024-11-08,16.1,3.0,API response times have increased significantly this week.
TKT01963,CUST0299,Billing,Medium,Resolved,2024-04-08,2024-04-08,9.0,3.0,Requesting a refund for unused seats on our plan.
TKT01964,CUST0287,Account Management,Medium,Resolved,2024-01-24,2024-01-25,25.2,1.0,We'd like to upgrade from Growth to Enterprise plan.
TKT01965,CUST0461,Onboarding,Low,Resolved,2024-12-20,2024-12-21,47.1,4.0,We are stuck on the data migration step — need guidance.
TKT01966,CUST0064,Onboarding,High,Open,2023-06-08,2023-06-08,7.6,3.0,The setup wizard keeps freezing at Step 3.
TKT01967,CUST0002,Billing,Low,Resolved,2023-07-11,2023-07-12,26.6,4.0,I was charged twice this month for my subscription.
TKT01968,CUST0397,Account Management,Critical,Open,2022-04-15,2022-04-15,6.1,3.0,Please help us set up SSO for our organization.
TKT01969,CUST0311,Onboarding,Low,Resolved,2024-04-21,2024-04-25,98.8,,We need help setting up user roles and permissions.
TKT01970,CUST0460,Feature Request,Medium,Resolved,2023-09-18,2023-09-18,14.2,5.0,Please add a dark mode option to the dashboard.
TKT01971,CUST0302,Performance,Medium,Resolved,2025-05-12,2025-05-12,14.0,3.0,API response times have increased significantly this week.
TKT01972,CUST0100,Account Management,Medium,Open,2025-07-16,2025-07-18,65.5,3.0,Please help us set up SSO for our organization.
TKT01973,CUST0188,Integration,High,Escalated,2024-08-03,2024-08-03,20.4,5.0,Zapier connection keeps timing out.
TKT01974,CUST0248,Billing,High,Resolved,2025-12-06,2025-12-06,9.1,5.0,My invoice doesn't match the amount on my credit card.
TKT01975,CUST0366,Integration,Low,Resolved,2024-05-30,2024-06-03,118.3,1.0,HubSpot integration is duplicating records.
TKT01976,CUST0366,Onboarding,Low,Open,2025-07-24,2025-07-26,50.7,,Our team hasn't received the onboarding training invite.
TKT01977,CUST0132,Billing,Critical,Resolved,2022-11-20,2022-11-20,3.5,3.0,I was charged twice this month for my subscription.
TKT01978,CUST0103,Billing,Medium,Open,2024-03-23,2024-03-24,41.9,3.0,The upgrade price shown in the app is different from what I was charged.
TKT01979,CUST0001,Onboarding,Low,Resolved,2022-11-15,2022-11-18,87.5,5.0,Can someone walk us through connecting our CRM?
TKT01980,CUST0221,Technical Issue,Medium,Escalated,2023-10-30,2023-10-30,8.4,4.0,Our data sync stopped working after the last update.
TKT01981,CUST0235,Technical Issue,Medium,Resolved,2025-05-29,2025-05-30,44.7,3.0,Notifications are not being delivered to our team emails.
TKT01982,CUST0052,Onboarding,High,In Progress,2024-04-13,2024-04-13,12.2,,Our team hasn't received the onboarding training invite.
TKT01983,CUST0225,Billing,Low,Resolved,2023-12-14,2023-12-15,46.5,4.0,My invoice doesn't match the amount on my credit card.
TKT01984,CUST0164,Integration,Medium,Resolved,2024-05-12,2024-05-12,18.9,4.0,We need help setting up the webhook for order updates.
TKT01985,CUST0145,Onboarding,High,Resolved,2024-11-15,2024-11-15,8.7,2.0,Can someone walk us through connecting our CRM?
TKT01986,CUST0201,Performance,High,Resolved,2023-10-18,2023-10-19,28.2,1.0,The platform is very slow during peak hours (9-11am EST).
TKT01987,CUST0034,Technical Issue,Low,In Progress,2025-12-07,2025-12-11,110.3,2.0,The dashboard is not loading — getting a 504 error.
TKT01988,CUST0080,Account Management,High,Resolved,2022-04-24,2022-04-24,19.9,4.0,Please help us set up SSO for our organization.
TKT01989,CUST0497,Feature Request,Low,Resolved,2022-01-09,2022-01-12,75.8,2.0,Please add a dark mode option to the dashboard.
TKT01990,CUST0498,Performance,Low,Resolved,2024-04-23,2024-04-29,151.0,,Bulk data export is timing out for large datasets.
TKT01991,CUST0086,Integration,Medium,In Progress,2022-05-31,2022-06-01,26.7,4.0,HubSpot integration is duplicating records.
TKT01992,CUST0123,Integration,Low,Resolved,2023-11-13,2023-11-16,90.6,,Zapier connection keeps timing out.
TKT01993,CUST0413,Onboarding,High,In Progress,2025-08-31,2025-08-31,14.3,,The setup wizard keeps freezing at Step 3.
TKT01994,CUST0069,Onboarding,Low,Resolved,2022-09-02,2022-09-03,26.2,,The setup wizard keeps freezing at Step 3.
TKT01995,CUST0255,Billing,Medium,Resolved,2022-11-17,2022-11-18,32.9,5.0,The upgrade price shown in the app is different from what I was charged.
TKT01996,CUST0456,Account Management,Low,Resolved,2022-07-09,2022-07-11,53.0,,We need to update our billing contact information.
TKT01997,CUST0436,Performance,Medium,Resolved,2024-06-07,2024-06-08,34.2,4.0,API response times have increased significantly this week.
TKT01998,CUST0078,Account Management,Medium,Resolved,2023-10-05,2023-10-06,25.2,,Can we change the primary account admin?
TKT01999,CUST0178,Billing,Medium,Resolved,2024-09-15,2024-09-17,64.0,4.0,Requesting a refund for unused seats on our plan.
TKT02000,CUST0300,Technical Issue,Medium,Resolved,2024-12-02,2024-12-02,18.0,3.0,Our data sync stopped working after the last update.
TKT02001,CUST0102,Feature Request,High,Resolved,2023-05-30,2023-05-30,19.8,5.0,We'd love a Slack integration for real-time alerts.
TKT02002,CUST0320,Onboarding,Medium,Resolved,2022-11-23,2022-11-23,20.0,4.0,We are stuck on the data migration step — need guidance.
TKT02003,CUST0350,Onboarding,Low,Resolved,2022-11-01,2022-11-04,91.6,4.0,The setup wizard keeps freezing at Step 3.
TKT02004,CUST0416,Technical Issue,Low,Open,2025-10-14,2025-10-17,80.9,4.0,The dashboard is not loading — getting a 504 error.
TKT02005,CUST0262,Billing,Critical,Resolved,2022-01-05,2022-01-05,2.8,1.0,My invoice doesn't match the amount on my credit card.
TKT02006,CUST0227,Billing,Medium,In Progress,2025-01-01,2025-01-01,18.9,5.0,Can you clarify the pricing for adding more users?
TKT02007,CUST0338,Feature Request,Low,In Progress,2023-09-11,2023-09-13,63.9,5.0,We'd love a Slack integration for real-time alerts.
TKT02008,CUST0458,Onboarding,Medium,Resolved,2024-09-25,2024-09-26,38.2,3.0,We are stuck on the data migration step — need guidance.
TKT02009,CUST0010,Feature Request,Medium,Resolved,2025-04-28,2025-04-29,32.3,,Would be great to have a mobile app version.
TKT02010,CUST0062,Feature Request,Low,Resolved,2023-03-20,2023-03-21,44.3,4.0,We'd love a Slack integration for real-time alerts.
TKT02011,CUST0380,Billing,Medium,Resolved,2022-04-09,2022-04-09,21.6,5.0,My invoice doesn't match the amount on my credit card.
TKT02012,CUST0329,Integration,Medium,Resolved,2025-09-08,2025-09-09,25.3,5.0,The Salesforce integration is not syncing contacts properly.
TKT02013,CUST0493,Billing,High,Resolved,2022-05-21,2022-05-21,6.6,3.0,The upgrade price shown in the app is different from what I was charged.
TKT02014,CUST0071,Performance,Low,Resolved,2023-08-19,2023-08-22,89.2,4.0,Bulk data export is timing out for large datasets.
TKT02015,CUST0059,Technical Issue,Medium,Resolved,2023-12-12,2023-12-14,49.0,4.0,Our data sync stopped working after the last update.
TKT02016,CUST0419,Account Management,Low,In Progress,2024-11-08,2024-11-11,83.3,4.0,We need to update our billing contact information.
TKT02017,CUST0371,Feature Request,Medium,Resolved,2022-12-19,2022-12-20,37.7,2.0,We'd love a Slack integration for real-time alerts.
TKT02018,CUST0041,Performance,High,Open,2024-06-05,2024-06-05,10.1,4.0,Dashboard charts lag when we have more than 5 filters active.
TKT02019,CUST0447,Billing,High,Resolved,2024-03-11,2024-03-11,15.7,1.0,My invoice doesn't match the amount on my credit card.
TKT02020,CUST0295,Integration,Medium,Resolved,2022-04-28,2022-04-28,20.1,5.0,We need help setting up the webhook for order updates.
TKT02021,CUST0052,Onboarding,Low,In Progress,2022-03-22,2022-03-24,62.0,,We need help setting up user roles and permissions.
TKT02022,CUST0098,Account Management,High,Escalated,2022-09-18,2022-09-19,33.0,,Can we change the primary account admin?
TKT02023,CUST0458,Performance,Critical,Resolved,2025-02-05,2025-02-05,7.4,3.0,The platform is very slow during peak hours (9-11am EST).
TKT02024,CUST0458,Technical Issue,Medium,Resolved,2025-03-10,2025-03-10,22.6,4.0,Login page throws an error when using SSO.
TKT02025,CUST0279,Onboarding,Low,Resolved,2022-01-28,2022-01-31,73.5,3.0,We need help setting up user roles and permissions.
TKT02026,CUST0453,Billing,Medium,Resolved,2024-01-26,2024-01-27,30.2,3.0,My invoice doesn't match the amount on my credit card.
TKT02027,CUST0243,Integration,Medium,Resolved,2025-03-02,2025-03-03,29.8,5.0,Zapier connection keeps timing out.
TKT02028,CUST0314,Onboarding,Medium,In Progress,2025-06-09,2025-06-09,15.8,5.0,Can someone walk us through connecting our CRM?
TKT02029,CUST0488,Onboarding,Medium,In Progress,2022-12-01,2022-12-01,13.6,3.0,We are stuck on the data migration step — need guidance.
TKT02030,CUST0241,Feature Request,Low,Open,2023-06-05,2023-06-06,32.8,,Would be great to have a mobile app version.
TKT02031,CUST0177,Feature Request,Medium,In Progress,2024-08-21,2024-08-22,41.4,3.0,Can you add a bulk user import via CSV?
TKT02032,CUST0402,Account Management,High,Resolved,2022-10-02,2022-10-02,21.7,,Please help us set up SSO for our organization.
TKT02033,CUST0348,Billing,Medium,Open,2025-03-01,2025-03-01,19.8,3.0,My invoice doesn't match the amount on my credit card.
TKT02034,CUST0339,Account Management,Medium,Resolved,2023-07-02,2023-07-03,26.2,5.0,Can we change the primary account admin?
TKT02035,CUST0451,Account Management,Medium,Resolved,2025-11-27,2025-11-27,17.9,,Can we change the primary account admin?
TKT02036,CUST0123,Performance,Medium,In Progress,2024-12-18,2024-12-19,40.4,4.0,Dashboard charts lag when we have more than 5 filters active.
TKT02037,CUST0327,Billing,High,Resolved,2024-05-14,2024-05-14,16.1,4.0,The upgrade price shown in the app is different from what I was charged.
TKT02038,CUST0325,Technical Issue,High,Resolved,2025-12-30,2025-12-30,22.4,,The dashboard is not loading — getting a 504 error.
TKT02039,CUST0283,Technical Issue,Medium,Resolved,2023-05-21,2023-05-23,60.3,2.0,Login page throws an error when using SSO.
TKT02040,CUST0044,Performance,Medium,Resolved,2024-08-18,2024-08-19,36.5,4.0,The platform is very slow during peak hours (9-11am EST).
TKT02041,CUST0478,Performance,High,In Progress,2022-10-19,2022-10-19,4.9,,The platform is very slow during peak hours (9-11am EST).
TKT02042,CUST0067,Technical Issue,Low,Resolved,2024-01-08,2024-01-11,87.7,4.0,Our data sync stopped working after the last update.
TKT02043,CUST0130,Feature Request,Medium,Resolved,2023-11-26,2023-11-26,9.9,5.0,Would be great to have a mobile app version.
TKT02044,CUST0177,Technical Issue,Low,Open,2023-08-01,2023-08-03,61.9,3.0,Our data sync stopped working after the last update.
TKT02045,CUST0098,Integration,Low,In Progress,2024-03-22,2024-03-27,120.4,3.0,Zapier connection keeps timing out.
TKT02046,CUST0009,Account Management,Medium,Open,2025-09-28,2025-09-28,19.4,5.0,We need to update our billing contact information.
TKT02047,CUST0127,Feature Request,Medium,Resolved,2025-05-01,2025-05-01,20.4,3.0,We need custom date range filters in the reports section.
TKT02048,CUST0488,Performance,High,Resolved,2025-10-29,2025-10-29,15.0,3.0,The platform is very slow during peak hours (9-11am EST).
TKT02049,CUST0028,Technical Issue,Critical,Open,2023-10-12,2023-10-12,3.2,,Login page throws an error when using SSO.
TKT02050,CUST0361,Performance,Medium,Resolved,2023-08-17,2023-08-18,39.1,4.0,API response times have increased significantly this week.
TKT02051,CUST0035,Integration,Critical,Open,2025-03-12,2025-03-12,4.6,5.0,We need help setting up the webhook for order updates.
TKT02052,CUST0041,Account Management,Low,Escalated,2025-03-21,2025-03-22,47.4,5.0,We'd like to upgrade from Growth to Enterprise plan.
TKT02053,CUST0300,Technical Issue,Medium,Resolved,2022-05-13,2022-05-13,12.6,5.0,Login page throws an error when using SSO.
TKT02054,CUST0488,Performance,Medium,Resolved,2025-07-14,2025-07-14,10.1,4.0,The platform is very slow during peak hours (9-11am EST).
TKT02055,CUST0293,Onboarding,Low,In Progress,2025-10-13,2025-10-14,38.2,5.0,Can someone walk us through connecting our CRM?
TKT02056,CUST0181,Feature Request,High,Resolved,2025-02-26,2025-02-26,22.8,5.0,We need custom date range filters in the reports section.
TKT02057,CUST0363,Onboarding,Medium,Resolved,2025-07-17,2025-07-17,22.6,2.0,We are stuck on the data migration step — need guidance.
TKT02058,CUST0368,Performance,Low,In Progress,2022-03-03,2022-03-04,31.0,,API response times have increased significantly this week.
TKT02059,CUST0342,Onboarding,Medium,Resolved,2024-03-20,2024-03-20,15.3,,Can someone walk us through connecting our CRM?
TKT02060,CUST0175,Billing,Low,Resolved,2025-04-08,2025-04-11,79.2,5.0,The upgrade price shown in the app is different from what I was charged.
TKT02061,CUST0324,Performance,High,Resolved,2022-01-29,2022-01-29,16.6,,Bulk data export is timing out for large datasets.
TKT02062,CUST0181,Integration,Medium,In Progress,2023-01-11,2023-01-11,18.9,4.0,Our API key stopped working after a password reset.
TKT02063,CUST0369,Performance,Medium,Resolved,2024-03-18,2024-03-19,24.9,3.0,API response times have increased significantly this week.
TKT02064,CUST0265,Technical Issue,High,Resolved,2023-12-09,2023-12-09,4.5,,Login page throws an error when using SSO.
TKT02065,CUST0170,Billing,Low,Resolved,2023-03-21,2023-03-24,86.3,,My invoice doesn't match the amount on my credit card.
TKT02066,CUST0484,Onboarding,Medium,Resolved,2025-10-15,2025-10-16,25.9,4.0,Our team hasn't received the onboarding training invite.
TKT02067,CUST0370,Account Management,High,Resolved,2024-03-05,2024-03-05,19.6,5.0,Please help us set up SSO for our organization.
TKT02068,CUST0106,Performance,Low,Resolved,2023-09-06,2023-09-09,75.0,5.0,Reports are taking over 2 minutes to load.
TKT02069,CUST0241,Onboarding,Low,Resolved,2025-11-05,2025-11-07,69.2,3.0,Can someone walk us through connecting our CRM?
TKT02070,CUST0339,Integration,Medium,Resolved,2024-09-12,2024-09-13,41.7,4.0,We need help setting up the webhook for order updates.
TKT02071,CUST0255,Account Management,Medium,Resolved,2024-08-29,2024-08-29,14.1,5.0,We need to add 10 more user seats to our plan.
TKT02072,CUST0385,Technical Issue,Low,Open,2023-04-17,2023-04-19,50.5,5.0,Our data sync stopped working after the last update.
TKT02073,CUST0377,Billing,Low,Open,2023-12-15,2023-12-18,78.5,5.0,Requesting a refund for unused seats on our plan.
TKT02074,CUST0453,Feature Request,Medium,Resolved,2024-07-01,2024-07-03,59.4,4.0,Can you add a bulk user import via CSV?
TKT02075,CUST0006,Onboarding,Critical,Resolved,2022-07-11,2022-07-11,10.0,2.0,We need help setting up user roles and permissions.
TKT02076,CUST0335,Integration,Low,Open,2024-08-02,2024-08-05,84.6,,We need help setting up the webhook for order updates.
TKT02077,CUST0495,Billing,Low,Resolved,2024-02-15,2024-02-16,30.3,5.0,Can you clarify the pricing for adding more users?
TKT02078,CUST0208,Performance,High,Resolved,2022-08-08,2022-08-09,30.3,4.0,Bulk data export is timing out for large datasets.
TKT02079,CUST0153,Feature Request,Low,In Progress,2022-03-20,2022-03-22,66.0,,Would be great to have a mobile app version.
TKT02080,CUST0202,Onboarding,Low,Open,2022-02-03,2022-02-04,28.4,4.0,Our team hasn't received the onboarding training invite.
TKT02081,CUST0061,Account Management,Critical,Resolved,2024-01-05,2024-01-05,9.2,1.0,Please help us set up SSO for our organization.
TKT02082,CUST0446,Performance,Critical,In Progress,2025-12-29,2025-12-29,6.9,,Bulk data export is timing out for large datasets.
TKT02083,CUST0257,Billing,Low,Open,2025-09-01,2025-09-03,50.2,3.0,The upgrade price shown in the app is different from what I was charged.
TKT02084,CUST0344,Performance,Low,Open,2024-05-01,2024-05-03,50.3,,The platform is very slow during peak hours (9-11am EST).
TKT02085,CUST0305,Feature Request,Medium,Resolved,2025-01-19,2025-01-19,23.7,5.0,We'd love a Slack integration for real-time alerts.
TKT02086,CUST0153,Integration,Medium,In Progress,2022-03-17,2022-03-18,27.0,5.0,HubSpot integration is duplicating records.
TKT02087,CUST0197,Integration,High,Resolved,2022-07-16,2022-07-16,9.2,3.0,We need help setting up the webhook for order updates.
TKT02088,CUST0337,Technical Issue,Medium,Resolved,2023-03-21,2023-03-22,39.0,3.0,Our data sync stopped working after the last update.
TKT02089,CUST0293,Technical Issue,Medium,Resolved,2023-06-21,2023-06-22,24.8,,Our data sync stopped working after the last update.
TKT02090,CUST0280,Account Management,Medium,Escalated,2022-06-05,2022-06-06,35.8,2.0,We need to update our billing contact information.
TKT02091,CUST0270,Feature Request,Low,Resolved,2025-07-04,2025-07-08,112.8,,Would be great to have a mobile app version.
TKT02092,CUST0212,Account Management,Low,Resolved,2024-06-11,2024-06-14,72.0,4.0,We need to update our billing contact information.
TKT02093,CUST0080,Technical Issue,Medium,Resolved,2024-01-11,2024-01-12,43.3,4.0,Notifications are not being delivered to our team emails.
TKT02094,CUST0014,Account Management,Critical,Resolved,2024-06-14,2024-06-14,2.4,3.0,Can we change the primary account admin?
TKT02095,CUST0446,Performance,Low,In Progress,2023-04-02,2023-04-05,81.4,3.0,API response times have increased significantly this week.
TKT02096,CUST0270,Integration,Medium,Resolved,2024-02-07,2024-02-09,59.3,,HubSpot integration is duplicating records.
TKT02097,CUST0154,Onboarding,High,Resolved,2024-04-20,2024-04-20,13.6,5.0,Can someone walk us through connecting our CRM?
TKT02098,CUST0142,Performance,Medium,Resolved,2022-03-11,2022-03-12,26.2,,API response times have increased significantly this week.
TKT02099,CUST0389,Billing,High,Resolved,2022-09-09,2022-09-10,24.0,5.0,I was charged twice this month for my subscription.
TKT02100,CUST0026,Integration,Medium,Open,2024-04-05,2024-04-06,37.6,4.0,The Salesforce integration is not syncing contacts properly.
TKT02101,CUST0174,Integration,Low,Resolved,2022-01-25,2022-01-26,47.0,,The Salesforce integration is not syncing contacts properly.
TKT02102,CUST0329,Integration,High,Resolved,2024-05-11,2024-05-11,12.7,4.0,Our API key stopped working after a password reset.
TKT02103,CUST0041,Integration,Low,Resolved,2024-12-24,2024-12-27,82.4,4.0,We need help setting up the webhook for order updates.
TKT02104,CUST0197,Account Management,Medium,Resolved,2024-03-06,2024-03-07,38.5,,Can we change the primary account admin?
TKT02105,CUST0419,Onboarding,Medium,Resolved,2025-03-21,2025-03-22,24.3,,Can someone walk us through connecting our CRM?
TKT02106,CUST0441,Technical Issue,Low,In Progress,2025-11-19,2025-11-22,88.0,1.0,Notifications are not being delivered to our team emails.
TKT02107,CUST0177,Billing,Low,Resolved,2024-09-20,2024-09-21,44.9,5.0,The upgrade price shown in the app is different from what I was charged.
TKT02108,CUST0161,Billing,Medium,In Progress,2022-12-04,2022-12-04,12.6,,Requesting a refund for unused seats on our plan.
TKT02109,CUST0002,Feature Request,Medium,Resolved,2024-05-03,2024-05-03,9.1,5.0,Would be great to have a mobile app version.
TKT02110,CUST0305,Billing,Low,Resolved,2025-04-18,2025-04-20,59.1,,The upgrade price shown in the app is different from what I was charged.
TKT02111,CUST0293,Integration,High,Open,2023-10-12,2023-10-12,14.8,3.0,We need help setting up the webhook for order updates.
TKT02112,CUST0249,Performance,Low,Resolved,2024-06-11,2024-06-13,50.3,5.0,API response times have increased significantly this week.
TKT02113,CUST0269,Onboarding,High,Resolved,2024-11-02,2024-11-02,18.4,4.0,The setup wizard keeps freezing at Step 3.
TKT02114,CUST0126,Billing,High,In Progress,2025-06-07,2025-06-07,22.0,3.0,Can you clarify the pricing for adding more users?
TKT02115,CUST0034,Onboarding,Low,Resolved,2025-03-02,2025-03-05,75.3,3.0,Can someone walk us through connecting our CRM?
TKT02116,CUST0143,Technical Issue,Medium,Resolved,2022-11-20,2022-11-20,17.9,,Export to CSV is producing empty files.
TKT02117,CUST0228,Feature Request,Medium,Open,2022-05-29,2022-05-30,39.4,3.0,Would be great to have a mobile app version.
TKT02118,CUST0427,Integration,Medium,Resolved,2024-02-04,2024-02-05,27.7,5.0,Zapier connection keeps timing out.
TKT02119,CUST0096,Account Management,Medium,Resolved,2025-08-02,2025-08-03,39.2,4.0,We need to update our billing contact information.
TKT02120,CUST0147,Feature Request,Medium,Resolved,2024-06-16,2024-06-17,27.5,3.0,Please add a dark mode option to the dashboard.
TKT02121,CUST0374,Integration,Low,Resolved,2023-04-04,2023-04-05,44.0,4.0,We need help setting up the webhook for order updates.
TKT02122,CUST0337,Performance,High,Resolved,2022-07-31,2022-07-31,23.6,,The platform is very slow during peak hours (9-11am EST).
TKT02123,CUST0453,Billing,High,In Progress,2024-04-12,2024-04-12,15.0,,My invoice doesn't match the amount on my credit card.
TKT02124,CUST0189,Integration,High,Resolved,2023-10-05,2023-10-05,22.5,5.0,HubSpot integration is duplicating records.
TKT02125,CUST0203,Account Management,Low,In Progress,2023-01-16,2023-01-21,122.5,,Please help us set up SSO for our organization.
TKT02126,CUST0269,Onboarding,Medium,Resolved,2025-07-12,2025-07-12,21.0,5.0,We need help setting up user roles and permissions.
TKT02127,CUST0360,Account Management,Medium,Resolved,2023-01-25,2023-01-26,42.6,2.0,We need to add 10 more user seats to our plan.
TKT02128,CUST0241,Onboarding,Low,Resolved,2025-08-06,2025-08-09,82.5,4.0,Can someone walk us through connecting our CRM?
TKT02129,CUST0292,Onboarding,Medium,Open,2024-10-18,2024-10-19,45.0,3.0,We are stuck on the data migration step — need guidance.
TKT02130,CUST0387,Billing,Medium,Open,2023-08-22,2023-08-22,19.1,3.0,The upgrade price shown in the app is different from what I was charged.
TKT02131,CUST0308,Onboarding,Low,Resolved,2025-06-02,2025-06-05,88.4,5.0,We are stuck on the data migration step — need guidance.
TKT02132,CUST0009,Onboarding,Medium,Resolved,2025-12-26,2025-12-26,15.3,4.0,The setup wizard keeps freezing at Step 3.
TKT02133,CUST0265,Technical Issue,Medium,Open,2024-03-01,2024-03-01,17.5,4.0,The dashboard is not loading — getting a 504 error.
TKT02134,CUST0218,Onboarding,Low,In Progress,2024-07-28,2024-07-30,55.8,,We need help setting up user roles and permissions.
TKT02135,CUST0491,Performance,High,Resolved,2024-06-24,2024-06-24,5.6,4.0,API response times have increased significantly this week.
TKT02136,CUST0451,Integration,High,Resolved,2025-02-06,2025-02-06,12.1,,HubSpot integration is duplicating records.
TKT02137,CUST0156,Billing,Medium,In Progress,2025-12-28,2025-12-28,20.6,,Can you clarify the pricing for adding more users?
TKT02138,CUST0187,Technical Issue,Medium,Resolved,2023-11-25,2023-11-26,32.7,4.0,Notifications are not being delivered to our team emails.
TKT02139,CUST0318,Feature Request,Low,Open,2024-07-17,2024-07-20,77.3,4.0,We'd love a Slack integration for real-time alerts.
TKT02140,CUST0437,Billing,Medium,Resolved,2024-04-30,2024-05-01,25.9,,My invoice doesn't match the amount on my credit card.
TKT02141,CUST0163,Onboarding,Medium,Resolved,2025-02-06,2025-02-07,26.0,,Our team hasn't received the onboarding training invite.
TKT02142,CUST0484,Integration,High,Resolved,2023-04-05,2023-04-05,11.9,5.0,Zapier connection keeps timing out.
TKT02143,CUST0492,Performance,Medium,Resolved,2023-09-28,2023-09-28,11.4,4.0,The platform is very slow during peak hours (9-11am EST).
TKT02144,CUST0454,Onboarding,Medium,Resolved,2025-03-05,2025-03-05,15.1,3.0,We need help setting up user roles and permissions.
TKT02145,CUST0209,Integration,Low,Resolved,2024-10-24,2024-10-25,38.7,5.0,The Salesforce integration is not syncing contacts properly.
TKT02146,CUST0083,Technical Issue,Medium,Resolved,2024-05-21,2024-05-22,34.3,4.0,Login page throws an error when using SSO.
TKT02147,CUST0479,Feature Request,Medium,Resolved,2024-07-08,2024-07-09,39.4,4.0,Please add a dark mode option to the dashboard.
TKT02148,CUST0002,Feature Request,High,Resolved,2025-08-01,2025-08-01,16.7,5.0,Can you add a bulk user import via CSV?
TKT02149,CUST0007,Feature Request,Low,Open,2023-11-04,2023-11-07,73.6,5.0,Would be great to have a mobile app version.
TKT02150,CUST0281,Billing,Low,Resolved,2025-01-12,2025-01-15,89.7,5.0,The upgrade price shown in the app is different from what I was charged.
TKT02151,CUST0176,Onboarding,Medium,Resolved,2024-01-07,2024-01-08,39.4,3.0,We need help setting up user roles and permissions.
TKT02152,CUST0148,Billing,Low,Open,2023-08-10,2023-08-11,30.2,,The upgrade price shown in the app is different from what I was charged.
TKT02153,CUST0480,Account Management,Medium,Open,2023-05-17,2023-05-17,20.3,1.0,Please help us set up SSO for our organization.
TKT02154,CUST0421,Billing,Low,Resolved,2025-07-24,2025-07-26,50.4,4.0,I was charged twice this month for my subscription.
TKT02155,CUST0146,Billing,Medium,In Progress,2024-06-21,2024-06-22,34.5,3.0,I was charged twice this month for my subscription.
TKT02156,CUST0160,Feature Request,Medium,Resolved,2022-03-11,2022-03-12,46.0,3.0,Can you add a bulk user import via CSV?
TKT02157,CUST0012,Onboarding,High,Resolved,2025-03-14,2025-03-14,15.7,,Can someone walk us through connecting our CRM?
TKT02158,CUST0405,Feature Request,Medium,Open,2023-11-12,2023-11-13,40.8,1.0,Can you add a bulk user import via CSV?
TKT02159,CUST0202,Technical Issue,Medium,Resolved,2024-04-06,2024-04-06,19.7,,Our data sync stopped working after the last update.
TKT02160,CUST0167,Account Management,Medium,Resolved,2022-07-19,2022-07-20,43.8,2.0,Can we change the primary account admin?
TKT02161,CUST0401,Account Management,High,Resolved,2025-08-09,2025-08-09,16.7,,We need to update our billing contact information.
TKT02162,CUST0364,Onboarding,Medium,Open,2023-05-23,2023-05-24,34.8,,We are stuck on the data migration step — need guidance.
TKT02163,CUST0134,Feature Request,Low,In Progress,2025-12-25,2025-12-27,63.5,,Would be great to have a mobile app version.
TKT02164,CUST0279,Account Management,Medium,Resolved,2024-10-12,2024-10-13,33.3,3.0,We'd like to upgrade from Growth to Enterprise plan.
TKT02165,CUST0295,Onboarding,Low,Resolved,2024-06-15,2024-06-16,27.7,4.0,Our team hasn't received the onboarding training invite.
TKT02166,CUST0423,Billing,Critical,In Progress,2024-10-23,2024-10-23,7.8,4.0,Can you clarify the pricing for adding more users?
TKT02167,CUST0053,Technical Issue,High,Resolved,2023-04-16,2023-04-17,33.4,4.0,Notifications are not being delivered to our team emails.
TKT02168,CUST0093,Integration,Low,In Progress,2022-04-22,2022-04-23,31.3,,Our API key stopped working after a password reset.
TKT02169,CUST0198,Technical Issue,Medium,Resolved,2023-04-20,2023-04-20,12.5,3.0,Login page throws an error when using SSO.
TKT02170,CUST0226,Onboarding,Medium,Resolved,2024-07-15,2024-07-15,23.8,3.0,We need help setting up user roles and permissions.
TKT02171,CUST0256,Account Management,Medium,Resolved,2025-04-11,2025-04-12,45.7,4.0,We need to add 10 more user seats to our plan.
TKT02172,CUST0324,Integration,Medium,Resolved,2025-06-17,2025-06-18,39.3,,Zapier connection keeps timing out.
TKT02173,CUST0046,Account Management,Medium,Resolved,2024-10-12,2024-10-12,11.8,4.0,Can we change the primary account admin?
TKT02174,CUST0484,Account Management,Low,In Progress,2023-06-02,2023-06-04,56.2,4.0,We need to add 10 more user seats to our plan.
TKT02175,CUST0135,Account Management,Low,Resolved,2023-01-15,2023-01-18,88.0,,We'd like to upgrade from Growth to Enterprise plan.
TKT02176,CUST0257,Performance,Medium,Open,2025-05-12,2025-05-13,44.1,5.0,Bulk data export is timing out for large datasets.
TKT02177,CUST0189,Feature Request,Low,In Progress,2025-10-10,2025-10-13,84.4,3.0,Can you add a bulk user import via CSV?
TKT02178,CUST0419,Onboarding,Medium,Resolved,2023-06-05,2023-06-06,31.8,4.0,Our team hasn't received the onboarding training invite.
TKT02179,CUST0097,Account Management,Medium,Resolved,2023-01-29,2023-01-30,25.8,4.0,Can we change the primary account admin?
TKT02180,CUST0089,Account Management,Medium,Resolved,2024-05-03,2024-05-03,8.1,4.0,We need to add 10 more user seats to our plan.
TKT02181,CUST0134,Account Management,High,Resolved,2023-07-08,2023-07-08,2.1,,We need to add 10 more user seats to our plan.
TKT02182,CUST0098,Feature Request,Low,Resolved,2023-12-25,2023-12-28,77.7,,Can you add a bulk user import via CSV?
TKT02183,CUST0484,Onboarding,Medium,In Progress,2022-06-30,2022-06-30,16.3,,We are stuck on the data migration step — need guidance.
TKT02184,CUST0185,Feature Request,Low,Open,2022-01-19,2022-01-21,65.4,3.0,Please add a dark mode option to the dashboard.
TKT02185,CUST0444,Onboarding,Medium,In Progress,2024-01-24,2024-01-25,38.5,1.0,We need help setting up user roles and permissions.
TKT02186,CUST0332,Integration,High,Resolved,2025-11-28,2025-11-28,2.3,,The Salesforce integration is not syncing contacts properly.
TKT02187,CUST0097,Technical Issue,Medium,Resolved,2025-11-18,2025-11-19,34.6,3.0,Login page throws an error when using SSO.
TKT02188,CUST0054,Performance,High,Resolved,2022-11-07,2022-11-07,10.9,,The platform is very slow during peak hours (9-11am EST).
TKT02189,CUST0450,Onboarding,Low,In Progress,2024-07-04,2024-07-07,89.9,4.0,Can someone walk us through connecting our CRM?
TKT02190,CUST0172,Integration,High,Escalated,2022-09-11,2022-09-11,14.8,4.0,HubSpot integration is duplicating records.
TKT02191,CUST0328,Performance,Medium,Resolved,2023-08-26,2023-08-27,31.3,,API response times have increased significantly this week.
TKT02192,CUST0311,Integration,Low,Escalated,2022-05-30,2022-06-01,61.6,4.0,Zapier connection keeps timing out.
TKT02193,CUST0425,Performance,High,Escalated,2024-04-05,2024-04-05,17.6,,API response times have increased significantly this week.
TKT02194,CUST0003,Performance,Medium,Resolved,2024-04-08,2024-04-09,34.0,5.0,API response times have increased significantly this week.
TKT02195,CUST0096,Billing,Low,Resolved,2024-03-23,2024-03-24,32.9,3.0,I was charged twice this month for my subscription.
TKT02196,CUST0306,Billing,Medium,Resolved,2023-09-12,2023-09-12,9.6,,Can you clarify the pricing for adding more users?
TKT02197,CUST0103,Billing,Medium,Resolved,2025-09-23,2025-09-24,45.7,5.0,I was charged twice this month for my subscription.
TKT02198,CUST0207,Feature Request,Medium,In Progress,2022-01-24,2022-01-24,14.3,5.0,We'd love a Slack integration for real-time alerts.
TKT02199,CUST0447,Integration,Low,Resolved,2024-12-18,2024-12-23,134.8,3.0,Zapier connection keeps timing out.
TKT02200,CUST0182,Feature Request,High,Resolved,2025-09-30,2025-09-30,21.7,5.0,We'd love a Slack integration for real-time alerts.
TKT02201,CUST0126,Feature Request,High,Open,2023-10-13,2023-10-13,23.6,,We need custom date range filters in the reports section.
TKT02202,CUST0007,Integration,Medium,Resolved,2023-01-11,2023-01-11,17.4,3.0,Our API key stopped working after a password reset.
TKT02203,CUST0487,Technical Issue,Medium,Resolved,2025-08-30,2025-08-30,15.0,,Login page throws an error when using SSO.
TKT02204,CUST0310,Technical Issue,Low,In Progress,2023-11-21,2023-11-22,31.5,5.0,Our data sync stopped working after the last update.
TKT02205,CUST0458,Onboarding,Critical,Escalated,2022-07-23,2022-07-23,7.6,4.0,We are stuck on the data migration step — need guidance.
TKT02206,CUST0065,Billing,Low,In Progress,2023-08-16,2023-08-17,42.2,4.0,Can you clarify the pricing for adding more users?
TKT02207,CUST0255,Performance,Low,Resolved,2022-10-06,2022-10-09,75.1,3.0,Reports are taking over 2 minutes to load.
TKT02208,CUST0314,Onboarding,Medium,In Progress,2023-01-12,2023-01-13,42.7,4.0,Can someone walk us through connecting our CRM?
TKT02209,CUST0026,Integration,Low,Resolved,2025-02-05,2025-02-06,30.7,5.0,Zapier connection keeps timing out.
TKT02210,CUST0022,Onboarding,Critical,Resolved,2024-08-22,2024-08-22,7.9,,Can someone walk us through connecting our CRM?
TKT02211,CUST0144,Account Management,Low,Resolved,2022-02-06,2022-02-07,38.0,,Can we change the primary account admin?
TKT02212,CUST0027,Feature Request,High,Resolved,2025-09-23,2025-09-23,10.6,3.0,We need custom date range filters in the reports section.
TKT02213,CUST0091,Performance,High,Resolved,2024-10-05,2024-10-05,8.3,5.0,Dashboard charts lag when we have more than 5 filters active.
TKT02214,CUST0367,Integration,High,Resolved,2025-06-15,2025-06-15,5.8,,We need help setting up the webhook for order updates.
TKT02215,CUST0061,Feature Request,High,Resolved,2022-11-09,2022-11-10,24.2,2.0,Can you add a bulk user import via CSV?
TKT02216,CUST0344,Performance,Low,Resolved,2023-11-03,2023-11-04,42.4,,API response times have increased significantly this week.
TKT02217,CUST0347,Technical Issue,Medium,Resolved,2023-08-29,2023-08-30,27.6,4.0,Our data sync stopped working after the last update.
TKT02218,CUST0260,Integration,Medium,Resolved,2023-09-30,2023-09-30,22.4,,HubSpot integration is duplicating records.
TKT02219,CUST0244,Account Management,Medium,Resolved,2025-03-21,2025-03-21,14.9,4.0,Can we change the primary account admin?
TKT02220,CUST0307,Account Management,Medium,Resolved,2024-09-06,2024-09-08,66.7,3.0,We need to add 10 more user seats to our plan.
TKT02221,CUST0471,Feature Request,Medium,Open,2025-01-10,2025-01-11,27.7,,We need custom date range filters in the reports section.
TKT02222,CUST0497,Billing,Medium,Resolved,2022-04-22,2022-04-24,59.6,,My invoice doesn't match the amount on my credit card.
TKT02223,CUST0450,Billing,High,Resolved,2024-01-13,2024-01-13,23.8,3.0,Requesting a refund for unused seats on our plan.
TKT02224,CUST0122,Billing,High,Resolved,2024-02-07,2024-02-07,16.8,4.0,I was charged twice this month for my subscription.
TKT02225,CUST0043,Feature Request,Medium,Resolved,2022-07-05,2022-07-06,43.5,3.0,Please add a dark mode option to the dashboard.
TKT02226,CUST0435,Onboarding,Low,Resolved,2022-12-23,2022-12-26,82.3,5.0,We need help setting up user roles and permissions.
TKT02227,CUST0199,Performance,Low,Resolved,2024-03-02,2024-03-04,52.7,3.0,Reports are taking over 2 minutes to load.
TKT02228,CUST0150,Billing,High,Resolved,2022-11-16,2022-11-16,9.9,,The upgrade price shown in the app is different from what I was charged.
TKT02229,CUST0230,Billing,Medium,Resolved,2025-04-07,2025-04-07,19.8,5.0,Requesting a refund for unused seats on our plan.
TKT02230,CUST0391,Billing,Medium,Resolved,2025-07-28,2025-07-30,49.5,,I was charged twice this month for my subscription.
TKT02231,CUST0364,Billing,Low,Resolved,2023-11-13,2023-11-15,53.7,3.0,Requesting a refund for unused seats on our plan.
TKT02232,CUST0214,Technical Issue,Medium,Resolved,2024-01-26,2024-01-26,18.4,2.0,Export to CSV is producing empty files.
TKT02233,CUST0057,Technical Issue,Medium,Open,2022-02-27,2022-02-27,14.0,,Notifications are not being delivered to our team emails.
TKT02234,CUST0193,Onboarding,Critical,Resolved,2022-04-22,2022-04-22,6.0,4.0,We are stuck on the data migration step — need guidance.
TKT02235,CUST0298,Technical Issue,Critical,Resolved,2024-01-21,2024-01-21,7.2,4.0,The dashboard is not loading — getting a 504 error.
TKT02236,CUST0297,Billing,Medium,Open,2022-06-25,2022-06-26,27.9,,My invoice doesn't match the amount on my credit card.
TKT02237,CUST0443,Performance,Medium,Resolved,2025-06-19,2025-06-20,41.9,5.0,Bulk data export is timing out for large datasets.
TKT02238,CUST0063,Feature Request,Medium,In Progress,2024-12-06,2024-12-08,52.8,1.0,We need custom date range filters in the reports section.
TKT02239,CUST0284,Account Management,Low,Resolved,2024-09-04,2024-09-10,150.2,1.0,We need to add 10 more user seats to our plan.
TKT02240,CUST0084,Performance,Low,In Progress,2022-11-18,2022-11-19,45.1,4.0,Bulk data export is timing out for large datasets.
TKT02241,CUST0495,Onboarding,Medium,In Progress,2022-06-02,2022-06-03,44.6,4.0,We are stuck on the data migration step — need guidance.
TKT02242,CUST0241,Account Management,High,Resolved,2023-06-25,2023-06-25,4.0,3.0,Please help us set up SSO for our organization.
TKT02243,CUST0165,Feature Request,High,Resolved,2023-10-13,2023-10-13,16.4,4.0,We'd love a Slack integration for real-time alerts.
TKT02244,CUST0004,Billing,Medium,Resolved,2022-07-05,2022-07-06,45.3,3.0,The upgrade price shown in the app is different from what I was charged.
TKT02245,CUST0054,Technical Issue,Medium,Resolved,2022-03-17,2022-03-17,12.5,4.0,Our data sync stopped working after the last update.
TKT02246,CUST0439,Billing,Medium,Resolved,2024-12-05,2024-12-07,53.2,4.0,My invoice doesn't match the amount on my credit card.
TKT02247,CUST0126,Feature Request,Medium,Resolved,2024-02-19,2024-02-20,35.7,3.0,We'd love a Slack integration for real-time alerts.
TKT02248,CUST0292,Billing,Medium,Open,2025-08-24,2025-08-27,72.3,3.0,My invoice doesn't match the amount on my credit card.
TKT02249,CUST0371,Billing,Medium,Resolved,2024-06-15,2024-06-17,48.2,3.0,I was charged twice this month for my subscription.
TKT02250,CUST0446,Feature Request,Low,In Progress,2025-11-11,2025-11-12,36.4,5.0,We'd love a Slack integration for real-time alerts.
TKT02251,CUST0130,Onboarding,Medium,In Progress,2023-08-21,2023-08-22,34.4,3.0,The setup wizard keeps freezing at Step 3.
TKT02252,CUST0271,Technical Issue,Low,Open,2022-05-08,2022-05-10,70.4,4.0,Our data sync stopped working after the last update.
TKT02253,CUST0408,Billing,Medium,In Progress,2024-11-12,2024-11-12,18.5,,Can you clarify the pricing for adding more users?
TKT02254,CUST0483,Integration,High,Resolved,2022-07-20,2022-07-20,15.8,3.0,Zapier connection keeps timing out.
TKT02255,CUST0353,Onboarding,Medium,Resolved,2022-10-28,2022-10-28,10.6,4.0,Can someone walk us through connecting our CRM?
TKT02256,CUST0097,Account Management,High,Open,2022-07-21,2022-07-21,22.8,4.0,We need to update our billing contact information.
TKT02257,CUST0005,Onboarding,Low,Resolved,2023-10-25,2023-10-27,70.5,,We are stuck on the data migration step — need guidance.
TKT02258,CUST0110,Onboarding,Critical,Resolved,2025-08-30,2025-08-30,1.7,,The setup wizard keeps freezing at Step 3.
TKT02259,CUST0381,Account Management,Low,Resolved,2022-08-04,2022-08-07,78.5,,Please help us set up SSO for our organization.
TKT02260,CUST0435,Performance,Low,Resolved,2024-09-17,2024-09-19,62.6,5.0,Bulk data export is timing out for large datasets.
TKT02261,CUST0193,Billing,Low,Resolved,2024-12-15,2024-12-17,64.6,,I was charged twice this month for my subscription.
TKT02262,CUST0166,Performance,High,Resolved,2023-07-24,2023-07-25,25.7,4.0,The platform is very slow during peak hours (9-11am EST).
TKT02263,CUST0360,Technical Issue,Medium,Resolved,2025-09-02,2025-09-04,65.9,4.0,Our data sync stopped working after the last update.
TKT02264,CUST0309,Onboarding,Low,In Progress,2025-09-23,2025-09-25,54.7,3.0,The setup wizard keeps freezing at Step 3.
TKT02265,CUST0040,Performance,High,Escalated,2025-12-09,2025-12-09,12.6,3.0,Bulk data export is timing out for large datasets.
TKT02266,CUST0408,Integration,Low,Resolved,2022-02-07,2022-02-08,29.9,5.0,Our API key stopped working after a password reset.
TKT02267,CUST0286,Integration,Medium,Resolved,2023-07-05,2023-07-06,33.8,4.0,Zapier connection keeps timing out.
TKT02268,CUST0168,Performance,High,Resolved,2023-12-27,2023-12-27,4.3,2.0,API response times have increased significantly this week.
TKT02269,CUST0137,Onboarding,Medium,Open,2024-03-10,2024-03-10,23.9,,Our team hasn't received the onboarding training invite.
TKT02270,CUST0311,Integration,Medium,Resolved,2022-12-19,2022-12-20,31.2,1.0,The Salesforce integration is not syncing contacts properly.
TKT02271,CUST0442,Feature Request,Low,Open,2025-11-14,2025-11-19,121.5,4.0,Can you add a bulk user import via CSV?
TKT02272,CUST0263,Performance,High,Resolved,2025-06-06,2025-06-06,2.6,5.0,Reports are taking over 2 minutes to load.
TKT02273,CUST0410,Technical Issue,Low,In Progress,2022-09-09,2022-09-10,34.8,3.0,Login page throws an error when using SSO.
TKT02274,CUST0171,Integration,Low,Resolved,2025-02-09,2025-02-10,34.7,3.0,Zapier connection keeps timing out.
TKT02275,CUST0042,Technical Issue,Medium,Resolved,2024-09-22,2024-09-23,27.9,5.0,Our data sync stopped working after the last update.
TKT02276,CUST0177,Account Management,High,Escalated,2022-09-10,2022-09-10,11.3,5.0,We need to add 10 more user seats to our plan.
TKT02277,CUST0134,Billing,Low,Resolved,2022-12-24,2022-12-26,59.8,3.0,My invoice doesn't match the amount on my credit card.
TKT02278,CUST0334,Onboarding,Low,Resolved,2024-09-30,2024-10-05,137.8,,We are stuck on the data migration step — need guidance.
TKT02279,CUST0159,Performance,Low,Resolved,2025-06-01,2025-06-02,42.2,,API response times have increased significantly this week.
TKT02280,CUST0247,Feature Request,Low,Resolved,2025-08-23,2025-08-25,60.6,,Would be great to have a mobile app version.
TKT02281,CUST0176,Billing,Critical,Resolved,2025-09-18,2025-09-18,3.3,5.0,Requesting a refund for unused seats on our plan.
TKT02282,CUST0446,Performance,High,Resolved,2022-01-05,2022-01-05,21.0,4.0,API response times have increased significantly this week.
TKT02283,CUST0312,Account Management,Critical,Resolved,2025-05-27,2025-05-27,2.6,,Can we change the primary account admin?
TKT02284,CUST0236,Integration,Medium,Escalated,2022-11-02,2022-11-02,16.9,3.0,We need help setting up the webhook for order updates.
TKT02285,CUST0402,Billing,Low,Resolved,2022-11-01,2022-11-02,30.1,3.0,I was charged twice this month for my subscription.
TKT02286,CUST0107,Billing,Low,Resolved,2024-08-31,2024-09-01,47.6,5.0,I was charged twice this month for my subscription.
TKT02287,CUST0134,Onboarding,Critical,Resolved,2023-07-26,2023-07-26,7.7,4.0,We are stuck on the data migration step — need guidance.
TKT02288,CUST0072,Account Management,Medium,Resolved,2023-01-07,2023-01-07,17.1,,We need to add 10 more user seats to our plan.
TKT02289,CUST0403,Technical Issue,Medium,In Progress,2023-10-21,2023-10-22,43.5,4.0,The dashboard is not loading — getting a 504 error.
TKT02290,CUST0388,Account Management,Medium,Resolved,2023-09-16,2023-09-17,26.1,1.0,Can we change the primary account admin?
TKT02291,CUST0270,Feature Request,Medium,Resolved,2024-06-19,2024-06-22,74.2,,Would be great to have a mobile app version.
TKT02292,CUST0116,Billing,Medium,Resolved,2025-02-08,2025-02-08,15.4,3.0,Can you clarify the pricing for adding more users?
TKT02293,CUST0415,Integration,Low,In Progress,2022-05-19,2022-05-21,50.8,3.0,We need help setting up the webhook for order updates.
TKT02294,CUST0155,Feature Request,Medium,Resolved,2025-01-20,2025-01-21,30.4,3.0,Would be great to have a mobile app version.
TKT02295,CUST0228,Performance,Low,Resolved,2025-08-24,2025-08-26,55.5,3.0,API response times have increased significantly this week.
TKT02296,CUST0115,Account Management,Low,Resolved,2022-05-06,2022-05-09,72.3,4.0,Can we change the primary account admin?
TKT02297,CUST0188,Feature Request,Medium,Resolved,2024-06-19,2024-06-20,42.3,3.0,We'd love a Slack integration for real-time alerts.
TKT02298,CUST0120,Feature Request,Medium,Open,2024-11-05,2024-11-06,28.8,4.0,Would be great to have a mobile app version.
TKT02299,CUST0342,Billing,High,Resolved,2022-02-26,2022-02-26,16.7,5.0,My invoice doesn't match the amount on my credit card.
TKT02300,CUST0165,Billing,High,Resolved,2022-10-07,2022-10-07,18.0,4.0,The upgrade price shown in the app is different from what I was charged.
TKT02301,CUST0284,Account Management,Low,Resolved,2023-11-29,2023-12-03,97.8,2.0,Please help us set up SSO for our organization.
TKT02302,CUST0191,Onboarding,High,Open,2022-07-25,2022-07-25,9.1,3.0,Our team hasn't received the onboarding training invite.
TKT02303,CUST0229,Account Management,Low,Resolved,2024-04-21,2024-04-23,54.0,3.0,Please help us set up SSO for our organization.
TKT02304,CUST0464,Technical Issue,Low,Resolved,2025-03-19,2025-03-22,80.8,,Login page throws an error when using SSO.
TKT02305,CUST0054,Integration,Medium,Open,2023-03-28,2023-03-28,9.0,,Zapier connection keeps timing out.
TKT02306,CUST0431,Technical Issue,Low,Resolved,2022-04-27,2022-04-29,64.9,1.0,Login page throws an error when using SSO.
TKT02307,CUST0486,Technical Issue,Medium,In Progress,2025-07-16,2025-07-17,34.1,,The dashboard is not loading — getting a 504 error.
TKT02308,CUST0298,Technical Issue,High,Resolved,2022-01-30,2022-01-30,8.3,5.0,Our data sync stopped working after the last update.
TKT02309,CUST0074,Account Management,Low,Resolved,2023-01-09,2023-01-12,83.6,5.0,We'd like to upgrade from Growth to Enterprise plan.
TKT02310,CUST0221,Integration,Low,Open,2024-09-06,2024-09-07,41.6,4.0,The Salesforce integration is not syncing contacts properly.
TKT02311,CUST0484,Feature Request,High,Resolved,2025-03-24,2025-03-24,16.5,,Can you add a bulk user import via CSV?
TKT02312,CUST0469,Onboarding,Medium,Resolved,2022-09-03,2022-09-03,13.2,3.0,We are stuck on the data migration step — need guidance.
TKT02313,CUST0245,Integration,High,Resolved,2025-05-24,2025-05-24,2.5,,Our API key stopped working after a password reset.
TKT02314,CUST0276,Billing,Medium,Resolved,2024-04-28,2024-04-29,29.6,5.0,Requesting a refund for unused seats on our plan.
TKT02315,CUST0223,Feature Request,Critical,Resolved,2024-07-03,2024-07-03,12.8,1.0,We need custom date range filters in the reports section.
TKT02316,CUST0095,Billing,Critical,Escalated,2023-06-18,2023-06-18,2.2,3.0,I was charged twice this month for my subscription.
TKT02317,CUST0472,Feature Request,High,Resolved,2025-09-25,2025-09-25,9.2,4.0,We'd love a Slack integration for real-time alerts.
TKT02318,CUST0090,Billing,Low,Resolved,2024-03-17,2024-03-19,70.5,5.0,Can you clarify the pricing for adding more users?
TKT02319,CUST0019,Billing,Low,Resolved,2023-06-12,2023-06-15,86.2,,I was charged twice this month for my subscription.
TKT02320,CUST0323,Integration,Low,Escalated,2025-07-14,2025-07-16,58.5,4.0,Our API key stopped working after a password reset.
TKT02321,CUST0184,Feature Request,Medium,Resolved,2022-01-12,2022-01-13,47.1,,Please add a dark mode option to the dashboard.
TKT02322,CUST0150,Performance,Medium,Open,2024-01-05,2024-01-06,28.9,2.0,Bulk data export is timing out for large datasets.
TKT02323,CUST0275,Account Management,Medium,Resolved,2022-12-15,2022-12-16,35.9,,We need to update our billing contact information.
TKT02324,CUST0073,Account Management,Low,Escalated,2024-05-20,2024-05-22,53.9,1.0,We need to add 10 more user seats to our plan.
TKT02325,CUST0272,Billing,Medium,Resolved,2025-05-18,2025-05-18,21.3,,Can you clarify the pricing for adding more users?
TKT02326,CUST0342,Billing,High,Resolved,2024-02-26,2024-02-26,9.8,4.0,I was charged twice this month for my subscription.
TKT02327,CUST0061,Feature Request,Medium,In Progress,2025-05-17,2025-05-17,14.2,,Please add a dark mode option to the dashboard.
TKT02328,CUST0225,Account Management,High,Resolved,2022-05-25,2022-05-25,19.1,,Please help us set up SSO for our organization.
TKT02329,CUST0247,Account Management,Medium,Resolved,2025-09-16,2025-09-16,23.5,,We need to add 10 more user seats to our plan.
TKT02330,CUST0354,Technical Issue,High,Resolved,2022-11-17,2022-11-17,17.4,,Login page throws an error when using SSO.
TKT02331,CUST0030,Technical Issue,Medium,Resolved,2024-02-09,2024-02-09,19.2,3.0,Export to CSV is producing empty files.
TKT02332,CUST0215,Feature Request,Medium,Resolved,2025-08-11,2025-08-12,45.1,2.0,Please add a dark mode option to the dashboard.
TKT02333,CUST0044,Performance,Medium,In Progress,2023-01-15,2023-01-16,28.3,3.0,The platform is very slow during peak hours (9-11am EST).
TKT02334,CUST0324,Technical Issue,Low,In Progress,2025-10-30,2025-11-02,73.0,5.0,Notifications are not being delivered to our team emails.
TKT02335,CUST0081,Account Management,Medium,In Progress,2023-10-27,2023-10-28,47.2,,We'd like to upgrade from Growth to Enterprise plan.
TKT02336,CUST0154,Integration,High,Resolved,2025-03-24,2025-03-24,23.8,,The Salesforce integration is not syncing contacts properly.
TKT02337,CUST0159,Onboarding,Medium,Resolved,2025-01-19,2025-01-19,18.2,5.0,Our team hasn't received the onboarding training invite.
TKT02338,CUST0149,Integration,Medium,Open,2024-10-27,2024-10-28,44.4,,We need help setting up the webhook for order updates.
TKT02339,CUST0245,Onboarding,Medium,Resolved,2025-10-11,2025-10-12,40.2,4.0,We need help setting up user roles and permissions.
TKT02340,CUST0106,Onboarding,Medium,Resolved,2023-10-21,2023-10-21,17.9,4.0,We are stuck on the data migration step — need guidance.
TKT02341,CUST0438,Integration,Medium,Resolved,2024-05-17,2024-05-17,13.1,4.0,Our API key stopped working after a password reset.
TKT02342,CUST0414,Onboarding,Medium,Resolved,2025-11-22,2025-11-23,46.0,5.0,We need help setting up user roles and permissions.
TKT02343,CUST0062,Integration,Low,Resolved,2024-01-18,2024-01-19,35.8,3.0,Our API key stopped working after a password reset.
TKT02344,CUST0333,Integration,Low,Open,2024-07-07,2024-07-09,55.3,3.0,HubSpot integration is duplicating records.
TKT02345,CUST0216,Account Management,High,In Progress,2023-10-15,2023-10-15,14.7,,We'd like to upgrade from Growth to Enterprise plan.
TKT02346,CUST0224,Performance,High,Resolved,2025-04-25,2025-04-25,16.3,4.0,Dashboard charts lag when we have more than 5 filters active.
TKT02347,CUST0156,Account Management,Low,Resolved,2024-07-01,2024-07-03,58.4,3.0,We'd like to upgrade from Growth to Enterprise plan.
TKT02348,CUST0413,Onboarding,High,Escalated,2024-08-16,2024-08-16,22.8,,The setup wizard keeps freezing at Step 3.
TKT02349,CUST0384,Billing,Medium,Resolved,2024-01-08,2024-01-09,36.4,,Can you clarify the pricing for adding more users?
TKT02350,CUST0328,Account Management,High,Resolved,2025-11-18,2025-11-18,15.7,4.0,We'd like to upgrade from Growth to Enterprise plan.
TKT02351,CUST0200,Performance,Low,Resolved,2023-06-14,2023-06-20,147.8,,API response times have increased significantly this week.
TKT02352,CUST0173,Performance,Medium,Resolved,2025-10-02,2025-10-03,34.2,5.0,Dashboard charts lag when we have more than 5 filters active.
TKT02353,CUST0424,Feature Request,Medium,Escalated,2023-01-12,2023-01-12,8.1,4.0,We'd love a Slack integration for real-time alerts.
TKT02354,CUST0461,Feature Request,Critical,Resolved,2022-01-21,2022-01-21,5.8,,We need custom date range filters in the reports section.
TKT02355,CUST0321,Performance,Medium,In Progress,2022-10-20,2022-10-21,27.0,5.0,API response times have increased significantly this week.
TKT02356,CUST0255,Billing,High,Open,2025-02-11,2025-02-11,14.8,,My invoice doesn't match the amount on my credit card.
TKT02357,CUST0331,Onboarding,High,Resolved,2022-02-16,2022-02-16,7.2,5.0,We need help setting up user roles and permissions.
TKT02358,CUST0326,Technical Issue,High,Escalated,2024-06-10,2024-06-11,27.2,2.0,Notifications are not being delivered to our team emails.
TKT02359,CUST0412,Feature Request,Low,In Progress,2024-01-09,2024-01-10,27.3,5.0,We need custom date range filters in the reports section.
TKT02360,CUST0222,Feature Request,Low,Resolved,2024-10-12,2024-10-15,86.7,5.0,Please add a dark mode option to the dashboard.
TKT02361,CUST0252,Billing,Medium,Resolved,2023-08-13,2023-08-14,30.6,,I was charged twice this month for my subscription.
TKT02362,CUST0484,Performance,Medium,Resolved,2023-11-15,2023-11-15,8.9,4.0,The platform is very slow during peak hours (9-11am EST).
TKT02363,CUST0091,Feature Request,Low,Resolved,2024-03-06,2024-03-08,67.7,5.0,We need custom date range filters in the reports section.
TKT02364,CUST0246,Integration,Medium,Resolved,2023-03-03,2023-03-03,10.1,3.0,HubSpot integration is duplicating records.
TKT02365,CUST0111,Account Management,High,In Progress,2023-09-23,2023-09-23,20.1,3.0,Can we change the primary account admin?
TKT02366,CUST0246,Feature Request,Low,Resolved,2024-06-04,2024-06-06,65.3,4.0,Would be great to have a mobile app version.
TKT02367,CUST0283,Billing,Low,Resolved,2024-02-16,2024-02-20,115.9,1.0,I was charged twice this month for my subscription.
TKT02368,CUST0090,Integration,High,Escalated,2024-05-11,2024-05-11,21.8,,The Salesforce integration is not syncing contacts properly.
TKT02369,CUST0278,Technical Issue,Medium,Resolved,2025-05-12,2025-05-14,70.8,,Export to CSV is producing empty files.
TKT02370,CUST0050,Billing,Medium,Escalated,2022-02-26,2022-02-27,40.4,5.0,I was charged twice this month for my subscription.
TKT02371,CUST0309,Onboarding,Critical,Resolved,2025-10-24,2025-10-24,4.0,3.0,Our team hasn't received the onboarding training invite.
TKT02372,CUST0475,Feature Request,High,In Progress,2025-02-16,2025-02-16,16.9,4.0,Please add a dark mode option to the dashboard.
TKT02373,CUST0272,Integration,Low,Resolved,2023-05-12,2023-05-14,58.1,4.0,HubSpot integration is duplicating records.
TKT02374,CUST0167,Billing,Medium,Open,2022-01-20,2022-01-22,65.0,4.0,The upgrade price shown in the app is different from what I was charged.
TKT02375,CUST0351,Account Management,Low,Resolved,2024-07-18,2024-07-20,65.4,4.0,Can we change the primary account admin?
TKT02376,CUST0486,Account Management,Medium,Resolved,2023-02-10,2023-02-10,14.3,5.0,Can we change the primary account admin?
TKT02377,CUST0432,Performance,Medium,Resolved,2025-10-15,2025-10-16,39.0,5.0,Dashboard charts lag when we have more than 5 filters active.
TKT02378,CUST0489,Integration,Medium,In Progress,2025-12-19,2025-12-20,27.5,5.0,HubSpot integration is duplicating records.
TKT02379,CUST0270,Integration,High,Escalated,2025-05-02,2025-05-02,6.0,,HubSpot integration is duplicating records.
TKT02380,CUST0227,Technical Issue,Medium,Resolved,2024-09-10,2024-09-10,18.3,4.0,Notifications are not being delivered to our team emails.
TKT02381,CUST0151,Billing,Medium,Escalated,2025-12-14,2025-12-16,68.6,4.0,Can you clarify the pricing for adding more users?
TKT02382,CUST0196,Feature Request,Low,Resolved,2023-07-31,2023-08-01,31.2,3.0,We'd love a Slack integration for real-time alerts.
TKT02383,CUST0026,Technical Issue,Low,In Progress,2022-02-11,2022-02-12,43.0,3.0,Login page throws an error when using SSO.
TKT02384,CUST0291,Billing,Low,Escalated,2023-07-28,2023-07-29,42.0,4.0,I was charged twice this month for my subscription.
TKT02385,CUST0093,Onboarding,Medium,Resolved,2024-12-19,2024-12-20,44.9,,Can someone walk us through connecting our CRM?
TKT02386,CUST0184,Feature Request,Low,Resolved,2025-04-07,2025-04-08,39.1,,We'd love a Slack integration for real-time alerts.
TKT02387,CUST0016,Billing,Medium,In Progress,2024-11-12,2024-11-12,20.1,3.0,I was charged twice this month for my subscription.
TKT02388,CUST0245,Billing,Medium,Resolved,2025-11-29,2025-11-30,36.6,5.0,The upgrade price shown in the app is different from what I was charged.
TKT02389,CUST0098,Billing,High,Resolved,2024-07-12,2024-07-12,15.9,4.0,My invoice doesn't match the amount on my credit card.
TKT02390,CUST0484,Billing,Medium,Resolved,2025-12-05,2025-12-06,47.9,4.0,My invoice doesn't match the amount on my credit card.
TKT02391,CUST0121,Account Management,Medium,Resolved,2025-07-21,2025-07-22,34.4,,We need to add 10 more user seats to our plan.
TKT02392,CUST0452,Feature Request,Medium,In Progress,2024-04-27,2024-04-27,22.8,2.0,Can you add a bulk user import via CSV?
TKT02393,CUST0347,Feature Request,Low,Resolved,2022-01-01,2022-01-03,53.9,,We need custom date range filters in the reports section.
TKT02394,CUST0434,Performance,Medium,Escalated,2024-04-05,2024-04-05,16.2,3.0,Reports are taking over 2 minutes to load.
TKT02395,CUST0139,Technical Issue,Medium,In Progress,2022-03-26,2022-03-27,41.4,3.0,The dashboard is not loading — getting a 504 error.
TKT02396,CUST0365,Account Management,Low,Open,2022-03-08,2022-03-11,92.9,3.0,We'd like to upgrade from Growth to Enterprise plan.
TKT02397,CUST0473,Billing,Medium,Resolved,2025-03-17,2025-03-18,45.7,5.0,The upgrade price shown in the app is different from what I was charged.
TKT02398,CUST0494,Technical Issue,Medium,Open,2025-05-14,2025-05-15,39.2,5.0,Export to CSV is producing empty files.
TKT02399,CUST0388,Onboarding,Critical,Resolved,2025-05-28,2025-05-28,6.5,,The setup wizard keeps freezing at Step 3.
TKT02400,CUST0258,Account Management,High,Resolved,2024-02-10,2024-02-10,5.3,3.0,We'd like to upgrade from Growth to Enterprise plan.
TKT02401,CUST0159,Onboarding,High,Resolved,2022-04-27,2022-04-27,10.5,5.0,We need help setting up user roles and permissions.
TKT02402,CUST0057,Account Management,Medium,Open,2024-10-04,2024-10-04,21.5,,We need to add 10 more user seats to our plan.
TKT02403,CUST0082,Onboarding,High,Resolved,2022-08-12,2022-08-12,19.5,5.0,We are stuck on the data migration step — need guidance.
TKT02404,CUST0189,Integration,Low,In Progress,2022-06-04,2022-06-06,64.9,4.0,Our API key stopped working after a password reset.
TKT02405,CUST0022,Integration,Low,Resolved,2024-10-04,2024-10-07,77.1,4.0,The Salesforce integration is not syncing contacts properly.
TKT02406,CUST0376,Feature Request,Low,Resolved,2023-09-05,2023-09-08,89.2,,Can you add a bulk user import via CSV?
TKT02407,CUST0474,Feature Request,High,In Progress,2024-04-08,2024-04-08,20.6,1.0,Please add a dark mode option to the dashboard.
TKT02408,CUST0034,Feature Request,High,Resolved,2023-04-11,2023-04-11,18.6,4.0,Can you add a bulk user import via CSV?
TKT02409,CUST0130,Integration,High,Resolved,2024-06-28,2024-06-28,2.9,,The Salesforce integration is not syncing contacts properly.
TKT02410,CUST0289,Performance,Medium,Escalated,2023-08-27,2023-08-27,14.0,3.0,Dashboard charts lag when we have more than 5 filters active.
TKT02411,CUST0338,Integration,Low,Resolved,2025-08-31,2025-09-01,24.8,3.0,Our API key stopped working after a password reset.
TKT02412,CUST0185,Integration,Medium,Resolved,2025-10-07,2025-10-08,45.3,5.0,We need help setting up the webhook for order updates.
TKT02413,CUST0378,Billing,Medium,Resolved,2023-10-03,2023-10-04,28.9,1.0,Requesting a refund for unused seats on our plan.
TKT02414,CUST0408,Onboarding,Medium,Open,2022-06-14,2022-06-15,35.5,4.0,We are stuck on the data migration step — need guidance.
TKT02415,CUST0275,Billing,Low,Resolved,2024-07-08,2024-07-13,143.5,2.0,Can you clarify the pricing for adding more users?
TKT02416,CUST0189,Feature Request,Medium,Open,2022-07-30,2022-07-31,29.2,4.0,We need custom date range filters in the reports section.
TKT02417,CUST0222,Onboarding,Medium,Open,2025-11-10,2025-11-10,11.7,3.0,We need help setting up user roles and permissions.
TKT02418,CUST0154,Integration,High,Resolved,2023-06-15,2023-06-15,6.5,5.0,Zapier connection keeps timing out.
TKT02419,CUST0082,Onboarding,Critical,Escalated,2024-01-15,2024-01-15,5.4,3.0,Can someone walk us through connecting our CRM?
TKT02420,CUST0238,Feature Request,High,Resolved,2022-04-22,2022-04-22,21.7,3.0,Can you add a bulk user import via CSV?
TKT02421,CUST0024,Feature Request,Medium,Resolved,2023-07-03,2023-07-04,40.3,5.0,We need custom date range filters in the reports section.
TKT02422,CUST0434,Integration,Critical,Resolved,2025-01-09,2025-01-09,1.9,,Zapier connection keeps timing out.
TKT02423,CUST0208,Account Management,Low,In Progress,2024-12-25,2024-12-27,63.3,,We need to add 10 more user seats to our plan.
TKT02424,CUST0277,Billing,Low,In Progress,2024-10-02,2024-10-05,83.3,,I was charged twice this month for my subscription.
TKT02425,CUST0448,Performance,Low,Resolved,2022-04-07,2022-04-12,123.1,2.0,Dashboard charts lag when we have more than 5 filters active.
TKT02426,CUST0462,Feature Request,High,Resolved,2025-06-21,2025-06-21,15.6,1.0,Please add a dark mode option to the dashboard.
TKT02427,CUST0225,Onboarding,High,Resolved,2024-06-11,2024-06-11,17.5,,We need help setting up user roles and permissions.
TKT02428,CUST0413,Feature Request,Medium,Resolved,2024-03-23,2024-03-24,44.9,4.0,We'd love a Slack integration for real-time alerts.
TKT02429,CUST0185,Technical Issue,Critical,In Progress,2024-02-09,2024-02-09,4.6,,Our data sync stopped working after the last update.
TKT02430,CUST0317,Technical Issue,Low,Resolved,2023-07-20,2023-07-22,49.9,3.0,Login page throws an error when using SSO.
TKT02431,CUST0010,Integration,Medium,Resolved,2024-08-06,2024-08-07,40.8,5.0,HubSpot integration is duplicating records.
TKT02432,CUST0050,Account Management,High,Open,2023-02-14,2023-02-14,16.0,,We need to add 10 more user seats to our plan.
TKT02433,CUST0027,Performance,Low,Escalated,2024-03-08,2024-03-09,47.2,,Bulk data export is timing out for large datasets.
TKT02434,CUST0496,Technical Issue,High,Resolved,2025-02-28,2025-02-28,7.1,,The dashboard is not loading — getting a 504 error.
TKT02435,CUST0032,Technical Issue,Medium,Resolved,2023-10-04,2023-10-06,66.3,1.0,Notifications are not being delivered to our team emails.
TKT02436,CUST0437,Performance,Medium,Resolved,2022-03-20,2022-03-20,23.4,5.0,The platform is very slow during peak hours (9-11am EST).
TKT02437,CUST0320,Account Management,Low,Open,2023-08-02,2023-08-05,92.3,1.0,We'd like to upgrade from Growth to Enterprise plan.
TKT02438,CUST0421,Technical Issue,Low,Resolved,2024-08-20,2024-08-21,25.1,5.0,Notifications are not being delivered to our team emails.
TKT02439,CUST0435,Onboarding,Medium,Resolved,2024-01-25,2024-01-25,12.5,,We are stuck on the data migration step — need guidance.
TKT02440,CUST0323,Account Management,Low,Resolved,2022-08-31,2022-09-03,88.4,4.0,Please help us set up SSO for our organization.
TKT02441,CUST0247,Technical Issue,High,Resolved,2024-11-06,2024-11-06,19.0,3.0,Login page throws an error when using SSO.
TKT02442,CUST0196,Technical Issue,Medium,Resolved,2024-10-23,2024-10-23,21.0,,Our data sync stopped working after the last update.
TKT02443,CUST0115,Technical Issue,Low,In Progress,2025-11-21,2025-11-22,34.1,3.0,Export to CSV is producing empty files.
TKT02444,CUST0460,Billing,Low,Resolved,2023-11-06,2023-11-07,35.3,3.0,The upgrade price shown in the app is different from what I was charged.
TKT02445,CUST0243,Performance,High,Open,2023-12-09,2023-12-09,2.3,3.0,API response times have increased significantly this week.
TKT02446,CUST0062,Integration,Medium,Resolved,2022-06-29,2022-06-30,28.5,3.0,Our API key stopped working after a password reset.
TKT02447,CUST0012,Performance,High,Open,2022-01-07,2022-01-07,12.8,3.0,Bulk data export is timing out for large datasets.
TKT02448,CUST0192,Billing,Medium,Resolved,2025-04-03,2025-04-04,32.1,3.0,My invoice doesn't match the amount on my credit card.
TKT02449,CUST0359,Integration,Low,Resolved,2024-02-23,2024-02-27,103.1,3.0,We need help setting up the webhook for order updates.
TKT02450,CUST0239,Account Management,Medium,Resolved,2022-03-28,2022-03-30,49.1,,We'd like to upgrade from Growth to Enterprise plan.
TKT02451,CUST0105,Integration,Low,Resolved,2022-04-15,2022-04-17,50.4,,The Salesforce integration is not syncing contacts properly.
TKT02452,CUST0077,Feature Request,High,Resolved,2022-09-10,2022-09-10,6.5,,Please add a dark mode option to the dashboard.
TKT02453,CUST0071,Performance,Medium,Resolved,2022-05-23,2022-05-24,30.7,4.0,API response times have increased significantly this week.
TKT02454,CUST0098,Onboarding,Low,In Progress,2024-05-25,2024-05-28,78.7,1.0,The setup wizard keeps freezing at Step 3.
TKT02455,CUST0496,Feature Request,Medium,Resolved,2025-05-05,2025-05-06,47.0,,We need custom date range filters in the reports section.
TKT02456,CUST0061,Feature Request,Low,Open,2025-01-17,2025-01-21,105.6,3.0,We need custom date range filters in the reports section.
TKT02457,CUST0405,Performance,High,Open,2022-08-09,2022-08-09,22.0,4.0,Dashboard charts lag when we have more than 5 filters active.
TKT02458,CUST0123,Performance,High,Resolved,2022-09-21,2022-09-21,10.2,,The platform is very slow during peak hours (9-11am EST).
TKT02459,CUST0114,Performance,Medium,Resolved,2025-07-17,2025-07-18,38.4,,API response times have increased significantly this week.
TKT02460,CUST0394,Technical Issue,Medium,Resolved,2025-06-04,2025-06-06,59.3,4.0,The dashboard is not loading — getting a 504 error.
TKT02461,CUST0013,Account Management,Medium,Resolved,2025-01-23,2025-01-24,44.7,4.0,We need to update our billing contact information.
TKT02462,CUST0021,Account Management,Medium,Resolved,2022-11-09,2022-11-10,37.7,4.0,We'd like to upgrade from Growth to Enterprise plan.
TKT02463,CUST0260,Integration,Medium,Escalated,2024-05-23,2024-05-23,16.1,4.0,Zapier connection keeps timing out.
TKT02464,CUST0249,Technical Issue,Medium,Resolved,2025-02-10,2025-02-11,39.0,3.0,Our data sync stopped working after the last update.
TKT02465,CUST0438,Billing,Medium,Resolved,2022-03-02,2022-03-02,11.7,5.0,Can you clarify the pricing for adding more users?
TKT02466,CUST0238,Onboarding,Low,Resolved,2025-11-08,2025-11-10,57.6,,Can someone walk us through connecting our CRM?
TKT02467,CUST0002,Integration,Medium,Resolved,2025-07-04,2025-07-05,43.1,4.0,Zapier connection keeps timing out.
TKT02468,CUST0271,Performance,Low,Resolved,2025-08-21,2025-08-23,70.8,5.0,API response times have increased significantly this week.
TKT02469,CUST0008,Onboarding,High,In Progress,2024-03-28,2024-03-28,20.8,5.0,We are stuck on the data migration step — need guidance.
TKT02470,CUST0082,Onboarding,Medium,Resolved,2023-10-01,2023-10-02,37.1,,Our team hasn't received the onboarding training invite.
TKT02471,CUST0137,Onboarding,Medium,Resolved,2022-02-17,2022-02-18,24.9,5.0,Can someone walk us through connecting our CRM?
TKT02472,CUST0081,Performance,Low,Resolved,2025-09-25,2025-09-27,68.0,5.0,Dashboard charts lag when we have more than 5 filters active.
TKT02473,CUST0064,Billing,Medium,Resolved,2024-12-23,2024-12-23,16.5,3.0,Can you clarify the pricing for adding more users?
TKT02474,CUST0436,Feature Request,High,Resolved,2023-06-14,2023-06-14,7.7,4.0,Would be great to have a mobile app version.
TKT02475,CUST0484,Account Management,High,Resolved,2023-07-11,2023-07-11,21.7,3.0,We'd like to upgrade from Growth to Enterprise plan.
TKT02476,CUST0408,Feature Request,Medium,Resolved,2025-11-18,2025-11-19,26.3,3.0,We need custom date range filters in the reports section.
TKT02477,CUST0052,Technical Issue,Low,Resolved,2024-10-29,2024-11-01,73.5,4.0,Login page throws an error when using SSO.
TKT02478,CUST0164,Performance,Medium,Resolved,2025-03-29,2025-03-30,27.1,3.0,Reports are taking over 2 minutes to load.
TKT02479,CUST0372,Integration,Low,Open,2025-12-10,2025-12-11,39.2,5.0,Our API key stopped working after a password reset.
TKT02480,CUST0431,Technical Issue,Medium,Resolved,2022-09-17,2022-09-18,39.6,4.0,The dashboard is not loading — getting a 504 error.
TKT02481,CUST0459,Billing,Medium,Resolved,2023-10-18,2023-10-19,27.5,3.0,My invoice doesn't match the amount on my credit card.
TKT02482,CUST0226,Technical Issue,Medium,Resolved,2023-08-05,2023-08-06,40.7,3.0,Login page throws an error when using SSO.
TKT02483,CUST0199,Technical Issue,Low,Resolved,2025-05-01,2025-05-03,67.4,4.0,Our data sync stopped working after the last update.
TKT02484,CUST0057,Onboarding,Critical,Resolved,2022-11-22,2022-11-22,4.1,3.0,The setup wizard keeps freezing at Step 3.
TKT02485,CUST0316,Onboarding,Medium,Resolved,2022-10-04,2022-10-04,9.3,3.0,Can someone walk us through connecting our CRM?
TKT02486,CUST0367,Onboarding,Low,Resolved,2022-01-28,2022-01-31,79.0,4.0,The setup wizard keeps freezing at Step 3.
TKT02487,CUST0198,Technical Issue,Low,Resolved,2025-06-12,2025-06-15,74.3,4.0,Login page throws an error when using SSO.
TKT02488,CUST0065,Feature Request,High,Resolved,2025-09-21,2025-09-22,33.3,,Please add a dark mode option to the dashboard.
TKT02489,CUST0217,Onboarding,Medium,Resolved,2025-06-03,2025-06-03,15.1,4.0,Our team hasn't received the onboarding training invite.
TKT02490,CUST0368,Onboarding,Medium,Escalated,2023-07-10,2023-07-10,9.7,3.0,The setup wizard keeps freezing at Step 3.
TKT02491,CUST0134,Billing,Low,Resolved,2022-12-02,2022-12-04,55.6,3.0,Can you clarify the pricing for adding more users?
TKT02492,CUST0276,Integration,Low,Resolved,2023-04-30,2023-05-02,68.4,5.0,HubSpot integration is duplicating records.
TKT02493,CUST0071,Technical Issue,Medium,Resolved,2023-06-02,2023-06-03,24.9,4.0,Our data sync stopped working after the last update.
TKT02494,CUST0458,Onboarding,Critical,Resolved,2022-05-04,2022-05-04,2.6,4.0,The setup wizard keeps freezing at Step 3.
TKT02495,CUST0027,Integration,High,In Progress,2023-02-16,2023-02-16,12.8,5.0,Our API key stopped working after a password reset.
TKT02496,CUST0297,Technical Issue,Medium,Resolved,2024-09-12,2024-09-12,17.3,5.0,Login page throws an error when using SSO.
TKT02497,CUST0374,Billing,Low,Resolved,2024-05-26,2024-05-28,53.7,,The upgrade price shown in the app is different from what I was charged.
TKT02498,CUST0019,Integration,High,Resolved,2022-06-04,2022-06-04,8.3,5.0,The Salesforce integration is not syncing contacts properly.
TKT02499,CUST0306,Billing,Medium,Resolved,2023-12-30,2023-12-31,41.4,4.0,Requesting a refund for unused seats on our plan.
TKT02500,CUST0160,Performance,Low,Resolved,2022-04-22,2022-04-23,30.9,4.0,Dashboard charts lag when we have more than 5 filters active.
TKT02501,CUST0377,Account Management,Medium,In Progress,2023-09-03,2023-09-04,42.5,3.0,We need to add 10 more user seats to our plan.
TKT02502,CUST0162,Technical Issue,High,In Progress,2022-09-25,2022-09-25,9.5,5.0,Notifications are not being delivered to our team emails.
TKT02503,CUST0235,Performance,High,Resolved,2023-02-09,2023-02-09,3.2,3.0,The platform is very slow during peak hours (9-11am EST).
TKT02504,CUST0204,Feature Request,High,Resolved,2024-03-29,2024-03-29,14.5,,We need custom date range filters in the reports section.
TKT02505,CUST0273,Performance,Medium,Resolved,2022-05-15,2022-05-17,68.1,1.0,The platform is very slow during peak hours (9-11am EST).
TKT02506,CUST0130,Billing,Medium,Resolved,2024-01-03,2024-01-03,9.3,,Requesting a refund for unused seats on our plan.
TKT02507,CUST0235,Onboarding,High,Open,2023-06-11,2023-06-11,7.4,5.0,The setup wizard keeps freezing at Step 3.
TKT02508,CUST0212,Feature Request,Low,Escalated,2024-06-01,2024-06-04,72.5,3.0,Please add a dark mode option to the dashboard.
TKT02509,CUST0146,Onboarding,High,Resolved,2025-10-08,2025-10-08,20.7,,Can someone walk us through connecting our CRM?
TKT02510,CUST0261,Feature Request,Medium,Resolved,2023-12-23,2023-12-24,25.1,4.0,Please add a dark mode option to the dashboard.
TKT02511,CUST0328,Integration,Medium,Open,2023-10-11,2023-10-12,30.6,3.0,Our API key stopped working after a password reset.
TKT02512,CUST0345,Feature Request,High,Resolved,2022-12-02,2022-12-03,37.1,2.0,Can you add a bulk user import via CSV?
TKT02513,CUST0442,Billing,Medium,Resolved,2023-07-15,2023-07-17,59.4,,My invoice doesn't match the amount on my credit card.
TKT02514,CUST0069,Integration,Critical,Resolved,2024-07-26,2024-07-26,5.9,,Our API key stopped working after a password reset.
TKT02515,CUST0398,Performance,Critical,Resolved,2025-04-29,2025-04-29,5.9,4.0,API response times have increased significantly this week.
TKT02516,CUST0471,Onboarding,Medium,In Progress,2023-08-02,2023-08-03,43.1,,Can someone walk us through connecting our CRM?
TKT02517,CUST0067,Feature Request,Medium,Open,2024-03-16,2024-03-17,36.8,4.0,Can you add a bulk user import via CSV?
TKT02518,CUST0405,Performance,High,Open,2023-03-09,2023-03-10,26.5,,API response times have increased significantly this week.
TKT02519,CUST0210,Onboarding,Medium,Resolved,2025-09-11,2025-09-12,42.8,,We need help setting up user roles and permissions.
TKT02520,CUST0287,Feature Request,Low,Resolved,2022-12-22,2022-12-26,109.1,,Would be great to have a mobile app version.
TKT02521,CUST0195,Performance,Low,Resolved,2022-09-06,2022-09-07,33.3,,Bulk data export is timing out for large datasets.
TKT02522,CUST0492,Integration,Medium,Resolved,2022-04-14,2022-04-15,46.7,3.0,Our API key stopped working after a password reset.
TKT02523,CUST0037,Billing,Medium,Open,2024-01-15,2024-01-16,42.9,1.0,Requesting a refund for unused seats on our plan.
TKT02524,CUST0425,Integration,Medium,Escalated,2023-04-14,2023-04-15,29.7,4.0,Our API key stopped working after a password reset.
TKT02525,CUST0334,Technical Issue,Critical,Open,2023-04-02,2023-04-02,4.8,3.0,The dashboard is not loading — getting a 504 error.
TKT02526,CUST0240,Performance,Low,Resolved,2022-02-11,2022-02-13,53.8,3.0,The platform is very slow during peak hours (9-11am EST).
TKT02527,CUST0313,Performance,Low,In Progress,2023-10-23,2023-10-26,91.2,5.0,Bulk data export is timing out for large datasets.
TKT02528,CUST0318,Billing,Medium,Resolved,2023-03-05,2023-03-06,47.9,3.0,My invoice doesn't match the amount on my credit card.
TKT02529,CUST0038,Performance,Low,Escalated,2022-05-27,2022-05-29,59.4,2.0,Reports are taking over 2 minutes to load.
TKT02530,CUST0262,Billing,Medium,Resolved,2023-06-22,2023-06-24,62.0,2.0,The upgrade price shown in the app is different from what I was charged.
TKT02531,CUST0234,Billing,Medium,In Progress,2024-01-28,2024-01-29,42.2,5.0,Requesting a refund for unused seats on our plan.
TKT02532,CUST0370,Billing,Medium,Resolved,2022-09-24,2022-09-24,23.4,,The upgrade price shown in the app is different from what I was charged.
TKT02533,CUST0478,Feature Request,Medium,Escalated,2023-02-19,2023-02-19,13.2,3.0,We'd love a Slack integration for real-time alerts.
TKT02534,CUST0254,Integration,Medium,Resolved,2023-06-07,2023-06-08,37.5,,HubSpot integration is duplicating records.
TKT02535,CUST0406,Performance,High,Resolved,2023-05-10,2023-05-10,11.7,4.0,Dashboard charts lag when we have more than 5 filters active.
TKT02536,CUST0084,Performance,Critical,Resolved,2023-01-26,2023-01-26,5.3,3.0,Dashboard charts lag when we have more than 5 filters active.
TKT02537,CUST0056,Account Management,Medium,Resolved,2024-01-12,2024-01-12,19.1,,We need to update our billing contact information.
TKT02538,CUST0115,Integration,High,Resolved,2024-07-15,2024-07-15,23.4,3.0,HubSpot integration is duplicating records.
TKT02539,CUST0414,Technical Issue,Medium,Resolved,2022-02-06,2022-02-06,12.0,4.0,The dashboard is not loading — getting a 504 error.
TKT02540,CUST0371,Integration,Medium,Resolved,2024-09-13,2024-09-16,72.2,4.0,The Salesforce integration is not syncing contacts properly.
TKT02541,CUST0170,Performance,Low,Resolved,2023-02-24,2023-02-25,29.1,5.0,The platform is very slow during peak hours (9-11am EST).
TKT02542,CUST0341,Technical Issue,Medium,In Progress,2024-10-10,2024-10-11,33.9,1.0,Notifications are not being delivered to our team emails.
TKT02543,CUST0384,Billing,High,In Progress,2024-02-17,2024-02-17,15.9,,I was charged twice this month for my subscription.
TKT02544,CUST0411,Billing,High,Open,2022-12-18,2022-12-18,13.0,5.0,Can you clarify the pricing for adding more users?
TKT02545,CUST0183,Account Management,High,Open,2025-10-04,2025-10-04,22.1,4.0,We need to add 10 more user seats to our plan.
TKT02546,CUST0180,Billing,Medium,Resolved,2023-10-29,2023-10-30,27.3,1.0,The upgrade price shown in the app is different from what I was charged.
TKT02547,CUST0315,Performance,Low,Resolved,2023-03-18,2023-03-21,87.9,4.0,API response times have increased significantly this week.
TKT02548,CUST0374,Integration,Medium,Resolved,2025-03-24,2025-03-25,44.3,5.0,We need help setting up the webhook for order updates.
TKT02549,CUST0432,Account Management,Medium,Resolved,2023-01-19,2023-01-19,15.2,5.0,We need to update our billing contact information.
TKT02550,CUST0100,Billing,Low,Resolved,2023-12-14,2023-12-16,57.2,,My invoice doesn't match the amount on my credit card.
TKT02551,CUST0069,Account Management,Medium,Resolved,2024-06-29,2024-06-29,21.0,5.0,We need to add 10 more user seats to our plan.
TKT02552,CUST0334,Feature Request,Low,Open,2025-05-31,2025-06-02,69.2,1.0,Would be great to have a mobile app version.
TKT02553,CUST0193,Performance,Low,Resolved,2025-10-21,2025-10-25,104.6,4.0,The platform is very slow during peak hours (9-11am EST).
TKT02554,CUST0343,Technical Issue,Medium,Open,2022-01-13,2022-01-14,46.6,5.0,Our data sync stopped working after the last update.
TKT02555,CUST0229,Performance,Low,Resolved,2023-12-28,2023-12-30,56.4,5.0,Dashboard charts lag when we have more than 5 filters active.
TKT02556,CUST0003,Performance,Medium,Resolved,2023-10-19,2023-10-20,35.0,3.0,Bulk data export is timing out for large datasets.
TKT02557,CUST0465,Billing,High,Escalated,2023-01-28,2023-01-28,4.0,4.0,My invoice doesn't match the amount on my credit card.
TKT02558,CUST0245,Feature Request,Medium,Escalated,2023-07-15,2023-07-15,19.1,4.0,We need custom date range filters in the reports section.
TKT02559,CUST0040,Integration,Medium,Open,2024-04-04,2024-04-05,37.1,3.0,The Salesforce integration is not syncing contacts properly.
TKT02560,CUST0028,Performance,Low,Resolved,2023-07-12,2023-07-15,95.6,3.0,The platform is very slow during peak hours (9-11am EST).
TKT02561,CUST0191,Feature Request,Medium,Resolved,2025-11-23,2025-11-23,20.2,5.0,We need custom date range filters in the reports section.
TKT02562,CUST0235,Technical Issue,Medium,Open,2025-04-19,2025-04-20,33.7,4.0,The dashboard is not loading — getting a 504 error.
TKT02563,CUST0173,Billing,Medium,Resolved,2023-10-27,2023-10-28,32.6,5.0,My invoice doesn't match the amount on my credit card.
TKT02564,CUST0028,Integration,High,Open,2024-05-22,2024-05-22,18.7,,Our API key stopped working after a password reset.
TKT02565,CUST0326,Billing,High,In Progress,2022-07-20,2022-07-21,32.7,3.0,My invoice doesn't match the amount on my credit card.
TKT02566,CUST0460,Onboarding,Low,Resolved,2022-01-26,2022-01-27,47.2,4.0,Our team hasn't received the onboarding training invite.
TKT02567,CUST0001,Onboarding,Medium,Resolved,2022-05-24,2022-05-25,33.4,3.0,We need help setting up user roles and permissions.
TKT02568,CUST0479,Integration,High,In Progress,2024-02-13,2024-02-13,4.5,4.0,The Salesforce integration is not syncing contacts properly.
TKT02569,CUST0026,Onboarding,Medium,Resolved,2024-03-24,2024-03-25,32.2,,Can someone walk us through connecting our CRM?
TKT02570,CUST0296,Billing,Low,Resolved,2022-09-02,2022-09-05,91.4,4.0,The upgrade price shown in the app is different from what I was charged.
TKT02571,CUST0346,Technical Issue,Low,In Progress,2025-03-24,2025-03-27,94.5,3.0,Notifications are not being delivered to our team emails.
TKT02572,CUST0199,Performance,Low,Resolved,2024-08-02,2024-08-03,43.5,3.0,The platform is very slow during peak hours (9-11am EST).
TKT02573,CUST0442,Integration,Low,Resolved,2024-11-16,2024-11-20,115.5,3.0,We need help setting up the webhook for order updates.
TKT02574,CUST0289,Integration,Medium,Resolved,2024-10-30,2024-10-30,14.1,4.0,Our API key stopped working after a password reset.
TKT02575,CUST0272,Performance,Medium,In Progress,2025-11-07,2025-11-08,25.2,,Bulk data export is timing out for large datasets.
TKT02576,CUST0096,Performance,Low,Resolved,2022-03-15,2022-03-17,65.0,4.0,Bulk data export is timing out for large datasets.
TKT02577,CUST0171,Integration,Critical,Resolved,2022-02-02,2022-02-02,1.8,3.0,We need help setting up the webhook for order updates.
TKT02578,CUST0078,Performance,Medium,Escalated,2022-05-15,2022-05-16,41.4,5.0,API response times have increased significantly this week.
TKT02579,CUST0142,Billing,Medium,Resolved,2024-12-31,2024-12-31,15.3,,The upgrade price shown in the app is different from what I was charged.
TKT02580,CUST0312,Performance,High,Resolved,2022-09-01,2022-09-01,16.1,4.0,Bulk data export is timing out for large datasets.
TKT02581,CUST0143,Performance,Medium,Resolved,2025-09-21,2025-09-23,64.7,,Reports are taking over 2 minutes to load.
TKT02582,CUST0292,Onboarding,Medium,Resolved,2024-08-18,2024-08-21,75.7,,Our team hasn't received the onboarding training invite.
TKT02583,CUST0335,Account Management,Medium,Resolved,2024-01-17,2024-01-17,12.2,5.0,Can we change the primary account admin?
TKT02584,CUST0298,Account Management,Low,Open,2023-07-19,2023-07-22,89.0,4.0,Please help us set up SSO for our organization.
TKT02585,CUST0145,Integration,Low,Resolved,2023-12-12,2023-12-16,117.0,3.0,The Salesforce integration is not syncing contacts properly.
TKT02586,CUST0115,Integration,Low,Resolved,2022-11-15,2022-11-17,59.6,3.0,The Salesforce integration is not syncing contacts properly.
TKT02587,CUST0352,Technical Issue,Medium,In Progress,2024-12-31,2025-01-01,31.9,,Notifications are not being delivered to our team emails.
TKT02588,CUST0219,Performance,Low,In Progress,2024-05-15,2024-05-18,83.5,4.0,Bulk data export is timing out for large datasets.
TKT02589,CUST0220,Performance,Medium,In Progress,2024-03-07,2024-03-07,11.8,4.0,The platform is very slow during peak hours (9-11am EST).
TKT02590,CUST0143,Technical Issue,Critical,Open,2024-04-18,2024-04-18,11.6,1.0,Export to CSV is producing empty files.
TKT02591,CUST0381,Feature Request,Medium,Resolved,2023-07-28,2023-07-30,48.0,,Would be great to have a mobile app version.
TKT02592,CUST0249,Performance,Medium,Resolved,2025-12-09,2025-12-09,20.9,4.0,Reports are taking over 2 minutes to load.
TKT02593,CUST0031,Technical Issue,Low,Resolved,2022-05-13,2022-05-16,77.7,4.0,The dashboard is not loading — getting a 504 error.
TKT02594,CUST0302,Integration,Medium,Resolved,2022-12-31,2023-01-01,38.9,5.0,Our API key stopped working after a password reset.
TKT02595,CUST0240,Onboarding,Low,In Progress,2022-07-25,2022-07-27,67.9,4.0,We need help setting up user roles and permissions.
TKT02596,CUST0093,Feature Request,Low,Resolved,2025-03-18,2025-03-19,26.7,,We need custom date range filters in the reports section.
TKT02597,CUST0135,Integration,High,Resolved,2022-10-24,2022-10-24,18.8,4.0,The Salesforce integration is not syncing contacts properly.
TKT02598,CUST0296,Feature Request,High,Resolved,2022-12-05,2022-12-05,18.1,,Would be great to have a mobile app version.
TKT02599,CUST0185,Performance,Medium,Resolved,2023-02-11,2023-02-12,35.8,,The platform is very slow during peak hours (9-11am EST).
TKT02600,CUST0268,Performance,Low,Resolved,2022-09-05,2022-09-06,46.6,4.0,Dashboard charts lag when we have more than 5 filters active.
TKT02601,CUST0399,Billing,Medium,Resolved,2024-01-30,2024-01-31,42.8,,Can you clarify the pricing for adding more users?
TKT02602,CUST0458,Feature Request,Critical,Resolved,2023-05-24,2023-05-24,2.1,4.0,Please add a dark mode option to the dashboard.
TKT02603,CUST0389,Technical Issue,Medium,Resolved,2023-05-12,2023-05-12,12.7,3.0,Export to CSV is producing empty files.
TKT02604,CUST0368,Technical Issue,Low,Resolved,2023-04-26,2023-04-27,42.1,,Our data sync stopped working after the last update.
TKT02605,CUST0409,Performance,Medium,Resolved,2025-03-25,2025-03-26,43.4,4.0,The platform is very slow during peak hours (9-11am EST).
TKT02606,CUST0252,Technical Issue,High,Open,2024-02-05,2024-02-05,2.4,4.0,Export to CSV is producing empty files.
TKT02607,CUST0369,Integration,Low,Resolved,2023-09-17,2023-09-20,80.3,,Our API key stopped working after a password reset.
TKT02608,CUST0440,Performance,Medium,Resolved,2024-11-29,2024-11-30,37.1,3.0,API response times have increased significantly this week.
TKT02609,CUST0093,Integration,Low,In Progress,2024-07-14,2024-07-15,25.7,3.0,Our API key stopped working after a password reset.
TKT02610,CUST0488,Onboarding,Medium,Resolved,2024-02-19,2024-02-19,8.8,,The setup wizard keeps freezing at Step 3.
TKT02611,CUST0424,Performance,Low,Escalated,2022-10-22,2022-10-25,78.4,5.0,Reports are taking over 2 minutes to load.
TKT02612,CUST0236,Feature Request,High,Resolved,2022-05-11,2022-05-11,3.9,,Can you add a bulk user import via CSV?
TKT02613,CUST0231,Performance,Low,Resolved,2023-03-17,2023-03-20,84.2,4.0,Dashboard charts lag when we have more than 5 filters active.
TKT02614,CUST0173,Account Management,Medium,Open,2025-11-30,2025-12-01,29.8,4.0,Can we change the primary account admin?
TKT02615,CUST0046,Technical Issue,Critical,In Progress,2025-04-23,2025-04-23,5.1,5.0,The dashboard is not loading — getting a 504 error.
TKT02616,CUST0354,Account Management,Medium,Open,2024-11-02,2024-11-02,15.4,5.0,We need to add 10 more user seats to our plan.
TKT02617,CUST0361,Technical Issue,Medium,Resolved,2023-04-02,2023-04-05,75.8,4.0,Export to CSV is producing empty files.
TKT02618,CUST0383,Feature Request,High,Resolved,2025-08-14,2025-08-14,20.3,3.0,Please add a dark mode option to the dashboard.
TKT02619,CUST0082,Performance,Medium,Resolved,2024-02-25,2024-02-25,14.2,,Reports are taking over 2 minutes to load.
TKT02620,CUST0449,Performance,Low,Open,2023-07-29,2023-08-01,79.6,5.0,Bulk data export is timing out for large datasets.
TKT02621,CUST0068,Integration,Medium,Resolved,2024-03-02,2024-03-02,12.9,4.0,The Salesforce integration is not syncing contacts properly.
TKT02622,CUST0452,Onboarding,Low,Resolved,2024-06-04,2024-06-08,104.1,2.0,We need help setting up user roles and permissions.
TKT02623,CUST0175,Billing,Low,Resolved,2024-02-27,2024-02-29,71.4,5.0,My invoice doesn't match the amount on my credit card.
TKT02624,CUST0037,Onboarding,Low,Resolved,2025-04-07,2025-04-11,97.9,1.0,The setup wizard keeps freezing at Step 3.
TKT02625,CUST0249,Integration,Medium,Resolved,2024-10-11,2024-10-12,39.8,,The Salesforce integration is not syncing contacts properly.
TKT02626,CUST0334,Technical Issue,Medium,Resolved,2024-01-08,2024-01-09,36.9,4.0,Our data sync stopped working after the last update.
TKT02627,CUST0018,Performance,Medium,Resolved,2025-06-10,2025-06-10,20.0,,Bulk data export is timing out for large datasets.
TKT02628,CUST0271,Integration,Medium,In Progress,2025-10-14,2025-10-15,39.7,,HubSpot integration is duplicating records.
TKT02629,CUST0389,Account Management,Medium,Resolved,2024-02-25,2024-02-26,38.5,3.0,We need to add 10 more user seats to our plan.
TKT02630,CUST0145,Integration,Medium,Resolved,2023-02-23,2023-02-25,57.9,,We need help setting up the webhook for order updates.
TKT02631,CUST0260,Performance,Medium,Resolved,2025-02-17,2025-02-18,34.5,,Bulk data export is timing out for large datasets.
TKT02632,CUST0427,Onboarding,Low,Escalated,2022-08-20,2022-08-23,84.5,,Can someone walk us through connecting our CRM?
TKT02633,CUST0438,Onboarding,Low,Open,2025-02-18,2025-02-21,80.3,,We are stuck on the data migration step — need guidance.
TKT02634,CUST0039,Performance,High,Resolved,2022-04-23,2022-04-24,31.4,,Bulk data export is timing out for large datasets.
TKT02635,CUST0024,Account Management,Medium,Open,2024-08-18,2024-08-19,30.8,4.0,We need to update our billing contact information.
TKT02636,CUST0134,Technical Issue,Low,In Progress,2022-09-06,2022-09-08,64.0,3.0,Notifications are not being delivered to our team emails.
TKT02637,CUST0242,Feature Request,Medium,Resolved,2025-05-10,2025-05-10,11.7,3.0,We'd love a Slack integration for real-time alerts.
TKT02638,CUST0494,Onboarding,Medium,Resolved,2025-11-17,2025-11-18,25.6,3.0,We are stuck on the data migration step — need guidance.
TKT02639,CUST0109,Billing,Low,Resolved,2024-09-29,2024-10-01,62.0,3.0,Requesting a refund for unused seats on our plan.
TKT02640,CUST0126,Account Management,Low,Resolved,2023-10-07,2023-10-11,99.0,1.0,We need to update our billing contact information.
TKT02641,CUST0416,Technical Issue,Low,Resolved,2023-03-24,2023-03-25,25.8,,Login page throws an error when using SSO.
TKT02642,CUST0444,Onboarding,Low,Resolved,2024-03-22,2024-03-24,48.7,1.0,We are stuck on the data migration step — need guidance.
TKT02643,CUST0116,Billing,High,Resolved,2022-02-08,2022-02-08,23.4,4.0,Can you clarify the pricing for adding more users?
TKT02644,CUST0093,Account Management,Medium,Resolved,2023-04-07,2023-04-07,23.9,3.0,Can we change the primary account admin?
TKT02645,CUST0010,Billing,Low,Resolved,2024-07-08,2024-07-11,92.8,,Can you clarify the pricing for adding more users?
TKT02646,CUST0287,Account Management,Low,Resolved,2025-05-07,2025-05-10,74.3,,We'd like to upgrade from Growth to Enterprise plan.
TKT02647,CUST0199,Billing,High,Resolved,2023-04-29,2023-04-29,20.0,,The upgrade price shown in the app is different from what I was charged.
TKT02648,CUST0458,Onboarding,Low,Escalated,2025-07-19,2025-07-22,77.5,5.0,We need help setting up user roles and permissions.
TKT02649,CUST0004,Onboarding,Medium,Resolved,2023-02-24,2023-02-25,35.6,4.0,Our team hasn't received the onboarding training invite.
TKT02650,CUST0106,Feature Request,Low,Resolved,2024-04-03,2024-04-06,75.1,4.0,We'd love a Slack integration for real-time alerts.
TKT02651,CUST0432,Account Management,Medium,Resolved,2024-02-13,2024-02-14,45.5,3.0,We'd like to upgrade from Growth to Enterprise plan.
TKT02652,CUST0415,Performance,High,Resolved,2022-07-25,2022-07-25,6.6,3.0,API response times have increased significantly this week.
TKT02653,CUST0104,Billing,High,Escalated,2025-04-16,2025-04-16,20.4,3.0,Requesting a refund for unused seats on our plan.
TKT02654,CUST0245,Feature Request,Low,Resolved,2023-02-17,2023-02-19,48.3,4.0,We need custom date range filters in the reports section.
TKT02655,CUST0122,Integration,Low,Resolved,2024-02-26,2024-02-27,40.2,4.0,We need help setting up the webhook for order updates.
TKT02656,CUST0114,Integration,Low,Resolved,2023-10-18,2023-10-21,86.9,,The Salesforce integration is not syncing contacts properly.
TKT02657,CUST0283,Feature Request,Low,Open,2022-10-18,2022-10-22,116.9,1.0,We'd love a Slack integration for real-time alerts.
TKT02658,CUST0221,Integration,Low,Resolved,2022-09-06,2022-09-07,43.3,3.0,Zapier connection keeps timing out.
TKT02659,CUST0394,Performance,High,In Progress,2024-01-29,2024-01-30,33.7,3.0,Dashboard charts lag when we have more than 5 filters active.
TKT02660,CUST0148,Performance,Low,Resolved,2022-07-20,2022-07-22,60.1,5.0,Reports are taking over 2 minutes to load.
TKT02661,CUST0087,Billing,Low,Resolved,2023-12-14,2023-12-15,31.6,5.0,I was charged twice this month for my subscription.
TKT02662,CUST0009,Account Management,Medium,Resolved,2024-09-23,2024-09-24,38.6,,We'd like to upgrade from Growth to Enterprise plan.
TKT02663,CUST0381,Integration,High,In Progress,2024-03-09,2024-03-09,19.9,5.0,Our API key stopped working after a password reset.
TKT02664,CUST0144,Onboarding,Low,Resolved,2024-03-12,2024-03-14,70.6,5.0,We need help setting up user roles and permissions.
TKT02665,CUST0146,Technical Issue,Medium,In Progress,2025-10-12,2025-10-13,25.3,5.0,Notifications are not being delivered to our team emails.
TKT02666,CUST0328,Onboarding,High,Escalated,2022-12-04,2022-12-04,2.2,4.0,We need help setting up user roles and permissions.
TKT02667,CUST0042,Billing,High,Resolved,2024-02-25,2024-02-25,19.2,4.0,The upgrade price shown in the app is different from what I was charged.
TKT02668,CUST0152,Billing,Low,Resolved,2022-10-20,2022-10-23,76.0,5.0,The upgrade price shown in the app is different from what I was charged.
TKT02669,CUST0465,Integration,High,Resolved,2023-08-29,2023-08-29,9.4,,Our API key stopped working after a password reset.
TKT02670,CUST0189,Feature Request,Low,In Progress,2025-02-20,2025-02-23,93.2,,Would be great to have a mobile app version.
TKT02671,CUST0219,Performance,Medium,Resolved,2023-09-17,2023-09-18,26.8,4.0,Bulk data export is timing out for large datasets.
TKT02672,CUST0230,Performance,Low,Resolved,2023-06-05,2023-06-06,38.6,3.0,API response times have increased significantly this week.
TKT02673,CUST0267,Technical Issue,Low,Resolved,2022-04-27,2022-04-29,70.4,,Login page throws an error when using SSO.
TKT02674,CUST0227,Billing,Low,Resolved,2023-02-10,2023-02-12,54.1,3.0,The upgrade price shown in the app is different from what I was charged.
TKT02675,CUST0220,Billing,Low,Resolved,2024-01-14,2024-01-15,36.2,3.0,I was charged twice this month for my subscription.
TKT02676,CUST0381,Billing,Medium,Resolved,2023-01-17,2023-01-18,47.8,5.0,Requesting a refund for unused seats on our plan.
TKT02677,CUST0036,Onboarding,Medium,Resolved,2025-10-22,2025-10-22,14.8,4.0,We need help setting up user roles and permissions.
TKT02678,CUST0395,Integration,Low,Open,2022-12-04,2022-12-08,102.2,2.0,Zapier connection keeps timing out.
TKT02679,CUST0313,Performance,Medium,Resolved,2025-07-15,2025-07-16,44.2,,API response times have increased significantly this week.
TKT02680,CUST0300,Onboarding,Medium,Open,2023-12-26,2023-12-27,25.4,,We are stuck on the data migration step — need guidance.
TKT02681,CUST0483,Onboarding,Low,Resolved,2023-07-23,2023-07-26,75.9,4.0,Can someone walk us through connecting our CRM?
TKT02682,CUST0285,Account Management,Medium,In Progress,2022-12-14,2022-12-15,34.0,,We'd like to upgrade from Growth to Enterprise plan.
TKT02683,CUST0030,Performance,Medium,Open,2025-08-21,2025-08-23,68.3,3.0,The platform is very slow during peak hours (9-11am EST).
TKT02684,CUST0425,Integration,Medium,Resolved,2022-11-14,2022-11-15,35.6,2.0,HubSpot integration is duplicating records.
TKT02685,CUST0005,Technical Issue,Medium,Resolved,2025-07-11,2025-07-11,21.4,4.0,Our data sync stopped working after the last update.
TKT02686,CUST0440,Technical Issue,Medium,Open,2023-11-15,2023-11-15,21.8,,Notifications are not being delivered to our team emails.
TKT02687,CUST0173,Account Management,Medium,Open,2025-01-04,2025-01-05,38.5,,We need to update our billing contact information.
TKT02688,CUST0271,Billing,High,Open,2023-01-16,2023-01-16,13.7,,Can you clarify the pricing for adding more users?
TKT02689,CUST0452,Billing,High,In Progress,2023-11-25,2023-11-25,10.1,4.0,My invoice doesn't match the amount on my credit card.
TKT02690,CUST0376,Performance,Medium,Resolved,2022-04-19,2022-04-19,17.1,4.0,Reports are taking over 2 minutes to load.
TKT02691,CUST0221,Performance,Medium,In Progress,2024-04-02,2024-04-03,31.7,3.0,API response times have increased significantly this week.
TKT02692,CUST0063,Performance,Low,Resolved,2022-01-27,2022-02-01,135.7,4.0,Reports are taking over 2 minutes to load.
TKT02693,CUST0249,Feature Request,Critical,Resolved,2023-09-20,2023-09-20,3.4,3.0,We need custom date range filters in the reports section.
TKT02694,CUST0060,Feature Request,Low,Resolved,2024-07-20,2024-07-23,81.5,5.0,Please add a dark mode option to the dashboard.
TKT02695,CUST0396,Performance,High,Resolved,2023-10-13,2023-10-13,18.4,4.0,Dashboard charts lag when we have more than 5 filters active.
TKT02696,CUST0307,Onboarding,Medium,Open,2025-02-27,2025-02-28,36.9,2.0,Our team hasn't received the onboarding training invite.
TKT02697,CUST0112,Technical Issue,Critical,Resolved,2023-04-13,2023-04-13,4.4,,Notifications are not being delivered to our team emails.
TKT02698,CUST0342,Billing,Medium,Resolved,2024-04-10,2024-04-11,38.6,3.0,Requesting a refund for unused seats on our plan.
TKT02699,CUST0120,Feature Request,Low,In Progress,2024-07-07,2024-07-09,52.6,3.0,Can you add a bulk user import via CSV?
TKT02700,CUST0400,Integration,Medium,Resolved,2025-11-24,2025-11-25,29.9,5.0,We need help setting up the webhook for order updates.
TKT02701,CUST0182,Account Management,Medium,Resolved,2022-06-27,2022-06-28,31.3,3.0,Can we change the primary account admin?
TKT02702,CUST0096,Account Management,Low,Resolved,2023-05-08,2023-05-10,55.8,3.0,Please help us set up SSO for our organization.
TKT02703,CUST0024,Billing,Low,Resolved,2022-06-04,2022-06-06,61.8,,Requesting a refund for unused seats on our plan.
TKT02704,CUST0177,Account Management,Medium,Resolved,2022-09-02,2022-09-03,40.2,3.0,Please help us set up SSO for our organization.
TKT02705,CUST0056,Performance,Critical,Resolved,2024-08-02,2024-08-02,3.7,3.0,Dashboard charts lag when we have more than 5 filters active.
TKT02706,CUST0237,Integration,Medium,In Progress,2023-04-14,2023-04-16,59.7,3.0,Our API key stopped working after a password reset.
TKT02707,CUST0407,Onboarding,High,Open,2024-07-14,2024-07-15,35.0,1.0,We are stuck on the data migration step — need guidance.
TKT02708,CUST0263,Integration,Medium,Resolved,2022-12-27,2022-12-28,24.2,,The Salesforce integration is not syncing contacts properly.
TKT02709,CUST0445,Performance,Medium,Resolved,2025-05-22,2025-05-23,30.0,1.0,Reports are taking over 2 minutes to load.
TKT02710,CUST0342,Feature Request,Medium,Resolved,2022-08-02,2022-08-03,24.2,3.0,Would be great to have a mobile app version.
TKT02711,CUST0025,Performance,High,Open,2023-06-26,2023-06-26,21.7,5.0,Reports are taking over 2 minutes to load.
TKT02712,CUST0344,Technical Issue,Low,Open,2024-04-03,2024-04-06,82.1,,Notifications are not being delivered to our team emails.
TKT02713,CUST0222,Billing,Medium,Resolved,2023-06-22,2023-06-23,35.7,,Can you clarify the pricing for adding more users?
TKT02714,CUST0392,Account Management,Medium,Resolved,2023-02-17,2023-02-17,11.1,5.0,We need to add 10 more user seats to our plan.
TKT02715,CUST0098,Onboarding,High,Resolved,2022-11-07,2022-11-07,23.9,,We are stuck on the data migration step — need guidance.
TKT02716,CUST0004,Performance,Low,Resolved,2025-08-08,2025-08-10,61.8,4.0,API response times have increased significantly this week.
TKT02717,CUST0042,Onboarding,Low,Resolved,2024-04-24,2024-04-25,42.4,,Can someone walk us through connecting our CRM?
TKT02718,CUST0354,Onboarding,Medium,Resolved,2022-07-16,2022-07-16,16.1,,Can someone walk us through connecting our CRM?
TKT02719,CUST0455,Performance,Low,Resolved,2024-09-25,2024-09-28,82.3,3.0,API response times have increased significantly this week.
TKT02720,CUST0177,Technical Issue,Medium,In Progress,2023-01-15,2023-01-15,22.6,3.0,The dashboard is not loading — getting a 504 error.
TKT02721,CUST0046,Technical Issue,Medium,Resolved,2022-05-10,2022-05-11,24.3,3.0,Notifications are not being delivered to our team emails.
TKT02722,CUST0468,Performance,Medium,Resolved,2024-12-03,2024-12-04,41.9,,API response times have increased significantly this week.
TKT02723,CUST0307,Billing,Medium,Resolved,2024-04-27,2024-04-29,71.3,1.0,I was charged twice this month for my subscription.
TKT02724,CUST0016,Technical Issue,Medium,Resolved,2024-05-04,2024-05-05,27.2,,Notifications are not being delivered to our team emails.
TKT02725,CUST0125,Onboarding,Medium,Resolved,2023-03-30,2023-03-31,32.1,5.0,We need help setting up user roles and permissions.
TKT02726,CUST0388,Billing,High,Resolved,2022-11-14,2022-11-15,37.2,4.0,Can you clarify the pricing for adding more users?
TKT02727,CUST0218,Integration,Medium,Resolved,2025-04-30,2025-04-30,20.7,4.0,HubSpot integration is duplicating records.
TKT02728,CUST0077,Technical Issue,High,In Progress,2022-12-24,2022-12-24,2.9,,Export to CSV is producing empty files.
TKT02729,CUST0213,Billing,High,Escalated,2022-06-25,2022-06-25,15.2,2.0,My invoice doesn't match the amount on my credit card.
TKT02730,CUST0419,Performance,Medium,Resolved,2025-02-05,2025-02-05,9.2,4.0,Dashboard charts lag when we have more than 5 filters active.
TKT02731,CUST0044,Feature Request,Medium,Resolved,2022-06-08,2022-06-09,42.0,3.0,Please add a dark mode option to the dashboard.
TKT02732,CUST0054,Account Management,Low,Resolved,2025-02-24,2025-02-25,38.5,4.0,We need to update our billing contact information.
TKT02733,CUST0258,Feature Request,Medium,Open,2023-03-15,2023-03-16,40.7,5.0,We need custom date range filters in the reports section.
TKT02734,CUST0246,Technical Issue,High,Open,2022-09-24,2022-09-24,19.6,4.0,The dashboard is not loading — getting a 504 error.
TKT02735,CUST0499,Account Management,Low,Resolved,2025-08-24,2025-08-27,73.4,5.0,Can we change the primary account admin?
TKT02736,CUST0292,Account Management,Medium,Resolved,2024-05-23,2024-05-24,35.8,1.0,Please help us set up SSO for our organization.
TKT02737,CUST0129,Performance,Low,Open,2024-04-30,2024-05-03,85.0,2.0,Dashboard charts lag when we have more than 5 filters active.
TKT02738,CUST0427,Feature Request,Medium,Resolved,2022-06-25,2022-06-26,44.2,4.0,Can you add a bulk user import via CSV?
TKT02739,CUST0232,Onboarding,Medium,Resolved,2024-12-10,2024-12-10,22.5,,We need help setting up user roles and permissions.
TKT02740,CUST0174,Integration,Low,Resolved,2022-05-31,2022-06-02,62.6,5.0,Zapier connection keeps timing out.
TKT02741,CUST0160,Integration,High,Resolved,2022-12-07,2022-12-07,6.2,4.0,The Salesforce integration is not syncing contacts properly.
TKT02742,CUST0138,Feature Request,Medium,Resolved,2023-01-09,2023-01-10,35.3,4.0,We'd love a Slack integration for real-time alerts.
TKT02743,CUST0246,Account Management,Medium,In Progress,2025-06-19,2025-06-19,21.3,5.0,We need to update our billing contact information.
TKT02744,CUST0468,Onboarding,High,Open,2022-01-07,2022-01-08,37.1,4.0,Our team hasn't received the onboarding training invite.
TKT02745,CUST0302,Feature Request,Low,Resolved,2024-11-06,2024-11-09,95.5,3.0,Please add a dark mode option to the dashboard.
TKT02746,CUST0131,Billing,Medium,Open,2024-06-14,2024-06-16,51.9,1.0,Can you clarify the pricing for adding more users?
TKT02747,CUST0164,Feature Request,High,In Progress,2022-02-01,2022-02-01,13.5,3.0,Would be great to have a mobile app version.
TKT02748,CUST0237,Billing,High,Resolved,2024-10-25,2024-10-25,10.5,1.0,My invoice doesn't match the amount on my credit card.
TKT02749,CUST0156,Billing,Low,In Progress,2024-08-22,2024-08-25,81.2,3.0,Requesting a refund for unused seats on our plan.
TKT02750,CUST0034,Onboarding,Medium,Resolved,2024-01-17,2024-01-18,36.2,4.0,Our team hasn't received the onboarding training invite.
TKT02751,CUST0285,Billing,Critical,Resolved,2025-11-04,2025-11-04,11.8,1.0,Requesting a refund for unused seats on our plan.
TKT02752,CUST0447,Feature Request,Critical,Resolved,2024-09-07,2024-09-07,4.0,3.0,We'd love a Slack integration for real-time alerts.
TKT02753,CUST0208,Billing,High,Resolved,2024-06-02,2024-06-03,35.9,4.0,I was charged twice this month for my subscription.
TKT02754,CUST0100,Billing,Medium,Resolved,2024-04-11,2024-04-11,14.1,3.0,Requesting a refund for unused seats on our plan.
TKT02755,CUST0193,Integration,Medium,Resolved,2025-04-23,2025-04-23,18.6,,Zapier connection keeps timing out.
TKT02756,CUST0354,Account Management,Medium,Resolved,2025-06-23,2025-06-24,47.0,4.0,We'd like to upgrade from Growth to Enterprise plan.
TKT02757,CUST0403,Billing,Medium,Resolved,2023-01-26,2023-01-26,18.7,4.0,I was charged twice this month for my subscription.
TKT02758,CUST0121,Account Management,Medium,Escalated,2022-11-19,2022-11-20,40.5,5.0,We need to update our billing contact information.
TKT02759,CUST0302,Onboarding,Medium,Resolved,2022-04-13,2022-04-14,29.9,5.0,We are stuck on the data migration step — need guidance.
TKT02760,CUST0388,Feature Request,Medium,Resolved,2022-03-16,2022-03-17,31.3,,We'd love a Slack integration for real-time alerts.
TKT02761,CUST0115,Feature Request,Medium,Resolved,2023-06-17,2023-06-17,21.3,,We need custom date range filters in the reports section.
TKT02762,CUST0289,Technical Issue,High,Resolved,2025-06-08,2025-06-08,3.2,,Notifications are not being delivered to our team emails.
TKT02763,CUST0012,Integration,Medium,Resolved,2023-08-20,2023-08-20,19.8,3.0,Zapier connection keeps timing out.
TKT02764,CUST0102,Feature Request,Critical,Resolved,2025-12-31,2025-12-31,3.3,5.0,Would be great to have a mobile app version.
TKT02765,CUST0471,Billing,Medium,Resolved,2023-12-03,2023-12-04,24.0,5.0,The upgrade price shown in the app is different from what I was charged.
TKT02766,CUST0128,Billing,Medium,Resolved,2023-03-06,2023-03-07,45.6,5.0,My invoice doesn't match the amount on my credit card.
TKT02767,CUST0038,Performance,Medium,Resolved,2022-08-12,2022-08-15,74.6,,Reports are taking over 2 minutes to load.
TKT02768,CUST0249,Onboarding,Medium,Open,2024-02-17,2024-02-18,47.9,5.0,Our team hasn't received the onboarding training invite.
TKT02769,CUST0369,Technical Issue,Low,Resolved,2025-05-16,2025-05-18,51.6,,The dashboard is not loading — getting a 504 error.
TKT02770,CUST0242,Feature Request,Medium,Resolved,2024-07-13,2024-07-14,31.3,,Can you add a bulk user import via CSV?
TKT02771,CUST0310,Feature Request,Medium,In Progress,2025-10-04,2025-10-04,9.0,,Would be great to have a mobile app version.
TKT02772,CUST0143,Feature Request,Low,Resolved,2024-12-18,2024-12-20,54.3,4.0,We need custom date range filters in the reports section.
TKT02773,CUST0490,Billing,Low,Resolved,2024-03-06,2024-03-08,51.9,,Can you clarify the pricing for adding more users?
TKT02774,CUST0431,Integration,Medium,Resolved,2025-04-09,2025-04-10,37.8,4.0,HubSpot integration is duplicating records.
TKT02775,CUST0290,Billing,Critical,Resolved,2023-09-01,2023-09-01,3.0,3.0,Can you clarify the pricing for adding more users?
TKT02776,CUST0372,Integration,Low,Resolved,2022-04-19,2022-04-22,73.5,4.0,We need help setting up the webhook for order updates.
TKT02777,CUST0235,Billing,Medium,Resolved,2024-01-12,2024-01-12,20.0,3.0,The upgrade price shown in the app is different from what I was charged.
TKT02778,CUST0033,Billing,Medium,Resolved,2023-06-02,2023-06-03,26.4,5.0,The upgrade price shown in the app is different from what I was charged.
TKT02779,CUST0029,Onboarding,Medium,In Progress,2022-07-05,2022-07-06,42.9,,We are stuck on the data migration step — need guidance.
TKT02780,CUST0196,Account Management,Low,Resolved,2024-07-08,2024-07-10,63.3,3.0,Can we change the primary account admin?
TKT02781,CUST0268,Integration,Medium,Resolved,2022-08-24,2022-08-25,35.0,,Our API key stopped working after a password reset.
TKT02782,CUST0246,Onboarding,Low,Resolved,2024-08-19,2024-08-21,49.8,,We need help setting up user roles and permissions.
TKT02783,CUST0320,Technical Issue,High,In Progress,2025-05-15,2025-05-16,25.3,4.0,Login page throws an error when using SSO.
TKT02784,CUST0477,Onboarding,Medium,Open,2023-09-16,2023-09-17,38.9,3.0,We are stuck on the data migration step — need guidance.
TKT02785,CUST0246,Account Management,Medium,Open,2024-11-28,2024-11-29,24.1,5.0,Please help us set up SSO for our organization.
TKT02786,CUST0436,Integration,Medium,Resolved,2024-04-06,2024-04-07,44.1,5.0,We need help setting up the webhook for order updates.
TKT02787,CUST0274,Billing,Low,Resolved,2023-02-10,2023-02-11,34.3,3.0,Requesting a refund for unused seats on our plan.
TKT02788,CUST0315,Integration,Medium,Resolved,2022-02-25,2022-02-26,32.4,4.0,Our API key stopped working after a password reset.
TKT02789,CUST0232,Billing,High,In Progress,2023-04-06,2023-04-06,10.7,,My invoice doesn't match the amount on my credit card.
TKT02790,CUST0495,Integration,Medium,Resolved,2023-08-12,2023-08-12,12.1,,We need help setting up the webhook for order updates.
TKT02791,CUST0025,Integration,Medium,In Progress,2022-06-06,2022-06-07,36.0,5.0,Zapier connection keeps timing out.
TKT02792,CUST0470,Integration,Low,In Progress,2022-01-19,2022-01-22,90.0,5.0,Zapier connection keeps timing out.
TKT02793,CUST0182,Technical Issue,High,Resolved,2023-10-21,2023-10-21,2.6,4.0,Notifications are not being delivered to our team emails.
TKT02794,CUST0215,Integration,Low,Open,2022-06-13,2022-06-17,107.6,2.0,The Salesforce integration is not syncing contacts properly.
TKT02795,CUST0162,Technical Issue,High,Resolved,2022-01-30,2022-01-30,22.9,3.0,Export to CSV is producing empty files.
TKT02796,CUST0168,Integration,Medium,Resolved,2025-11-24,2025-11-26,64.1,4.0,The Salesforce integration is not syncing contacts properly.
TKT02797,CUST0090,Onboarding,Medium,Resolved,2025-03-14,2025-03-15,37.7,,Our team hasn't received the onboarding training invite.
TKT02798,CUST0425,Feature Request,Medium,Resolved,2025-06-14,2025-06-15,32.7,,We'd love a Slack integration for real-time alerts.
TKT02799,CUST0132,Account Management,Medium,In Progress,2024-03-17,2024-03-18,46.5,,Can we change the primary account admin?
TKT02800,CUST0431,Account Management,High,Resolved,2024-01-16,2024-01-16,5.1,1.0,We need to add 10 more user seats to our plan.
TKT02801,CUST0274,Feature Request,Low,Resolved,2025-08-25,2025-08-28,91.5,3.0,Can you add a bulk user import via CSV?
TKT02802,CUST0189,Account Management,Low,Resolved,2023-06-08,2023-06-10,69.7,5.0,We'd like to upgrade from Growth to Enterprise plan.
TKT02803,CUST0383,Billing,Low,Resolved,2025-09-11,2025-09-16,130.6,,Can you clarify the pricing for adding more users?
TKT02804,CUST0211,Onboarding,Medium,In Progress,2024-06-11,2024-06-11,18.4,3.0,We need help setting up user roles and permissions.
TKT02805,CUST0386,Integration,Medium,Resolved,2025-12-15,2025-12-16,47.4,3.0,Our API key stopped working after a password reset.
TKT02806,CUST0424,Feature Request,Critical,Resolved,2023-11-27,2023-11-27,7.1,3.0,Please add a dark mode option to the dashboard.
TKT02807,CUST0494,Account Management,Medium,Resolved,2024-12-27,2024-12-28,34.7,5.0,We need to add 10 more user seats to our plan.
TKT02808,CUST0262,Billing,High,Open,2023-05-24,2023-05-25,30.7,3.0,The upgrade price shown in the app is different from what I was charged.
TKT02809,CUST0434,Billing,Low,Resolved,2023-06-11,2023-06-16,127.6,3.0,Can you clarify the pricing for adding more users?
TKT02810,CUST0446,Performance,Medium,Resolved,2024-02-06,2024-02-07,36.0,3.0,Bulk data export is timing out for large datasets.
TKT02811,CUST0178,Performance,High,Resolved,2023-07-06,2023-07-06,17.9,2.0,Reports are taking over 2 minutes to load.
TKT02812,CUST0012,Performance,Medium,Open,2024-06-01,2024-06-01,12.3,5.0,Bulk data export is timing out for large datasets.
TKT02813,CUST0233,Technical Issue,Medium,Resolved,2022-11-15,2022-11-15,21.1,3.0,The dashboard is not loading — getting a 504 error.
TKT02814,CUST0140,Onboarding,Medium,Resolved,2025-05-05,2025-05-07,62.9,,Our team hasn't received the onboarding training invite.
TKT02815,CUST0353,Feature Request,Low,Resolved,2022-02-04,2022-02-05,28.4,5.0,Can you add a bulk user import via CSV?
TKT02816,CUST0182,Billing,Critical,Resolved,2025-02-21,2025-02-21,4.5,,Requesting a refund for unused seats on our plan.
TKT02817,CUST0298,Billing,High,In Progress,2023-05-07,2023-05-07,18.7,5.0,My invoice doesn't match the amount on my credit card.
TKT02818,CUST0382,Integration,Low,Open,2024-03-06,2024-03-07,34.2,5.0,Our API key stopped working after a password reset.
TKT02819,CUST0189,Performance,Medium,Resolved,2024-02-23,2024-02-24,40.8,4.0,API response times have increased significantly this week.
TKT02820,CUST0197,Account Management,Medium,Resolved,2024-06-25,2024-06-26,29.9,,Can we change the primary account admin?
TKT02821,CUST0309,Integration,High,Escalated,2023-03-02,2023-03-02,3.6,4.0,The Salesforce integration is not syncing contacts properly.
TKT02822,CUST0259,Integration,Medium,In Progress,2024-06-30,2024-07-01,29.9,3.0,HubSpot integration is duplicating records.
TKT02823,CUST0008,Performance,High,Resolved,2023-11-28,2023-11-28,12.6,5.0,The platform is very slow during peak hours (9-11am EST).
TKT02824,CUST0266,Technical Issue,Low,In Progress,2022-05-26,2022-05-28,64.4,4.0,Notifications are not being delivered to our team emails.
TKT02825,CUST0349,Integration,Low,Open,2025-07-24,2025-07-28,118.1,,We need help setting up the webhook for order updates.
TKT02826,CUST0175,Account Management,Medium,Resolved,2025-10-02,2025-10-02,20.8,5.0,Please help us set up SSO for our organization.
TKT02827,CUST0108,Technical Issue,Medium,Resolved,2024-12-30,2025-01-01,64.5,3.0,Notifications are not being delivered to our team emails.
TKT02828,CUST0169,Billing,High,Resolved,2025-02-04,2025-02-04,21.2,3.0,The upgrade price shown in the app is different from what I was charged.
TKT02829,CUST0340,Technical Issue,Low,Escalated,2024-03-30,2024-04-02,81.1,3.0,Login page throws an error when using SSO.
TKT02830,CUST0107,Integration,Low,Escalated,2024-03-27,2024-03-30,83.5,4.0,We need help setting up the webhook for order updates.
TKT02831,CUST0098,Integration,Low,Resolved,2022-11-02,2022-11-05,72.7,3.0,The Salesforce integration is not syncing contacts properly.
TKT02832,CUST0121,Performance,Low,Resolved,2024-09-17,2024-09-18,29.8,5.0,Reports are taking over 2 minutes to load.
TKT02833,CUST0093,Billing,High,Open,2024-03-25,2024-03-25,12.7,,I was charged twice this month for my subscription.
TKT02834,CUST0317,Account Management,Medium,Resolved,2022-09-14,2022-09-15,43.7,,Please help us set up SSO for our organization.
TKT02835,CUST0216,Feature Request,Medium,Resolved,2022-03-01,2022-03-02,27.5,4.0,Can you add a bulk user import via CSV?
TKT02836,CUST0216,Feature Request,Low,Resolved,2025-12-06,2025-12-09,74.9,3.0,Can you add a bulk user import via CSV?
TKT02837,CUST0003,Billing,Medium,Resolved,2022-06-13,2022-06-14,33.4,3.0,I was charged twice this month for my subscription.
TKT02838,CUST0292,Billing,Low,Open,2024-10-05,2024-10-08,72.4,4.0,The upgrade price shown in the app is different from what I was charged.
TKT02839,CUST0138,Technical Issue,High,In Progress,2025-01-31,2025-01-31,16.5,2.0,Notifications are not being delivered to our team emails.
TKT02840,CUST0121,Billing,Medium,In Progress,2022-10-15,2022-10-15,16.5,4.0,The upgrade price shown in the app is different from what I was charged.
TKT02841,CUST0130,Feature Request,Medium,Resolved,2022-03-20,2022-03-20,23.2,3.0,We need custom date range filters in the reports section.
TKT02842,CUST0330,Technical Issue,Medium,Resolved,2024-07-17,2024-07-18,46.6,2.0,The dashboard is not loading — getting a 504 error.
TKT02843,CUST0279,Billing,Low,Resolved,2024-07-29,2024-07-30,35.6,5.0,Requesting a refund for unused seats on our plan.
TKT02844,CUST0415,Account Management,Medium,Open,2022-04-06,2022-04-07,37.1,4.0,We need to add 10 more user seats to our plan.
TKT02845,CUST0393,Onboarding,Low,Resolved,2025-07-30,2025-08-02,86.6,4.0,We need help setting up user roles and permissions.
TKT02846,CUST0233,Account Management,Medium,Resolved,2025-04-28,2025-04-28,8.9,,Can we change the primary account admin?
TKT02847,CUST0237,Account Management,Medium,In Progress,2025-07-20,2025-07-22,50.5,3.0,Please help us set up SSO for our organization.
TKT02848,CUST0043,Account Management,Critical,Open,2025-04-09,2025-04-09,6.3,5.0,Can we change the primary account admin?
TKT02849,CUST0483,Onboarding,Medium,Open,2025-01-10,2025-01-11,36.6,3.0,Our team hasn't received the onboarding training invite.
TKT02850,CUST0276,Billing,Low,Resolved,2023-03-15,2023-03-16,37.9,3.0,Requesting a refund for unused seats on our plan.
TKT02851,CUST0279,Technical Issue,Low,Resolved,2024-08-06,2024-08-09,85.1,,Our data sync stopped working after the last update.
TKT02852,CUST0394,Onboarding,Medium,Resolved,2023-06-21,2023-06-22,41.4,,We need help setting up user roles and permissions.
TKT02853,CUST0149,Account Management,Medium,Resolved,2024-05-19,2024-05-20,26.3,,We need to add 10 more user seats to our plan.
TKT02854,CUST0438,Account Management,Low,Resolved,2025-07-23,2025-07-24,38.6,,We'd like to upgrade from Growth to Enterprise plan.
TKT02855,CUST0046,Onboarding,High,In Progress,2022-12-25,2022-12-25,23.6,5.0,Our team hasn't received the onboarding training invite.
TKT02856,CUST0279,Account Management,High,Resolved,2023-06-13,2023-06-13,14.2,5.0,We need to add 10 more user seats to our plan.
TKT02857,CUST0354,Integration,Medium,Resolved,2025-11-23,2025-11-23,11.2,,Our API key stopped working after a password reset.
TKT02858,CUST0155,Feature Request,Medium,In Progress,2023-04-20,2023-04-20,10.4,5.0,We need custom date range filters in the reports section.
TKT02859,CUST0065,Billing,Low,Resolved,2024-06-30,2024-07-02,50.7,1.0,I was charged twice this month for my subscription.
TKT02860,CUST0461,Billing,Critical,In Progress,2025-09-12,2025-09-12,7.1,4.0,My invoice doesn't match the amount on my credit card.
TKT02861,CUST0066,Billing,Medium,Resolved,2024-05-06,2024-05-07,27.4,4.0,I was charged twice this month for my subscription.
TKT02862,CUST0232,Account Management,Low,Resolved,2024-03-19,2024-03-21,62.5,4.0,We'd like to upgrade from Growth to Enterprise plan.
TKT02863,CUST0378,Account Management,Medium,In Progress,2023-08-19,2023-08-20,43.1,,We need to update our billing contact information.
TKT02864,CUST0219,Integration,Medium,Resolved,2023-01-28,2023-01-29,33.4,,Zapier connection keeps timing out.
TKT02865,CUST0163,Onboarding,Medium,Open,2024-02-17,2024-02-18,29.5,5.0,Can someone walk us through connecting our CRM?
TKT02866,CUST0416,Account Management,Low,Resolved,2025-03-18,2025-03-20,50.9,4.0,We need to add 10 more user seats to our plan.
TKT02867,CUST0083,Performance,Medium,Resolved,2025-09-06,2025-09-07,43.5,1.0,Bulk data export is timing out for large datasets.
TKT02868,CUST0009,Integration,Medium,Resolved,2025-08-16,2025-08-17,46.6,5.0,The Salesforce integration is not syncing contacts properly.
TKT02869,CUST0394,Billing,Medium,Resolved,2024-02-18,2024-02-20,59.4,2.0,My invoice doesn't match the amount on my credit card.
TKT02870,CUST0334,Feature Request,Medium,Open,2024-10-03,2024-10-03,22.5,4.0,We'd love a Slack integration for real-time alerts.
TKT02871,CUST0186,Performance,Critical,In Progress,2025-05-31,2025-05-31,12.5,2.0,The platform is very slow during peak hours (9-11am EST).
TKT02872,CUST0259,Account Management,Low,Resolved,2024-03-16,2024-03-17,33.1,5.0,We need to update our billing contact information.
TKT02873,CUST0466,Account Management,Low,Open,2023-01-15,2023-01-17,63.4,3.0,We'd like to upgrade from Growth to Enterprise plan.
TKT02874,CUST0374,Onboarding,Medium,Resolved,2025-09-17,2025-09-18,41.1,3.0,We need help setting up user roles and permissions.
TKT02875,CUST0180,Billing,Medium,Resolved,2023-03-18,2023-03-19,29.6,,Can you clarify the pricing for adding more users?
TKT02876,CUST0128,Feature Request,Medium,Resolved,2022-05-06,2022-05-07,35.7,4.0,We need custom date range filters in the reports section.
TKT02877,CUST0471,Account Management,Critical,Resolved,2023-05-25,2023-05-25,3.0,,We'd like to upgrade from Growth to Enterprise plan.
TKT02878,CUST0218,Onboarding,Medium,Resolved,2022-07-13,2022-07-14,40.0,4.0,Our team hasn't received the onboarding training invite.
TKT02879,CUST0209,Feature Request,Medium,Resolved,2022-09-25,2022-09-26,32.1,,We need custom date range filters in the reports section.
TKT02880,CUST0374,Feature Request,Medium,In Progress,2022-02-19,2022-02-20,32.2,3.0,Would be great to have a mobile app version.
TKT02881,CUST0054,Onboarding,Medium,Resolved,2025-02-21,2025-02-22,36.4,,The setup wizard keeps freezing at Step 3.
TKT02882,CUST0270,Account Management,Low,In Progress,2022-10-14,2022-10-17,88.9,2.0,We need to add 10 more user seats to our plan.
TKT02883,CUST0096,Feature Request,Medium,Resolved,2022-09-25,2022-09-26,34.8,5.0,We need custom date range filters in the reports section.
TKT02884,CUST0207,Technical Issue,Low,Resolved,2023-06-09,2023-06-12,81.4,5.0,Export to CSV is producing empty files.
TKT02885,CUST0240,Onboarding,Medium,In Progress,2023-01-08,2023-01-09,42.0,,Can someone walk us through connecting our CRM?
TKT02886,CUST0206,Integration,High,Resolved,2022-08-24,2022-08-24,17.7,,We need help setting up the webhook for order updates.
TKT02887,CUST0237,Billing,Low,Resolved,2025-11-09,2025-11-13,114.1,3.0,Requesting a refund for unused seats on our plan.
TKT02888,CUST0233,Billing,Medium,Resolved,2023-11-01,2023-11-01,8.3,,The upgrade price shown in the app is different from what I was charged.
TKT02889,CUST0171,Performance,Medium,Resolved,2022-03-31,2022-04-01,27.4,5.0,Dashboard charts lag when we have more than 5 filters active.
TKT02890,CUST0059,Technical Issue,Medium,Resolved,2023-05-27,2023-05-27,20.4,1.0,Login page throws an error when using SSO.
TKT02891,CUST0121,Technical Issue,Medium,Resolved,2023-08-10,2023-08-11,29.6,3.0,Export to CSV is producing empty files.
TKT02892,CUST0147,Account Management,Critical,In Progress,2025-01-13,2025-01-13,7.6,1.0,Can we change the primary account admin?
TKT02893,CUST0414,Technical Issue,Medium,Resolved,2024-09-24,2024-09-25,25.0,4.0,Login page throws an error when using SSO.
TKT02894,CUST0135,Billing,Low,Resolved,2025-03-31,2025-04-04,113.9,,I was charged twice this month for my subscription.
TKT02895,CUST0398,Onboarding,High,In Progress,2025-03-09,2025-03-09,16.1,3.0,Our team hasn't received the onboarding training invite.
TKT02896,CUST0260,Account Management,Medium,Resolved,2023-10-04,2023-10-05,28.8,,We need to add 10 more user seats to our plan.
TKT02897,CUST0069,Onboarding,Medium,In Progress,2022-10-05,2022-10-06,43.5,5.0,We are stuck on the data migration step — need guidance.
TKT02898,CUST0198,Performance,Medium,Resolved,2023-11-24,2023-11-24,15.8,3.0,API response times have increased significantly this week.
TKT02899,CUST0231,Feature Request,Low,Resolved,2025-03-13,2025-03-16,89.5,,Would be great to have a mobile app version.
TKT02900,CUST0099,Billing,High,Resolved,2025-01-06,2025-01-06,15.1,,Can you clarify the pricing for adding more users?
TKT02901,CUST0442,Onboarding,Low,Open,2022-07-18,2022-07-22,108.1,3.0,We need help setting up user roles and permissions.
TKT02902,CUST0017,Technical Issue,Medium,In Progress,2023-05-17,2023-05-18,26.6,,Our data sync stopped working after the last update.
TKT02903,CUST0328,Feature Request,Medium,In Progress,2022-09-23,2022-09-24,29.0,3.0,Would be great to have a mobile app version.
TKT02904,CUST0164,Onboarding,Low,Resolved,2024-04-27,2024-04-28,27.1,,We are stuck on the data migration step — need guidance.
TKT02905,CUST0279,Billing,Medium,Resolved,2022-09-04,2022-09-05,42.5,5.0,I was charged twice this month for my subscription.
TKT02906,CUST0127,Billing,Low,In Progress,2023-02-04,2023-02-06,56.8,,The upgrade price shown in the app is different from what I was charged.
TKT02907,CUST0377,Onboarding,Medium,Resolved,2025-09-04,2025-09-05,41.9,,Our team hasn't received the onboarding training invite.
TKT02908,CUST0037,Billing,Critical,Resolved,2025-01-15,2025-01-15,2.3,2.0,My invoice doesn't match the amount on my credit card.
TKT02909,CUST0363,Integration,Medium,Resolved,2025-08-19,2025-08-20,37.9,,Our API key stopped working after a password reset.
TKT02910,CUST0436,Performance,Low,In Progress,2025-03-30,2025-04-02,95.4,,Reports are taking over 2 minutes to load.
TKT02911,CUST0348,Technical Issue,Medium,Resolved,2022-10-02,2022-10-03,32.8,,Notifications are not being delivered to our team emails.
TKT02912,CUST0421,Technical Issue,Medium,Resolved,2024-04-17,2024-04-17,16.7,3.0,Export to CSV is producing empty files.
TKT02913,CUST0361,Onboarding,Low,Resolved,2025-04-08,2025-04-13,127.3,4.0,The setup wizard keeps freezing at Step 3.
TKT02914,CUST0180,Integration,Low,Resolved,2025-06-02,2025-06-04,54.6,2.0,Zapier connection keeps timing out.
TKT02915,CUST0435,Integration,Medium,Resolved,2024-07-21,2024-07-22,41.8,,HubSpot integration is duplicating records.
TKT02916,CUST0135,Onboarding,Medium,Resolved,2025-08-19,2025-08-20,45.8,4.0,We are stuck on the data migration step — need guidance.
TKT02917,CUST0014,Feature Request,Medium,Resolved,2025-02-10,2025-02-11,27.5,,Can you add a bulk user import via CSV?
TKT02918,CUST0045,Feature Request,Medium,Resolved,2025-05-16,2025-05-17,34.8,,Would be great to have a mobile app version.
TKT02919,CUST0220,Onboarding,Medium,Resolved,2025-07-08,2025-07-09,34.3,3.0,Can someone walk us through connecting our CRM?
TKT02920,CUST0470,Integration,Medium,Resolved,2025-11-13,2025-11-13,11.8,4.0,HubSpot integration is duplicating records.
TKT02921,CUST0037,Integration,Critical,Resolved,2022-09-05,2022-09-05,6.9,,Our API key stopped working after a password reset.
TKT02922,CUST0265,Feature Request,Medium,Resolved,2024-09-17,2024-09-17,18.8,,We'd love a Slack integration for real-time alerts.
TKT02923,CUST0090,Onboarding,Low,Escalated,2024-11-24,2024-11-27,93.9,5.0,We are stuck on the data migration step — need guidance.
TKT02924,CUST0253,Performance,Low,Resolved,2022-02-13,2022-02-18,133.8,1.0,Bulk data export is timing out for large datasets.
TKT02925,CUST0011,Billing,Medium,Resolved,2024-10-16,2024-10-17,31.1,,Requesting a refund for unused seats on our plan.
TKT02926,CUST0352,Technical Issue,Medium,In Progress,2025-06-17,2025-06-17,13.2,5.0,Export to CSV is producing empty files.
TKT02927,CUST0216,Integration,Low,Resolved,2025-11-09,2025-11-11,63.4,5.0,The Salesforce integration is not syncing contacts properly.
TKT02928,CUST0174,Performance,Medium,Resolved,2022-08-16,2022-08-16,13.1,,The platform is very slow during peak hours (9-11am EST).
TKT02929,CUST0096,Feature Request,Medium,Resolved,2025-10-31,2025-10-31,19.4,3.0,We'd love a Slack integration for real-time alerts.
TKT02930,CUST0467,Feature Request,Low,Resolved,2025-11-19,2025-11-20,43.0,4.0,Can you add a bulk user import via CSV?
TKT02931,CUST0138,Account Management,Medium,In Progress,2025-06-26,2025-06-29,72.9,4.0,Please help us set up SSO for our organization.
TKT02932,CUST0429,Feature Request,Medium,Resolved,2024-09-19,2024-09-19,19.6,3.0,Would be great to have a mobile app version.
TKT02933,CUST0226,Technical Issue,Medium,Resolved,2025-05-20,2025-05-20,9.2,5.0,The dashboard is not loading — getting a 504 error.
TKT02934,CUST0354,Account Management,Medium,Resolved,2023-07-01,2023-07-02,33.6,5.0,We need to add 10 more user seats to our plan.
TKT02935,CUST0420,Feature Request,High,Resolved,2022-10-03,2022-10-03,3.0,,Can you add a bulk user import via CSV?
TKT02936,CUST0400,Account Management,Medium,Escalated,2023-12-07,2023-12-08,26.3,,Please help us set up SSO for our organization.
TKT02937,CUST0397,Performance,High,Open,2024-10-23,2024-10-23,20.7,4.0,Bulk data export is timing out for large datasets.
TKT02938,CUST0178,Technical Issue,Medium,Open,2024-04-27,2024-04-29,48.5,3.0,The dashboard is not loading — getting a 504 error.
TKT02939,CUST0219,Account Management,Medium,Resolved,2024-10-22,2024-10-23,27.1,,Please help us set up SSO for our organization.
TKT02940,CUST0499,Integration,Medium,Resolved,2023-04-05,2023-04-05,9.8,,Our API key stopped working after a password reset.
TKT02941,CUST0208,Performance,Low,Resolved,2023-05-26,2023-05-28,65.9,3.0,The platform is very slow during peak hours (9-11am EST).
TKT02942,CUST0326,Performance,Critical,Resolved,2023-08-10,2023-08-10,4.8,,Reports are taking over 2 minutes to load.
TKT02943,CUST0160,Feature Request,Low,Resolved,2025-09-26,2025-09-29,77.7,,Can you add a bulk user import via CSV?
TKT02944,CUST0219,Integration,High,Resolved,2025-08-21,2025-08-21,4.3,,The Salesforce integration is not syncing contacts properly.
TKT02945,CUST0332,Billing,Low,Resolved,2025-08-13,2025-08-15,55.7,5.0,Can you clarify the pricing for adding more users?
TKT02946,CUST0289,Feature Request,Low,Resolved,2025-03-23,2025-03-25,61.8,,Can you add a bulk user import via CSV?
TKT02947,CUST0477,Performance,Low,Resolved,2022-06-06,2022-06-08,68.4,4.0,Reports are taking over 2 minutes to load.
TKT02948,CUST0003,Account Management,Low,In Progress,2025-11-21,2025-11-23,51.2,4.0,We'd like to upgrade from Growth to Enterprise plan.
TKT02949,CUST0100,Onboarding,Low,Resolved,2023-06-25,2023-06-29,101.2,3.0,We need help setting up user roles and permissions.
TKT02950,CUST0051,Feature Request,Low,Escalated,2024-05-01,2024-05-03,65.3,,Please add a dark mode option to the dashboard.
TKT02951,CUST0106,Performance,Medium,Resolved,2024-09-09,2024-09-09,23.6,5.0,API response times have increased significantly this week.
TKT02952,CUST0259,Onboarding,Low,In Progress,2025-07-18,2025-07-21,77.1,5.0,Can someone walk us through connecting our CRM?
TKT02953,CUST0197,Feature Request,Critical,Resolved,2023-10-10,2023-10-10,4.7,,Please add a dark mode option to the dashboard.
TKT02954,CUST0405,Integration,Medium,In Progress,2023-10-14,2023-10-14,23.2,,We need help setting up the webhook for order updates.
TKT02955,CUST0377,Billing,Medium,Resolved,2022-02-26,2022-02-27,42.4,,I was charged twice this month for my subscription.
TKT02956,CUST0215,Billing,Medium,In Progress,2025-11-28,2025-11-30,66.9,,My invoice doesn't match the amount on my credit card.
TKT02957,CUST0410,Integration,High,Resolved,2023-09-11,2023-09-11,22.4,5.0,We need help setting up the webhook for order updates.
TKT02958,CUST0165,Feature Request,Medium,Resolved,2022-07-12,2022-07-13,33.6,3.0,Can you add a bulk user import via CSV?
TKT02959,CUST0266,Technical Issue,Medium,Resolved,2023-03-06,2023-03-06,12.4,5.0,Our data sync stopped working after the last update.
TKT02960,CUST0471,Feature Request,Low,Open,2023-04-29,2023-05-02,79.1,4.0,Would be great to have a mobile app version.
TKT02961,CUST0104,Technical Issue,High,Resolved,2025-11-20,2025-11-20,13.4,3.0,Export to CSV is producing empty files.
TKT02962,CUST0429,Onboarding,Low,Resolved,2022-07-28,2022-07-31,79.1,5.0,Can someone walk us through connecting our CRM?
TKT02963,CUST0107,Feature Request,Low,Resolved,2023-08-03,2023-08-05,67.0,4.0,Can you add a bulk user import via CSV?
TKT02964,CUST0359,Billing,Low,Resolved,2022-07-24,2022-07-27,91.9,1.0,My invoice doesn't match the amount on my credit card.
TKT02965,CUST0039,Billing,Critical,In Progress,2022-01-06,2022-01-06,10.3,4.0,My invoice doesn't match the amount on my credit card.
TKT02966,CUST0141,Technical Issue,Low,Escalated,2025-10-24,2025-10-26,53.9,,Login page throws an error when using SSO.
TKT02967,CUST0107,Technical Issue,Medium,Resolved,2024-03-26,2024-03-26,19.1,5.0,Our data sync stopped working after the last update.
TKT02968,CUST0281,Performance,High,Open,2022-03-19,2022-03-19,19.9,3.0,Bulk data export is timing out for large datasets.
TKT02969,CUST0449,Billing,Low,In Progress,2025-08-03,2025-08-06,92.9,,Requesting a refund for unused seats on our plan.
TKT02970,CUST0049,Onboarding,Low,Resolved,2023-02-10,2023-02-13,72.1,4.0,We are stuck on the data migration step — need guidance.
TKT02971,CUST0382,Account Management,Medium,In Progress,2025-01-02,2025-01-02,22.5,5.0,Can we change the primary account admin?
TKT02972,CUST0126,Feature Request,Low,In Progress,2024-08-21,2024-08-23,56.1,,We'd love a Slack integration for real-time alerts.
TKT02973,CUST0475,Performance,High,Escalated,2023-05-01,2023-05-01,3.0,3.0,Reports are taking over 2 minutes to load.
TKT02974,CUST0314,Billing,Low,Resolved,2024-01-19,2024-01-21,71.2,3.0,The upgrade price shown in the app is different from what I was charged.
TKT02975,CUST0325,Technical Issue,Low,Resolved,2022-04-16,2022-04-18,60.5,,Export to CSV is producing empty files.
TKT02976,CUST0407,Performance,Low,Resolved,2023-11-16,2023-11-19,80.6,2.0,API response times have increased significantly this week.
TKT02977,CUST0285,Billing,Medium,Resolved,2022-11-12,2022-11-14,48.4,4.0,Requesting a refund for unused seats on our plan.
TKT02978,CUST0200,Integration,Medium,In Progress,2022-03-31,2022-04-02,68.8,4.0,Zapier connection keeps timing out.
TKT02979,CUST0431,Technical Issue,High,Resolved,2022-01-07,2022-01-07,19.4,2.0,Login page throws an error when using SSO.
TKT02980,CUST0001,Integration,Medium,Resolved,2022-01-21,2022-01-21,20.2,4.0,The Salesforce integration is not syncing contacts properly.
TKT02981,CUST0414,Feature Request,Low,Resolved,2024-04-24,2024-04-27,72.9,4.0,Would be great to have a mobile app version.
TKT02982,CUST0314,Performance,Critical,Resolved,2022-03-21,2022-03-21,5.5,4.0,API response times have increased significantly this week.
TKT02983,CUST0405,Performance,Medium,Resolved,2022-09-30,2022-09-30,23.3,,The platform is very slow during peak hours (9-11am EST).
TKT02984,CUST0123,Billing,Low,In Progress,2023-05-05,2023-05-09,117.9,1.0,The upgrade price shown in the app is different from what I was charged.
TKT02985,CUST0241,Account Management,High,Resolved,2023-05-20,2023-05-20,10.4,,We need to update our billing contact information.
TKT02986,CUST0344,Account Management,High,Escalated,2023-09-09,2023-09-09,23.6,,We need to add 10 more user seats to our plan.
TKT02987,CUST0079,Integration,Medium,Resolved,2022-10-01,2022-10-02,40.6,,HubSpot integration is duplicating records.
TKT02988,CUST0439,Account Management,Low,In Progress,2022-01-05,2022-01-10,120.9,,We'd like to upgrade from Growth to Enterprise plan.
TKT02989,CUST0153,Technical Issue,Low,Resolved,2025-05-02,2025-05-03,35.2,,The dashboard is not loading — getting a 504 error.
TKT02990,CUST0354,Technical Issue,High,Resolved,2022-04-25,2022-04-25,2.3,,Our data sync stopped working after the last update.
TKT02991,CUST0481,Integration,Low,Resolved,2025-09-12,2025-09-15,72.4,,Zapier connection keeps timing out.
TKT02992,CUST0329,Integration,High,Open,2025-03-07,2025-03-07,4.1,4.0,Zapier connection keeps timing out.
TKT02993,CUST0310,Feature Request,Critical,Resolved,2022-08-27,2022-08-27,5.5,4.0,Can you add a bulk user import via CSV?
TKT02994,CUST0458,Performance,Medium,Resolved,2023-07-17,2023-07-18,24.3,4.0,Bulk data export is timing out for large datasets.
TKT02995,CUST0394,Integration,High,Resolved,2025-05-05,2025-05-06,33.8,3.0,Zapier connection keeps timing out.
TKT02996,CUST0464,Feature Request,Low,Resolved,2023-01-23,2023-01-24,24.0,5.0,We'd love a Slack integration for real-time alerts.
TKT02997,CUST0459,Technical Issue,Medium,Open,2022-09-21,2022-09-22,27.4,,The dashboard is not loading — getting a 504 error.
TKT02998,CUST0172,Onboarding,Medium,Resolved,2022-12-02,2022-12-03,24.9,3.0,Can someone walk us through connecting our CRM?
TKT02999,CUST0075,Feature Request,Medium,In Progress,2025-05-10,2025-05-11,34.7,5.0,We need custom date range filters in the reports section.
TKT03000,CUST0101,Integration,Medium,Resolved,2023-01-09,2023-01-11,57.0,,HubSpot integration is duplicating records.
TKT03001,CUST0144,Onboarding,Low,Resolved,2022-11-24,2022-11-25,35.9,5.0,Our team hasn't received the onboarding training invite.
TKT03002,CUST0370,Account Management,Low,Resolved,2024-10-21,2024-10-24,91.6,5.0,Can we change the primary account admin?
TKT03003,CUST0308,Billing,Medium,In Progress,2024-09-20,2024-09-21,35.3,5.0,Requesting a refund for unused seats on our plan.
TKT03004,CUST0419,Account Management,Low,Resolved,2025-11-08,2025-11-09,30.9,,We need to add 10 more user seats to our plan.
TKT03005,CUST0174,Technical Issue,Low,Resolved,2022-11-14,2022-11-15,42.1,4.0,The dashboard is not loading — getting a 504 error.
TKT03006,CUST0422,Performance,Medium,Resolved,2025-03-24,2025-03-25,36.2,5.0,Bulk data export is timing out for large datasets.
TKT03007,CUST0213,Technical Issue,Medium,Resolved,2025-06-10,2025-06-12,57.1,,Login page throws an error when using SSO.
TKT03008,CUST0181,Technical Issue,High,Open,2025-02-06,2025-02-06,20.0,3.0,Our data sync stopped working after the last update.
TKT03009,CUST0229,Integration,Medium,Resolved,2025-04-07,2025-04-07,22.6,5.0,HubSpot integration is duplicating records.
TKT03010,CUST0125,Account Management,Low,Resolved,2025-08-01,2025-08-04,77.6,4.0,We'd like to upgrade from Growth to Enterprise plan.
TKT03011,CUST0031,Integration,Medium,Resolved,2023-01-15,2023-01-15,21.8,3.0,Zapier connection keeps timing out.
TKT03012,CUST0358,Performance,Low,Resolved,2022-01-12,2022-01-14,58.7,3.0,API response times have increased significantly this week.
TKT03013,CUST0417,Feature Request,Medium,Resolved,2023-09-03,2023-09-03,23.8,4.0,Please add a dark mode option to the dashboard.
TKT03014,CUST0318,Billing,Low,Resolved,2023-05-27,2023-05-30,77.3,4.0,Requesting a refund for unused seats on our plan.
TKT03015,CUST0327,Account Management,Medium,Open,2022-10-07,2022-10-08,34.6,,We need to add 10 more user seats to our plan.
TKT03016,CUST0171,Account Management,Low,In Progress,2025-10-31,2025-11-02,50.6,5.0,We'd like to upgrade from Growth to Enterprise plan.
TKT03017,CUST0053,Account Management,Low,Open,2025-09-29,2025-09-30,45.6,3.0,We'd like to upgrade from Growth to Enterprise plan.
TKT03018,CUST0092,Performance,Medium,In Progress,2022-05-27,2022-05-27,13.7,4.0,Dashboard charts lag when we have more than 5 filters active.
TKT03019,CUST0260,Billing,High,Resolved,2025-03-12,2025-03-12,20.2,5.0,Requesting a refund for unused seats on our plan.
TKT03020,CUST0155,Onboarding,Low,In Progress,2023-02-15,2023-02-17,54.5,,The setup wizard keeps freezing at Step 3.
TKT03021,CUST0167,Account Management,Low,Escalated,2022-11-16,2022-11-17,41.1,2.0,Can we change the primary account admin?
TKT03022,CUST0325,Billing,Low,Resolved,2023-03-28,2023-03-29,45.5,,My invoice doesn't match the amount on my credit card.
TKT03023,CUST0177,Technical Issue,High,Resolved,2025-12-27,2025-12-27,7.9,3.0,Notifications are not being delivered to our team emails.
TKT03024,CUST0347,Account Management,High,Resolved,2024-12-28,2024-12-28,7.4,5.0,We'd like to upgrade from Growth to Enterprise plan.
TKT03025,CUST0496,Billing,Medium,Resolved,2023-01-17,2023-01-17,14.5,5.0,The upgrade price shown in the app is different from what I was charged.
TKT03026,CUST0228,Feature Request,Medium,Resolved,2024-08-07,2024-08-07,10.5,5.0,We need custom date range filters in the reports section.
TKT03027,CUST0084,Integration,Medium,Resolved,2023-04-22,2023-04-22,9.5,5.0,The Salesforce integration is not syncing contacts properly.
TKT03028,CUST0041,Performance,Low,Escalated,2022-05-22,2022-05-25,76.8,,Bulk data export is timing out for large datasets.
TKT03029,CUST0497,Feature Request,Medium,Resolved,2022-01-19,2022-01-20,36.6,3.0,Can you add a bulk user import via CSV?
TKT03030,CUST0379,Integration,Medium,Resolved,2025-04-15,2025-04-16,34.1,,Our API key stopped working after a password reset.
TKT03031,CUST0424,Billing,Medium,Open,2022-05-07,2022-05-08,25.6,5.0,I was charged twice this month for my subscription.
TKT03032,CUST0413,Feature Request,High,Resolved,2022-12-21,2022-12-22,24.0,,Would be great to have a mobile app version.
TKT03033,CUST0366,Onboarding,Low,Resolved,2023-06-27,2023-06-29,48.3,,Can someone walk us through connecting our CRM?
TKT03034,CUST0434,Feature Request,Medium,Resolved,2023-02-28,2023-02-28,17.6,3.0,We'd love a Slack integration for real-time alerts.
TKT03035,CUST0187,Performance,Medium,Resolved,2024-07-22,2024-07-23,30.0,,Dashboard charts lag when we have more than 5 filters active.
TKT03036,CUST0221,Onboarding,Critical,Resolved,2024-01-03,2024-01-03,5.5,,The setup wizard keeps freezing at Step 3.
TKT03037,CUST0177,Billing,Medium,In Progress,2022-02-13,2022-02-14,30.7,,My invoice doesn't match the amount on my credit card.
TKT03038,CUST0243,Billing,Medium,Resolved,2022-05-14,2022-05-14,21.7,,The upgrade price shown in the app is different from what I was charged.
TKT03039,CUST0494,Feature Request,Low,In Progress,2022-06-12,2022-06-15,89.3,5.0,We need custom date range filters in the reports section.
TKT03040,CUST0132,Technical Issue,High,Resolved,2025-06-16,2025-06-16,6.2,,Login page throws an error when using SSO.
TKT03041,CUST0439,Onboarding,Critical,In Progress,2022-01-22,2022-01-22,8.7,4.0,Our team hasn't received the onboarding training invite.
TKT03042,CUST0179,Technical Issue,Low,Resolved,2025-12-02,2025-12-03,26.6,,The dashboard is not loading — getting a 504 error.
TKT03043,CUST0004,Onboarding,Low,Resolved,2022-03-07,2022-03-09,63.3,4.0,Our team hasn't received the onboarding training invite.
TKT03044,CUST0011,Integration,Medium,Open,2022-03-12,2022-03-14,60.1,2.0,Our API key stopped working after a password reset.
TKT03045,CUST0118,Account Management,Low,Open,2022-03-21,2022-03-22,31.1,,We need to update our billing contact information.
TKT03046,CUST0314,Integration,Low,Open,2022-06-02,2022-06-05,84.0,3.0,Our API key stopped working after a password reset.
TKT03047,CUST0014,Account Management,Medium,Resolved,2025-10-30,2025-10-31,28.2,,We need to update our billing contact information.
TKT03048,CUST0363,Billing,Critical,Resolved,2025-04-17,2025-04-17,3.1,2.0,Can you clarify the pricing for adding more users?
TKT03049,CUST0440,Feature Request,Medium,Resolved,2023-11-18,2023-11-20,58.2,3.0,Would be great to have a mobile app version.
TKT03050,CUST0183,Feature Request,Medium,Resolved,2023-09-03,2023-09-04,36.3,3.0,We need custom date range filters in the reports section.
TKT03051,CUST0331,Technical Issue,Medium,In Progress,2024-12-26,2024-12-27,45.5,5.0,Login page throws an error when using SSO.
TKT03052,CUST0458,Feature Request,Medium,Resolved,2022-06-20,2022-06-20,9.5,,Can you add a bulk user import via CSV?
TKT03053,CUST0374,Technical Issue,Medium,Open,2024-08-17,2024-08-17,13.9,,The dashboard is not loading — getting a 504 error.
TKT03054,CUST0253,Onboarding,Medium,Resolved,2024-11-24,2024-11-25,27.7,4.0,We need help setting up user roles and permissions.
TKT03055,CUST0253,Billing,Medium,Open,2022-10-03,2022-10-04,28.9,,Can you clarify the pricing for adding more users?
TKT03056,CUST0325,Feature Request,Low,Escalated,2025-11-23,2025-11-26,86.0,,We'd love a Slack integration for real-time alerts.
TKT03057,CUST0233,Integration,Low,Resolved,2025-02-24,2025-02-25,37.0,,We need help setting up the webhook for order updates.
TKT03058,CUST0425,Performance,Medium,In Progress,2022-12-02,2022-12-02,13.8,2.0,API response times have increased significantly this week.
TKT03059,CUST0167,Performance,Low,In Progress,2022-10-15,2022-10-18,82.3,4.0,Reports are taking over 2 minutes to load.
TKT03060,CUST0288,Account Management,Medium,In Progress,2025-04-16,2025-04-17,24.9,,We need to add 10 more user seats to our plan.
TKT03061,CUST0011,Integration,Low,Resolved,2025-10-11,2025-10-13,66.0,,HubSpot integration is duplicating records.
TKT03062,CUST0336,Performance,High,Open,2024-09-04,2024-09-04,10.6,4.0,Reports are taking over 2 minutes to load.
TKT03063,CUST0214,Technical Issue,High,Resolved,2023-02-28,2023-02-28,10.9,3.0,The dashboard is not loading — getting a 504 error.
TKT03064,CUST0360,Onboarding,Medium,Resolved,2024-10-07,2024-10-08,40.2,3.0,The setup wizard keeps freezing at Step 3.
TKT03065,CUST0331,Billing,Medium,Resolved,2023-11-27,2023-11-28,41.3,,Can you clarify the pricing for adding more users?
TKT03066,CUST0112,Billing,Medium,Open,2025-06-27,2025-06-27,15.5,,Can you clarify the pricing for adding more users?
TKT03067,CUST0425,Billing,Medium,Resolved,2024-01-30,2024-02-01,69.8,3.0,I was charged twice this month for my subscription.
TKT03068,CUST0384,Feature Request,High,Resolved,2022-09-17,2022-09-17,12.4,4.0,We'd love a Slack integration for real-time alerts.
TKT03069,CUST0358,Technical Issue,Medium,Resolved,2025-04-11,2025-04-12,32.4,,Login page throws an error when using SSO.
TKT03070,CUST0061,Account Management,Medium,Resolved,2022-08-13,2022-08-15,60.3,2.0,Please help us set up SSO for our organization.
TKT03071,CUST0135,Integration,Low,Resolved,2022-10-02,2022-10-07,134.9,,We need help setting up the webhook for order updates.
TKT03072,CUST0427,Performance,Low,Resolved,2022-09-01,2022-09-04,79.2,4.0,Bulk data export is timing out for large datasets.
TKT03073,CUST0355,Performance,High,Resolved,2023-07-26,2023-07-26,9.8,2.0,Reports are taking over 2 minutes to load.
TKT03074,CUST0229,Feature Request,Medium,Resolved,2025-09-23,2025-09-24,42.4,5.0,Please add a dark mode option to the dashboard.
TKT03075,CUST0276,Technical Issue,High,Resolved,2024-03-17,2024-03-17,2.8,,Notifications are not being delivered to our team emails.
TKT03076,CUST0218,Onboarding,Low,Escalated,2024-05-29,2024-05-31,55.8,4.0,Can someone walk us through connecting our CRM?
TKT03077,CUST0437,Technical Issue,High,Resolved,2023-10-28,2023-10-28,22.7,3.0,Export to CSV is producing empty files.
TKT03078,CUST0253,Feature Request,Low,Resolved,2022-10-07,2022-10-10,95.6,2.0,We'd love a Slack integration for real-time alerts.
TKT03079,CUST0023,Account Management,High,Resolved,2022-02-22,2022-02-22,6.6,3.0,We need to add 10 more user seats to our plan.
TKT03080,CUST0325,Technical Issue,High,In Progress,2022-01-12,2022-01-12,13.1,4.0,The dashboard is not loading — getting a 504 error.
TKT03081,CUST0208,Billing,Medium,Resolved,2025-06-12,2025-06-12,14.4,4.0,Can you clarify the pricing for adding more users?
TKT03082,CUST0408,Feature Request,Low,Resolved,2024-03-31,2024-04-02,52.7,4.0,We need custom date range filters in the reports section.
TKT03083,CUST0137,Integration,Low,Open,2023-04-03,2023-04-06,80.5,,We need help setting up the webhook for order updates.
TKT03084,CUST0223,Performance,Low,Resolved,2025-11-13,2025-11-15,57.9,4.0,The platform is very slow during peak hours (9-11am EST).
TKT03085,CUST0010,Feature Request,Low,Resolved,2025-08-20,2025-08-23,81.0,3.0,We need custom date range filters in the reports section.
TKT03086,CUST0435,Technical Issue,Medium,Resolved,2023-09-12,2023-09-13,42.1,5.0,Export to CSV is producing empty files.
TKT03087,CUST0463,Billing,Medium,In Progress,2025-04-18,2025-04-19,33.1,4.0,Requesting a refund for unused seats on our plan.
TKT03088,CUST0320,Integration,High,Resolved,2023-01-29,2023-01-30,26.7,3.0,Our API key stopped working after a password reset.
TKT03089,CUST0311,Billing,Medium,Resolved,2022-12-27,2022-12-28,27.7,,The upgrade price shown in the app is different from what I was charged.
TKT03090,CUST0402,Performance,Medium,In Progress,2023-06-07,2023-06-07,17.0,3.0,Dashboard charts lag when we have more than 5 filters active.
TKT03091,CUST0194,Account Management,Medium,Resolved,2022-03-17,2022-03-18,32.8,5.0,We'd like to upgrade from Growth to Enterprise plan.
TKT03092,CUST0115,Account Management,Medium,Resolved,2025-05-19,2025-05-19,20.2,3.0,We need to add 10 more user seats to our plan.
TKT03093,CUST0112,Performance,Low,In Progress,2025-12-26,2025-12-28,65.2,,Bulk data export is timing out for large datasets.
TKT03094,CUST0085,Performance,Medium,Open,2023-12-02,2023-12-02,14.3,,Dashboard charts lag when we have more than 5 filters active.
TKT03095,CUST0338,Billing,Medium,Open,2022-11-23,2022-11-23,12.5,4.0,The upgrade price shown in the app is different from what I was charged.
TKT03096,CUST0421,Integration,High,In Progress,2024-04-17,2024-04-17,3.0,,We need help setting up the webhook for order updates.
TKT03097,CUST0259,Integration,Medium,In Progress,2025-10-19,2025-10-19,14.4,5.0,Our API key stopped working after a password reset.
TKT03098,CUST0185,Integration,Low,Resolved,2025-03-26,2025-03-27,39.7,4.0,The Salesforce integration is not syncing contacts properly.
TKT03099,CUST0154,Performance,Low,Resolved,2023-11-21,2023-11-22,25.3,,API response times have increased significantly this week.
TKT03100,CUST0100,Integration,High,Open,2023-02-11,2023-02-12,29.5,4.0,HubSpot integration is duplicating records.
TKT03101,CUST0268,Billing,Critical,Resolved,2023-08-26,2023-08-26,5.3,3.0,My invoice doesn't match the amount on my credit card.
TKT03102,CUST0208,Account Management,Medium,Resolved,2023-04-07,2023-04-08,24.5,2.0,We need to add 10 more user seats to our plan.
TKT03103,CUST0480,Technical Issue,Low,Resolved,2022-02-04,2022-02-07,92.1,1.0,Notifications are not being delivered to our team emails.
TKT03104,CUST0150,Performance,Medium,Resolved,2024-10-13,2024-10-14,45.8,1.0,Bulk data export is timing out for large datasets.
TKT03105,CUST0364,Account Management,Medium,In Progress,2023-04-08,2023-04-09,44.5,,We'd like to upgrade from Growth to Enterprise plan.
TKT03106,CUST0037,Technical Issue,Medium,Resolved,2022-11-02,2022-11-04,51.4,3.0,Export to CSV is producing empty files.
TKT03107,CUST0045,Integration,Low,Open,2024-10-13,2024-10-15,64.3,,We need help setting up the webhook for order updates.
TKT03108,CUST0363,Feature Request,Low,Resolved,2023-12-18,2023-12-19,41.1,3.0,Can you add a bulk user import via CSV?
TKT03109,CUST0069,Billing,High,Resolved,2025-05-03,2025-05-03,9.8,5.0,I was charged twice this month for my subscription.
TKT03110,CUST0220,Onboarding,Medium,Resolved,2023-11-13,2023-11-13,21.4,,The setup wizard keeps freezing at Step 3.
TKT03111,CUST0384,Feature Request,Medium,Resolved,2025-07-28,2025-07-30,53.3,1.0,Can you add a bulk user import via CSV?
TKT03112,CUST0232,Technical Issue,Low,Resolved,2024-03-07,2024-03-08,28.9,,Export to CSV is producing empty files.
TKT03113,CUST0044,Feature Request,High,Resolved,2022-07-10,2022-07-10,20.3,3.0,Would be great to have a mobile app version.
TKT03114,CUST0213,Performance,Low,Resolved,2023-07-18,2023-07-22,97.0,2.0,Bulk data export is timing out for large datasets.
TKT03115,CUST0214,Feature Request,Medium,Resolved,2022-06-03,2022-06-04,41.2,,We need custom date range filters in the reports section.
TKT03116,CUST0382,Onboarding,Medium,Resolved,2022-05-04,2022-05-05,38.5,,Can someone walk us through connecting our CRM?
TKT03117,CUST0253,Performance,Low,In Progress,2022-06-26,2022-06-30,107.0,1.0,Reports are taking over 2 minutes to load.
TKT03118,CUST0302,Technical Issue,Medium,In Progress,2025-10-17,2025-10-18,28.4,,Export to CSV is producing empty files.
TKT03119,CUST0336,Onboarding,High,Resolved,2024-07-02,2024-07-02,13.4,5.0,Can someone walk us through connecting our CRM?
TKT03120,CUST0196,Feature Request,Low,Resolved,2022-10-02,2022-10-03,40.2,4.0,We'd love a Slack integration for real-time alerts.
TKT03121,CUST0059,Technical Issue,Medium,In Progress,2025-09-11,2025-09-13,69.0,2.0,Login page throws an error when using SSO.
TKT03122,CUST0409,Account Management,Medium,In Progress,2024-06-02,2024-06-03,46.6,,Can we change the primary account admin?
TKT03123,CUST0193,Onboarding,Medium,Resolved,2023-01-02,2023-01-03,41.9,3.0,The setup wizard keeps freezing at Step 3.
TKT03124,CUST0399,Feature Request,Medium,Resolved,2024-11-10,2024-11-11,38.2,3.0,Would be great to have a mobile app version.
TKT03125,CUST0318,Feature Request,Medium,Resolved,2024-03-28,2024-03-29,34.3,3.0,Can you add a bulk user import via CSV?
TKT03126,CUST0439,Integration,Low,Resolved,2022-03-10,2022-03-13,76.6,4.0,We need help setting up the webhook for order updates.
TKT03127,CUST0449,Performance,Medium,In Progress,2025-06-03,2025-06-04,34.5,3.0,Reports are taking over 2 minutes to load.
TKT03128,CUST0374,Performance,Medium,Resolved,2025-11-16,2025-11-17,43.0,,Dashboard charts lag when we have more than 5 filters active.
TKT03129,CUST0440,Technical Issue,Medium,Resolved,2023-11-10,2023-11-12,70.7,,Notifications are not being delivered to our team emails.
TKT03130,CUST0436,Feature Request,High,Resolved,2024-11-26,2024-11-26,7.1,5.0,Please add a dark mode option to the dashboard.
TKT03131,CUST0068,Account Management,Medium,Resolved,2025-11-12,2025-11-13,34.5,3.0,We need to update our billing contact information.
TKT03132,CUST0139,Account Management,High,Open,2023-07-29,2023-07-29,3.3,4.0,We need to update our billing contact information.
TKT03133,CUST0155,Performance,Medium,Open,2024-12-11,2024-12-11,23.4,5.0,API response times have increased significantly this week.
TKT03134,CUST0286,Performance,Medium,Resolved,2025-01-09,2025-01-10,36.5,4.0,The platform is very slow during peak hours (9-11am EST).
TKT03135,CUST0158,Onboarding,High,Resolved,2022-08-01,2022-08-01,4.5,4.0,Our team hasn't received the onboarding training invite.
TKT03136,CUST0483,Integration,Low,Open,2024-04-12,2024-04-13,32.8,3.0,The Salesforce integration is not syncing contacts properly.
TKT03137,CUST0109,Onboarding,High,Resolved,2022-06-25,2022-06-25,7.2,4.0,Our team hasn't received the onboarding training invite.
TKT03138,CUST0011,Performance,Medium,Resolved,2023-03-18,2023-03-20,70.8,1.0,Dashboard charts lag when we have more than 5 filters active.
TKT03139,CUST0444,Account Management,Medium,Open,2024-05-18,2024-05-18,23.7,4.0,We need to update our billing contact information.
TKT03140,CUST0268,Performance,Medium,Resolved,2024-06-02,2024-06-03,27.2,3.0,Reports are taking over 2 minutes to load.
TKT03141,CUST0093,Feature Request,Medium,Resolved,2025-07-12,2025-07-13,33.2,,We need custom date range filters in the reports section.
TKT03142,CUST0500,Integration,Medium,Resolved,2022-03-28,2022-03-29,47.5,4.0,We need help setting up the webhook for order updates.
TKT03143,CUST0138,Integration,Medium,Resolved,2024-01-06,2024-01-07,42.3,,We need help setting up the webhook for order updates.
TKT03144,CUST0355,Technical Issue,Low,Open,2023-10-09,2023-10-15,153.2,1.0,The dashboard is not loading — getting a 504 error.
TKT03145,CUST0097,Feature Request,High,Resolved,2023-04-02,2023-04-02,19.1,,Please add a dark mode option to the dashboard.
TKT03146,CUST0147,Onboarding,High,Escalated,2022-07-16,2022-07-17,37.1,3.0,We need help setting up user roles and permissions.
TKT03147,CUST0440,Technical Issue,High,Resolved,2025-02-15,2025-02-15,7.2,1.0,Login page throws an error when using SSO.
TKT03148,CUST0310,Billing,Medium,Resolved,2022-02-23,2022-02-24,25.4,4.0,Can you clarify the pricing for adding more users?
TKT03149,CUST0446,Billing,Low,Resolved,2024-03-12,2024-03-15,88.9,,My invoice doesn't match the amount on my credit card.
TKT03150,CUST0099,Onboarding,High,Resolved,2022-11-27,2022-11-27,9.7,3.0,The setup wizard keeps freezing at Step 3.
TKT03151,CUST0356,Performance,Medium,Resolved,2022-12-25,2022-12-26,40.6,,Reports are taking over 2 minutes to load.
TKT03152,CUST0486,Feature Request,Medium,Resolved,2024-07-12,2024-07-12,21.1,3.0,Please add a dark mode option to the dashboard.
TKT03153,CUST0343,Integration,Medium,Resolved,2025-03-15,2025-03-16,38.5,4.0,The Salesforce integration is not syncing contacts properly.
TKT03154,CUST0360,Account Management,Medium,Resolved,2024-01-09,2024-01-10,40.2,2.0,We'd like to upgrade from Growth to Enterprise plan.
TKT03155,CUST0096,Billing,Low,Resolved,2023-06-29,2023-07-02,81.7,,Requesting a refund for unused seats on our plan.
TKT03156,CUST0412,Account Management,Low,Resolved,2024-03-22,2024-03-25,87.0,5.0,Can we change the primary account admin?
TKT03157,CUST0222,Technical Issue,Medium,Resolved,2023-09-08,2023-09-09,47.3,4.0,Notifications are not being delivered to our team emails.
TKT03158,CUST0060,Billing,Medium,Resolved,2023-02-02,2023-02-03,38.1,4.0,My invoice doesn't match the amount on my credit card.
TKT03159,CUST0325,Billing,Medium,Resolved,2025-12-24,2025-12-25,39.4,,Can you clarify the pricing for adding more users?
TKT03160,CUST0316,Integration,High,Resolved,2022-06-06,2022-06-06,4.0,4.0,We need help setting up the webhook for order updates.
TKT03161,CUST0109,Performance,High,Resolved,2025-07-15,2025-07-15,9.5,5.0,Dashboard charts lag when we have more than 5 filters active.
TKT03162,CUST0087,Billing,Medium,Resolved,2023-03-01,2023-03-02,28.1,,I was charged twice this month for my subscription.
TKT03163,CUST0477,Billing,Low,Open,2022-11-06,2022-11-09,76.1,3.0,Can you clarify the pricing for adding more users?
TKT03164,CUST0498,Integration,High,Resolved,2022-03-25,2022-03-25,6.9,3.0,HubSpot integration is duplicating records.
TKT03165,CUST0153,Onboarding,Critical,Resolved,2022-06-11,2022-06-11,4.0,3.0,Can someone walk us through connecting our CRM?
TKT03166,CUST0487,Technical Issue,Low,In Progress,2022-03-05,2022-03-06,24.4,5.0,Export to CSV is producing empty files.
TKT03167,CUST0267,Billing,Low,Resolved,2025-12-06,2025-12-09,79.4,,Requesting a refund for unused seats on our plan.
TKT03168,CUST0124,Onboarding,Low,Open,2024-01-03,2024-01-06,95.3,,We are stuck on the data migration step — need guidance.
TKT03169,CUST0056,Billing,High,Resolved,2023-12-06,2023-12-06,7.9,5.0,Can you clarify the pricing for adding more users?
TKT03170,CUST0042,Account Management,Medium,In Progress,2025-05-04,2025-05-05,37.4,,Please help us set up SSO for our organization.
TKT03171,CUST0454,Integration,High,Resolved,2022-04-07,2022-04-08,24.4,,We need help setting up the webhook for order updates.
TKT03172,CUST0251,Performance,Medium,Escalated,2025-12-03,2025-12-05,49.2,,Bulk data export is timing out for large datasets.
TKT03173,CUST0155,Integration,Medium,Resolved,2024-03-25,2024-03-25,9.0,3.0,The Salesforce integration is not syncing contacts properly.
TKT03174,CUST0267,Billing,Low,Escalated,2022-06-18,2022-06-20,48.5,5.0,My invoice doesn't match the amount on my credit card.
TKT03175,CUST0214,Billing,Medium,Resolved,2023-08-21,2023-08-22,26.3,,My invoice doesn't match the amount on my credit card.
TKT03176,CUST0459,Integration,Medium,In Progress,2022-09-16,2022-09-16,10.4,4.0,The Salesforce integration is not syncing contacts properly.
TKT03177,CUST0191,Technical Issue,Medium,Resolved,2025-07-15,2025-07-16,47.4,4.0,Our data sync stopped working after the last update.
TKT03178,CUST0395,Feature Request,Critical,Escalated,2022-12-20,2022-12-20,12.0,1.0,Please add a dark mode option to the dashboard.
TKT03179,CUST0254,Billing,Low,Escalated,2023-07-20,2023-07-22,63.7,4.0,Requesting a refund for unused seats on our plan.
TKT03180,CUST0050,Performance,Medium,In Progress,2023-03-07,2023-03-07,14.5,,Bulk data export is timing out for large datasets.
TKT03181,CUST0327,Onboarding,High,In Progress,2025-10-08,2025-10-08,23.0,,We are stuck on the data migration step — need guidance.
TKT03182,CUST0290,Technical Issue,Medium,Resolved,2025-03-06,2025-03-06,19.1,,Notifications are not being delivered to our team emails.
TKT03183,CUST0297,Billing,Medium,Resolved,2024-03-30,2024-03-31,27.9,5.0,Requesting a refund for unused seats on our plan.
TKT03184,CUST0260,Account Management,Medium,Resolved,2024-10-29,2024-10-30,42.0,5.0,We need to add 10 more user seats to our plan.
TKT03185,CUST0097,Integration,Low,Resolved,2025-04-23,2025-04-24,25.0,5.0,HubSpot integration is duplicating records.
TKT03186,CUST0074,Feature Request,High,Resolved,2025-01-10,2025-01-10,20.2,5.0,Can you add a bulk user import via CSV?
TKT03187,CUST0420,Integration,Low,Resolved,2024-09-06,2024-09-07,25.7,3.0,The Salesforce integration is not syncing contacts properly.
TKT03188,CUST0189,Integration,High,Resolved,2024-04-18,2024-04-18,14.5,5.0,Our API key stopped working after a password reset.
TKT03189,CUST0032,Onboarding,Low,Resolved,2024-07-28,2024-08-03,147.5,,Our team hasn't received the onboarding training invite.
TKT03190,CUST0012,Performance,Medium,Resolved,2025-11-16,2025-11-17,34.2,3.0,Bulk data export is timing out for large datasets.
TKT03191,CUST0037,Integration,Low,Resolved,2025-12-25,2025-12-30,135.7,4.0,The Salesforce integration is not syncing contacts properly.
TKT03192,CUST0496,Feature Request,Medium,Resolved,2024-01-03,2024-01-03,20.2,5.0,Can you add a bulk user import via CSV?
TKT03193,CUST0341,Feature Request,Medium,Resolved,2022-08-01,2022-08-01,13.3,3.0,Please add a dark mode option to the dashboard.
TKT03194,CUST0168,Technical Issue,Medium,Resolved,2024-02-28,2024-02-28,22.2,4.0,The dashboard is not loading — getting a 504 error.
TKT03195,CUST0052,Technical Issue,Medium,Resolved,2025-11-18,2025-11-19,39.2,5.0,Login page throws an error when using SSO.
TKT03196,CUST0467,Account Management,Low,Resolved,2023-01-26,2023-01-30,114.6,,Can we change the primary account admin?
TKT03197,CUST0056,Onboarding,High,Escalated,2022-08-13,2022-08-13,4.4,4.0,We need help setting up user roles and permissions.
TKT03198,CUST0081,Feature Request,High,In Progress,2022-03-19,2022-03-19,15.2,3.0,We need custom date range filters in the reports section.
TKT03199,CUST0068,Billing,Medium,In Progress,2024-04-25,2024-04-26,47.8,5.0,I was charged twice this month for my subscription.
TKT03200,CUST0433,Performance,Low,Resolved,2022-06-07,2022-06-08,28.6,3.0,Reports are taking over 2 minutes to load.
TKT03201,CUST0233,Integration,High,In Progress,2023-11-22,2023-11-22,23.6,4.0,We need help setting up the webhook for order updates.
TKT03202,CUST0096,Technical Issue,Medium,Resolved,2025-08-18,2025-08-19,40.0,4.0,Notifications are not being delivered to our team emails.
TKT03203,CUST0151,Technical Issue,Medium,Resolved,2024-03-16,2024-03-18,69.8,,Notifications are not being delivered to our team emails.
TKT03204,CUST0250,Feature Request,Medium,Open,2025-08-10,2025-08-10,10.2,5.0,Would be great to have a mobile app version.
TKT03205,CUST0007,Feature Request,Medium,Resolved,2024-01-23,2024-01-23,8.3,5.0,Please add a dark mode option to the dashboard.
TKT03206,CUST0329,Billing,Medium,Resolved,2023-04-19,2023-04-19,23.9,4.0,The upgrade price shown in the app is different from what I was charged.
TKT03207,CUST0014,Performance,Medium,In Progress,2023-01-14,2023-01-15,26.7,3.0,Reports are taking over 2 minutes to load.
TKT03208,CUST0191,Integration,Low,Open,2023-12-18,2023-12-21,77.4,5.0,HubSpot integration is duplicating records.
TKT03209,CUST0384,Billing,Medium,Resolved,2023-11-20,2023-11-20,18.6,3.0,Requesting a refund for unused seats on our plan.
TKT03210,CUST0218,Feature Request,Low,Resolved,2023-10-13,2023-10-14,34.1,,Can you add a bulk user import via CSV?
TKT03211,CUST0157,Technical Issue,Low,Resolved,2024-12-10,2024-12-13,93.6,2.0,Notifications are not being delivered to our team emails.
TKT03212,CUST0340,Technical Issue,Low,Resolved,2022-11-14,2022-11-16,68.4,4.0,Our data sync stopped working after the last update.
TKT03213,CUST0397,Billing,Medium,Resolved,2023-05-15,2023-05-16,36.8,,Requesting a refund for unused seats on our plan.
TKT03214,CUST0431,Onboarding,Medium,Resolved,2022-08-16,2022-08-19,76.0,,The setup wizard keeps freezing at Step 3.
TKT03215,CUST0391,Account Management,Medium,Resolved,2024-02-03,2024-02-04,27.3,,Can we change the primary account admin?
TKT03216,CUST0034,Technical Issue,Low,Resolved,2022-08-25,2022-08-27,51.4,,Login page throws an error when using SSO.
TKT03217,CUST0158,Technical Issue,Low,Escalated,2023-05-24,2023-05-26,57.5,5.0,The dashboard is not loading — getting a 504 error.
TKT03218,CUST0191,Feature Request,Medium,Escalated,2025-06-17,2025-06-17,13.5,,We need custom date range filters in the reports section.
TKT03219,CUST0013,Performance,Low,In Progress,2022-04-19,2022-04-22,77.3,4.0,API response times have increased significantly this week.
TKT03220,CUST0243,Integration,Medium,Resolved,2024-11-27,2024-11-28,45.5,4.0,We need help setting up the webhook for order updates.
TKT03221,CUST0224,Performance,High,Open,2022-06-09,2022-06-09,3.4,4.0,Dashboard charts lag when we have more than 5 filters active.
TKT03222,CUST0317,Integration,Medium,Resolved,2022-12-10,2022-12-11,36.0,3.0,Zapier connection keeps timing out.
TKT03223,CUST0260,Billing,High,Resolved,2024-06-26,2024-06-26,4.5,,Requesting a refund for unused seats on our plan.
TKT03224,CUST0025,Performance,High,Resolved,2023-12-31,2023-12-31,16.0,,Reports are taking over 2 minutes to load.
TKT03225,CUST0453,Account Management,High,Resolved,2024-09-17,2024-09-18,31.9,3.0,Can we change the primary account admin?
TKT03226,CUST0359,Feature Request,High,Open,2023-04-03,2023-04-03,11.5,2.0,Can you add a bulk user import via CSV?
TKT03227,CUST0044,Account Management,Medium,Escalated,2023-03-11,2023-03-11,12.5,3.0,Please help us set up SSO for our organization.
TKT03228,CUST0379,Account Management,Medium,Resolved,2025-09-22,2025-09-23,26.9,4.0,We need to update our billing contact information.
TKT03229,CUST0250,Billing,Low,Resolved,2024-12-15,2024-12-18,82.1,3.0,I was charged twice this month for my subscription.
TKT03230,CUST0253,Integration,High,Resolved,2022-09-20,2022-09-20,11.6,,Zapier connection keeps timing out.
TKT03231,CUST0165,Performance,Medium,Resolved,2024-11-22,2024-11-23,24.0,,Bulk data export is timing out for large datasets.
TKT03232,CUST0207,Account Management,Low,Open,2023-09-12,2023-09-14,48.4,5.0,We'd like to upgrade from Growth to Enterprise plan.
TKT03233,CUST0380,Integration,High,Resolved,2024-07-02,2024-07-02,3.5,,HubSpot integration is duplicating records.
TKT03234,CUST0443,Billing,Medium,Resolved,2022-02-17,2022-02-17,22.3,5.0,I was charged twice this month for my subscription.
TKT03235,CUST0500,Account Management,High,Resolved,2024-12-18,2024-12-18,7.7,3.0,We need to add 10 more user seats to our plan.
TKT03236,CUST0250,Account Management,Low,In Progress,2024-11-08,2024-11-10,67.4,,We'd like to upgrade from Growth to Enterprise plan.
TKT03237,CUST0227,Integration,High,Resolved,2024-04-11,2024-04-11,10.6,4.0,Our API key stopped working after a password reset.
TKT03238,CUST0204,Account Management,Critical,Resolved,2024-07-28,2024-07-28,1.8,3.0,Please help us set up SSO for our organization.
TKT03239,CUST0087,Performance,Medium,Resolved,2024-06-21,2024-06-22,33.8,,Dashboard charts lag when we have more than 5 filters active.
TKT03240,CUST0302,Onboarding,Medium,In Progress,2024-11-26,2024-11-27,37.6,3.0,Can someone walk us through connecting our CRM?
TKT03241,CUST0355,Technical Issue,Medium,Resolved,2025-08-03,2025-08-03,19.4,1.0,Export to CSV is producing empty files.
TKT03242,CUST0168,Account Management,Low,Resolved,2023-03-14,2023-03-19,129.5,,We'd like to upgrade from Growth to Enterprise plan.
TKT03243,CUST0225,Integration,Medium,Resolved,2022-03-03,2022-03-04,37.0,5.0,The Salesforce integration is not syncing contacts properly.
TKT03244,CUST0227,Performance,Low,Escalated,2023-09-25,2023-09-27,69.4,3.0,Reports are taking over 2 minutes to load.
TKT03245,CUST0037,Onboarding,Low,Resolved,2023-06-21,2023-06-23,50.4,3.0,We need help setting up user roles and permissions.
TKT03246,CUST0327,Technical Issue,Medium,Resolved,2025-02-09,2025-02-09,22.3,3.0,Export to CSV is producing empty files.
TKT03247,CUST0188,Feature Request,High,Resolved,2025-07-07,2025-07-07,5.6,3.0,We need custom date range filters in the reports section.
TKT03248,CUST0325,Integration,Medium,Open,2023-10-19,2023-10-19,14.2,4.0,Zapier connection keeps timing out.
TKT03249,CUST0384,Feature Request,Low,Resolved,2023-09-23,2023-09-25,56.2,2.0,We'd love a Slack integration for real-time alerts.
TKT03250,CUST0027,Feature Request,Low,Resolved,2024-05-06,2024-05-07,45.1,3.0,We need custom date range filters in the reports section.
TKT03251,CUST0175,Technical Issue,Medium,Resolved,2025-11-07,2025-11-07,12.3,,Login page throws an error when using SSO.
TKT03252,CUST0319,Onboarding,Medium,Resolved,2023-04-20,2023-04-21,25.6,3.0,We need help setting up user roles and permissions.
TKT03253,CUST0083,Billing,Medium,Resolved,2023-12-03,2023-12-04,37.7,2.0,My invoice doesn't match the amount on my credit card.
TKT03254,CUST0376,Billing,Medium,Resolved,2023-12-13,2023-12-13,9.7,4.0,I was charged twice this month for my subscription.
TKT03255,CUST0394,Feature Request,High,Resolved,2024-11-30,2024-11-30,12.1,2.0,Can you add a bulk user import via CSV?
TKT03256,CUST0298,Feature Request,Low,Resolved,2022-02-25,2022-02-28,81.6,5.0,Can you add a bulk user import via CSV?
TKT03257,CUST0292,Onboarding,Medium,Resolved,2022-03-11,2022-03-12,31.8,4.0,Our team hasn't received the onboarding training invite.
TKT03258,CUST0096,Billing,High,Resolved,2022-09-03,2022-09-03,17.3,4.0,I was charged twice this month for my subscription.
TKT03259,CUST0243,Integration,High,Resolved,2025-03-26,2025-03-26,11.0,4.0,Our API key stopped working after a password reset.
TKT03260,CUST0487,Feature Request,Medium,Resolved,2023-03-10,2023-03-10,18.8,,We'd love a Slack integration for real-time alerts.
TKT03261,CUST0024,Feature Request,Low,Resolved,2025-11-03,2025-11-04,27.3,3.0,Can you add a bulk user import via CSV?
TKT03262,CUST0239,Feature Request,Medium,Resolved,2025-05-08,2025-05-10,68.5,2.0,We need custom date range filters in the reports section.
TKT03263,CUST0151,Technical Issue,Medium,Resolved,2024-03-25,2024-03-25,14.9,4.0,Login page throws an error when using SSO.
TKT03264,CUST0272,Onboarding,Critical,Resolved,2024-10-26,2024-10-26,6.3,3.0,We are stuck on the data migration step — need guidance.
TKT03265,CUST0106,Billing,Medium,Resolved,2022-12-19,2022-12-20,35.5,3.0,Can you clarify the pricing for adding more users?
TKT03266,CUST0474,Technical Issue,Low,Open,2024-08-11,2024-08-14,95.3,,Export to CSV is producing empty files.
TKT03267,CUST0411,Billing,Medium,Resolved,2023-05-11,2023-05-12,33.2,,Can you clarify the pricing for adding more users?
TKT03268,CUST0205,Integration,Low,Resolved,2022-03-12,2022-03-13,44.1,,Zapier connection keeps timing out.
TKT03269,CUST0203,Performance,Medium,Resolved,2023-10-28,2023-10-30,53.2,,API response times have increased significantly this week.
TKT03270,CUST0338,Integration,Medium,Resolved,2022-04-25,2022-04-25,13.3,4.0,We need help setting up the webhook for order updates.
TKT03271,CUST0198,Integration,High,Resolved,2022-03-13,2022-03-13,8.9,3.0,The Salesforce integration is not syncing contacts properly.
TKT03272,CUST0313,Account Management,Medium,Resolved,2025-08-21,2025-08-22,34.0,4.0,We need to add 10 more user seats to our plan.
TKT03273,CUST0023,Account Management,High,Resolved,2023-02-11,2023-02-11,12.8,3.0,We need to update our billing contact information.
TKT03274,CUST0235,Billing,Medium,In Progress,2023-02-26,2023-02-26,20.9,3.0,My invoice doesn't match the amount on my credit card.
TKT03275,CUST0419,Technical Issue,Critical,Escalated,2023-07-16,2023-07-16,3.8,,Export to CSV is producing empty files.
TKT03276,CUST0414,Onboarding,Low,Resolved,2025-01-05,2025-01-08,78.7,3.0,We are stuck on the data migration step — need guidance.
TKT03277,CUST0017,Onboarding,Medium,Resolved,2024-03-15,2024-03-16,37.3,,Our team hasn't received the onboarding training invite.
TKT03278,CUST0249,Integration,Low,Resolved,2022-08-25,2022-08-26,29.5,4.0,The Salesforce integration is not syncing contacts properly.
TKT03279,CUST0309,Performance,Low,Resolved,2024-07-19,2024-07-20,36.9,3.0,Dashboard charts lag when we have more than 5 filters active.
TKT03280,CUST0484,Technical Issue,High,Resolved,2022-09-25,2022-09-25,21.4,4.0,Our data sync stopped working after the last update.
TKT03281,CUST0037,Integration,Medium,Resolved,2024-09-06,2024-09-09,74.7,4.0,We need help setting up the webhook for order updates.
TKT03282,CUST0249,Technical Issue,Low,Escalated,2023-06-14,2023-06-17,86.1,5.0,Notifications are not being delivered to our team emails.
TKT03283,CUST0449,Technical Issue,Medium,Resolved,2022-01-29,2022-01-30,28.0,3.0,Export to CSV is producing empty files.
TKT03284,CUST0103,Performance,High,Resolved,2023-02-03,2023-02-03,12.4,,Reports are taking over 2 minutes to load.
TKT03285,CUST0325,Integration,Low,Resolved,2024-03-07,2024-03-09,53.9,5.0,HubSpot integration is duplicating records.
TKT03286,CUST0484,Billing,Medium,Resolved,2024-01-27,2024-01-28,24.7,,I was charged twice this month for my subscription.
TKT03287,CUST0416,Technical Issue,Medium,Resolved,2024-01-17,2024-01-17,8.5,,Login page throws an error when using SSO.
TKT03288,CUST0009,Feature Request,Medium,Resolved,2022-01-12,2022-01-13,32.8,3.0,Can you add a bulk user import via CSV?
TKT03289,CUST0045,Feature Request,Low,Resolved,2022-08-17,2022-08-18,39.5,4.0,Can you add a bulk user import via CSV?
TKT03290,CUST0292,Technical Issue,Medium,Resolved,2025-07-16,2025-07-16,22.0,3.0,Notifications are not being delivered to our team emails.
TKT03291,CUST0081,Onboarding,High,Open,2022-09-15,2022-09-15,15.4,3.0,Can someone walk us through connecting our CRM?
TKT03292,CUST0447,Integration,Low,In Progress,2023-09-26,2023-09-27,41.8,1.0,HubSpot integration is duplicating records.
TKT03293,CUST0314,Integration,Low,Resolved,2025-09-28,2025-09-30,54.0,,HubSpot integration is duplicating records.
TKT03294,CUST0410,Integration,High,Resolved,2022-03-05,2022-03-05,15.2,3.0,Our API key stopped working after a password reset.
TKT03295,CUST0107,Technical Issue,Medium,In Progress,2022-12-29,2022-12-30,25.5,4.0,Export to CSV is producing empty files.
TKT03296,CUST0096,Onboarding,Medium,Resolved,2023-06-15,2023-06-15,13.4,3.0,Can someone walk us through connecting our CRM?
TKT03297,CUST0459,Technical Issue,Low,Resolved,2023-10-08,2023-10-11,95.8,,Export to CSV is producing empty files.
TKT03298,CUST0050,Onboarding,Medium,Resolved,2025-03-30,2025-03-30,15.5,5.0,Can someone walk us through connecting our CRM?
TKT03299,CUST0050,Billing,Medium,Resolved,2024-03-19,2024-03-19,21.5,3.0,The upgrade price shown in the app is different from what I was charged.
TKT03300,CUST0205,Technical Issue,High,Resolved,2023-08-30,2023-08-30,20.3,3.0,Our data sync stopped working after the last update.
TKT03301,CUST0218,Onboarding,High,In Progress,2022-01-10,2022-01-10,22.9,4.0,The setup wizard keeps freezing at Step 3.
TKT03302,CUST0329,Integration,Medium,Resolved,2023-09-17,2023-09-18,44.3,5.0,The Salesforce integration is not syncing contacts properly.
TKT03303,CUST0109,Technical Issue,Medium,Open,2024-07-17,2024-07-17,14.2,3.0,Notifications are not being delivered to our team emails.
TKT03304,CUST0276,Feature Request,Critical,Resolved,2023-11-07,2023-11-07,7.5,4.0,Can you add a bulk user import via CSV?
TKT03305,CUST0356,Performance,High,In Progress,2023-11-28,2023-11-28,23.9,4.0,Dashboard charts lag when we have more than 5 filters active.
TKT03306,CUST0446,Onboarding,Medium,In Progress,2024-01-09,2024-01-09,22.2,5.0,We are stuck on the data migration step — need guidance.
TKT03307,CUST0306,Onboarding,Critical,Resolved,2024-04-24,2024-04-24,5.1,5.0,Our team hasn't received the onboarding training invite.
TKT03308,CUST0194,Feature Request,Critical,In Progress,2025-03-17,2025-03-17,6.0,4.0,We'd love a Slack integration for real-time alerts.
TKT03309,CUST0121,Onboarding,Medium,Resolved,2023-07-05,2023-07-05,15.9,3.0,The setup wizard keeps freezing at Step 3.
TKT03310,CUST0437,Onboarding,Low,Resolved,2023-02-09,2023-02-10,32.6,4.0,The setup wizard keeps freezing at Step 3.
TKT03311,CUST0075,Billing,High,In Progress,2025-10-24,2025-10-24,8.6,3.0,Can you clarify the pricing for adding more users?
TKT03312,CUST0099,Integration,Low,Resolved,2025-10-29,2025-10-31,65.5,4.0,We need help setting up the webhook for order updates.
TKT03313,CUST0233,Feature Request,Low,Open,2025-09-17,2025-09-18,36.7,5.0,Can you add a bulk user import via CSV?
TKT03314,CUST0168,Billing,Medium,Resolved,2023-02-26,2023-02-27,27.8,1.0,Requesting a refund for unused seats on our plan.
TKT03315,CUST0377,Feature Request,Low,Escalated,2023-03-22,2023-03-23,46.9,3.0,Please add a dark mode option to the dashboard.
TKT03316,CUST0034,Performance,Medium,Resolved,2022-06-09,2022-06-11,51.5,1.0,Dashboard charts lag when we have more than 5 filters active.
TKT03317,CUST0413,Technical Issue,High,In Progress,2023-06-19,2023-06-19,11.8,,Export to CSV is producing empty files.
TKT03318,CUST0444,Technical Issue,Low,Resolved,2025-08-01,2025-08-05,111.4,2.0,Export to CSV is producing empty files.
TKT03319,CUST0249,Account Management,Medium,Resolved,2025-03-16,2025-03-17,46.6,3.0,We need to add 10 more user seats to our plan.
TKT03320,CUST0277,Technical Issue,Medium,Resolved,2025-08-13,2025-08-14,31.7,4.0,Notifications are not being delivered to our team emails.
TKT03321,CUST0089,Integration,High,Escalated,2023-12-11,2023-12-11,12.1,4.0,HubSpot integration is duplicating records.
TKT03322,CUST0052,Account Management,Medium,Resolved,2025-08-12,2025-08-13,28.6,,Can we change the primary account admin?
TKT03323,CUST0151,Integration,Medium,Resolved,2022-08-07,2022-08-09,71.7,4.0,Our API key stopped working after a password reset.
TKT03324,CUST0112,Integration,Critical,In Progress,2022-08-16,2022-08-16,6.5,5.0,Our API key stopped working after a password reset.
TKT03325,CUST0042,Onboarding,Low,Resolved,2022-01-23,2022-01-24,46.9,,Can someone walk us through connecting our CRM?
TKT03326,CUST0248,Account Management,Medium,Resolved,2025-11-22,2025-11-23,41.2,3.0,Can we change the primary account admin?
TKT03327,CUST0133,Onboarding,Low,Resolved,2025-05-25,2025-05-28,78.2,3.0,We are stuck on the data migration step — need guidance.
TKT03328,CUST0233,Account Management,Medium,Resolved,2025-05-03,2025-05-03,20.1,,Please help us set up SSO for our organization.
TKT03329,CUST0231,Technical Issue,Critical,Resolved,2024-05-22,2024-05-22,4.1,,The dashboard is not loading — getting a 504 error.
TKT03330,CUST0284,Onboarding,Low,In Progress,2023-02-05,2023-02-06,45.9,1.0,Can someone walk us through connecting our CRM?
TKT03331,CUST0283,Performance,Medium,Escalated,2025-11-13,2025-11-16,72.7,3.0,Dashboard charts lag when we have more than 5 filters active.
TKT03332,CUST0008,Account Management,High,In Progress,2025-05-29,2025-05-29,20.1,4.0,Can we change the primary account admin?
TKT03333,CUST0232,Feature Request,Medium,Resolved,2022-01-03,2022-01-03,18.4,4.0,We'd love a Slack integration for real-time alerts.
TKT03334,CUST0120,Integration,High,In Progress,2023-07-11,2023-07-11,3.1,4.0,Zapier connection keeps timing out.
TKT03335,CUST0245,Feature Request,Low,Resolved,2024-06-20,2024-06-22,54.1,3.0,Would be great to have a mobile app version.
TKT03336,CUST0133,Technical Issue,Medium,Resolved,2025-09-13,2025-09-14,38.1,4.0,Our data sync stopped working after the last update.
TKT03337,CUST0375,Billing,Low,Resolved,2023-11-08,2023-11-10,70.5,,Can you clarify the pricing for adding more users?
TKT03338,CUST0060,Technical Issue,Low,Resolved,2025-06-23,2025-06-26,95.4,3.0,Export to CSV is producing empty files.
TKT03339,CUST0184,Integration,Medium,In Progress,2025-10-06,2025-10-06,22.6,5.0,We need help setting up the webhook for order updates.
TKT03340,CUST0239,Onboarding,Low,Resolved,2024-01-12,2024-01-16,97.4,2.0,Our team hasn't received the onboarding training invite.
TKT03341,CUST0332,Performance,Critical,Resolved,2023-04-10,2023-04-10,4.4,4.0,Dashboard charts lag when we have more than 5 filters active.
TKT03342,CUST0255,Billing,Low,Resolved,2022-08-26,2022-08-29,93.5,3.0,Requesting a refund for unused seats on our plan.
TKT03343,CUST0171,Feature Request,Critical,Resolved,2025-05-25,2025-05-25,2.9,3.0,We need custom date range filters in the reports section.
TKT03344,CUST0267,Integration,Medium,Resolved,2025-09-08,2025-09-08,13.1,,We need help setting up the webhook for order updates.
TKT03345,CUST0411,Billing,Medium,Resolved,2024-08-03,2024-08-04,36.2,4.0,Requesting a refund for unused seats on our plan.
TKT03346,CUST0298,Technical Issue,Medium,In Progress,2025-06-16,2025-06-16,20.0,,Export to CSV is producing empty files.
TKT03347,CUST0361,Billing,Low,Resolved,2022-05-26,2022-05-29,79.4,1.0,Can you clarify the pricing for adding more users?
TKT03348,CUST0432,Onboarding,Low,Resolved,2022-10-20,2022-10-22,63.6,4.0,The setup wizard keeps freezing at Step 3.
TKT03349,CUST0012,Account Management,Medium,Resolved,2025-10-03,2025-10-04,35.7,4.0,We need to add 10 more user seats to our plan.
TKT03350,CUST0129,Onboarding,Medium,In Progress,2023-04-20,2023-04-20,16.0,4.0,We need help setting up user roles and permissions.
TKT03351,CUST0251,Feature Request,Low,Open,2025-08-13,2025-08-14,38.5,,Please add a dark mode option to the dashboard.
TKT03352,CUST0495,Billing,Medium,Resolved,2023-08-03,2023-08-03,8.9,,My invoice doesn't match the amount on my credit card.
TKT03353,CUST0413,Onboarding,Low,Resolved,2022-03-27,2022-03-28,43.6,3.0,Can someone walk us through connecting our CRM?
TKT03354,CUST0079,Integration,Low,Resolved,2022-04-18,2022-04-20,66.3,3.0,Zapier connection keeps timing out.
TKT03355,CUST0003,Technical Issue,Medium,Resolved,2023-12-30,2023-12-30,9.8,3.0,Export to CSV is producing empty files.
TKT03356,CUST0463,Performance,High,Resolved,2024-07-01,2024-07-01,9.4,3.0,Bulk data export is timing out for large datasets.
TKT03357,CUST0124,Onboarding,Medium,Resolved,2025-11-22,2025-11-24,52.4,,Can someone walk us through connecting our CRM?
TKT03358,CUST0360,Account Management,Low,In Progress,2024-02-11,2024-02-17,145.3,,Can we change the primary account admin?
TKT03359,CUST0119,Technical Issue,Low,In Progress,2023-05-19,2023-05-22,79.9,5.0,Notifications are not being delivered to our team emails.
TKT03360,CUST0453,Performance,High,Resolved,2023-12-03,2023-12-03,5.5,2.0,Bulk data export is timing out for large datasets.
TKT03361,CUST0406,Billing,Medium,Open,2023-08-27,2023-08-27,11.6,,The upgrade price shown in the app is different from what I was charged.
TKT03362,CUST0208,Performance,High,Resolved,2023-06-06,2023-06-07,26.5,1.0,The platform is very slow during peak hours (9-11am EST).
TKT03363,CUST0382,Integration,Low,Resolved,2023-08-19,2023-08-22,90.8,,We need help setting up the webhook for order updates.
TKT03364,CUST0379,Performance,Critical,Escalated,2023-02-22,2023-02-22,3.0,3.0,Reports are taking over 2 minutes to load.
TKT03365,CUST0361,Account Management,High,Resolved,2024-07-18,2024-07-18,7.1,2.0,We need to add 10 more user seats to our plan.
TKT03366,CUST0273,Technical Issue,Low,Resolved,2024-02-24,2024-02-28,115.6,2.0,Notifications are not being delivered to our team emails.
TKT03367,CUST0113,Billing,Medium,Resolved,2024-02-10,2024-02-11,26.5,5.0,I was charged twice this month for my subscription.
TKT03368,CUST0339,Account Management,High,In Progress,2025-01-19,2025-01-19,19.7,3.0,Can we change the primary account admin?
TKT03369,CUST0286,Technical Issue,High,Open,2025-03-28,2025-03-28,17.0,5.0,Our data sync stopped working after the last update.
TKT03370,CUST0344,Account Management,Medium,Resolved,2025-05-30,2025-05-31,43.3,,We'd like to upgrade from Growth to Enterprise plan.
TKT03371,CUST0139,Performance,Low,In Progress,2022-05-23,2022-05-25,67.6,4.0,Bulk data export is timing out for large datasets.
TKT03372,CUST0232,Performance,Low,Resolved,2024-03-11,2024-03-12,41.9,5.0,Dashboard charts lag when we have more than 5 filters active.
TKT03373,CUST0414,Billing,Medium,Resolved,2023-04-20,2023-04-21,28.1,,Can you clarify the pricing for adding more users?
TKT03374,CUST0116,Billing,Medium,Resolved,2023-12-08,2023-12-09,32.9,,I was charged twice this month for my subscription.
TKT03375,CUST0308,Performance,Low,Resolved,2023-01-27,2023-01-29,68.8,4.0,The platform is very slow during peak hours (9-11am EST).
TKT03376,CUST0193,Integration,Low,Resolved,2023-11-28,2023-11-30,65.5,1.0,The Salesforce integration is not syncing contacts properly.
TKT03377,CUST0368,Onboarding,Low,Escalated,2023-03-13,2023-03-16,90.2,,Can someone walk us through connecting our CRM?
TKT03378,CUST0164,Account Management,Low,Resolved,2023-08-29,2023-08-31,62.9,,Can we change the primary account admin?
TKT03379,CUST0296,Onboarding,Medium,Resolved,2025-06-15,2025-06-17,49.6,,We need help setting up user roles and permissions.
TKT03380,CUST0177,Performance,Medium,Escalated,2023-01-09,2023-01-09,9.1,,Reports are taking over 2 minutes to load.
TKT03381,CUST0359,Performance,High,In Progress,2025-10-24,2025-10-24,16.0,3.0,API response times have increased significantly this week.
TKT03382,CUST0252,Integration,Low,In Progress,2024-07-03,2024-07-04,43.5,5.0,HubSpot integration is duplicating records.
TKT03383,CUST0239,Billing,Critical,Resolved,2025-10-21,2025-10-21,3.1,,The upgrade price shown in the app is different from what I was charged.
TKT03384,CUST0316,Integration,Low,In Progress,2023-12-07,2023-12-10,80.0,5.0,HubSpot integration is duplicating records.
TKT03385,CUST0272,Technical Issue,Medium,Resolved,2022-02-23,2022-02-24,46.4,,The dashboard is not loading — getting a 504 error.
TKT03386,CUST0055,Performance,Low,Escalated,2025-08-03,2025-08-05,59.0,3.0,Reports are taking over 2 minutes to load.
TKT03387,CUST0466,Account Management,High,Escalated,2024-07-18,2024-07-18,5.8,4.0,We'd like to upgrade from Growth to Enterprise plan.
TKT03388,CUST0453,Billing,Low,Resolved,2023-03-16,2023-03-19,91.8,4.0,Can you clarify the pricing for adding more users?
TKT03389,CUST0475,Performance,Medium,Resolved,2023-03-02,2023-03-03,36.1,3.0,Bulk data export is timing out for large datasets.
TKT03390,CUST0199,Onboarding,Medium,Resolved,2024-12-26,2024-12-27,32.9,,Our team hasn't received the onboarding training invite.
TKT03391,CUST0214,Technical Issue,Low,Resolved,2023-03-02,2023-03-04,63.1,3.0,Notifications are not being delivered to our team emails.
TKT03392,CUST0319,Feature Request,Critical,Resolved,2023-12-19,2023-12-19,3.8,,Can you add a bulk user import via CSV?
TKT03393,CUST0372,Feature Request,High,Resolved,2022-03-09,2022-03-09,14.8,4.0,Please add a dark mode option to the dashboard.
TKT03394,CUST0153,Onboarding,Medium,Open,2023-03-03,2023-03-04,38.4,3.0,Can someone walk us through connecting our CRM?
TKT03395,CUST0465,Performance,Critical,Resolved,2022-12-26,2022-12-26,3.4,4.0,API response times have increased significantly this week.
TKT03396,CUST0220,Feature Request,Critical,Resolved,2024-06-13,2024-06-13,3.9,5.0,Please add a dark mode option to the dashboard.
TKT03397,CUST0249,Performance,Low,Resolved,2022-08-29,2022-08-31,64.4,3.0,Dashboard charts lag when we have more than 5 filters active.
TKT03398,CUST0374,Account Management,Medium,Resolved,2023-07-28,2023-07-29,42.6,,We'd like to upgrade from Growth to Enterprise plan.
TKT03399,CUST0003,Feature Request,Medium,Resolved,2023-11-10,2023-11-11,24.5,4.0,Can you add a bulk user import via CSV?
TKT03400,CUST0194,Integration,Medium,Resolved,2024-01-02,2024-01-02,9.9,3.0,Our API key stopped working after a password reset.
TKT03401,CUST0209,Account Management,Low,Resolved,2025-07-10,2025-07-12,52.1,3.0,We need to update our billing contact information.
TKT03402,CUST0367,Feature Request,Low,Resolved,2022-10-19,2022-10-22,78.9,5.0,Can you add a bulk user import via CSV?
TKT03403,CUST0315,Technical Issue,Low,Resolved,2022-12-24,2022-12-25,31.9,3.0,Notifications are not being delivered to our team emails.
TKT03404,CUST0298,Account Management,Medium,Resolved,2023-07-31,2023-07-31,18.6,3.0,Please help us set up SSO for our organization.
TKT03405,CUST0166,Performance,Low,Resolved,2023-08-25,2023-08-29,97.3,,Dashboard charts lag when we have more than 5 filters active.
TKT03406,CUST0162,Performance,Low,Resolved,2025-10-10,2025-10-12,67.0,4.0,API response times have increased significantly this week.
TKT03407,CUST0374,Integration,Medium,In Progress,2025-07-18,2025-07-19,47.6,,HubSpot integration is duplicating records.
TKT03408,CUST0151,Integration,Medium,Resolved,2025-05-19,2025-05-21,56.5,1.0,We need help setting up the webhook for order updates.
TKT03409,CUST0115,Feature Request,High,Resolved,2025-08-14,2025-08-14,16.3,3.0,Can you add a bulk user import via CSV?
TKT03410,CUST0243,Performance,Medium,Resolved,2022-06-12,2022-06-12,13.2,,Reports are taking over 2 minutes to load.
TKT03411,CUST0046,Onboarding,Medium,Resolved,2025-03-23,2025-03-24,26.3,3.0,We are stuck on the data migration step — need guidance.
TKT03412,CUST0311,Onboarding,Low,Resolved,2024-05-17,2024-05-22,136.4,1.0,We are stuck on the data migration step — need guidance.
TKT03413,CUST0002,Feature Request,Medium,Resolved,2023-10-22,2023-10-23,32.2,3.0,Would be great to have a mobile app version.
TKT03414,CUST0461,Performance,Critical,Resolved,2022-05-07,2022-05-07,1.2,5.0,Dashboard charts lag when we have more than 5 filters active.
TKT03415,CUST0267,Technical Issue,Low,Resolved,2025-10-09,2025-10-12,95.4,5.0,Export to CSV is producing empty files.
TKT03416,CUST0009,Performance,Low,Resolved,2022-02-04,2022-02-07,72.7,3.0,API response times have increased significantly this week.
TKT03417,CUST0322,Onboarding,Medium,Resolved,2025-03-13,2025-03-13,9.4,4.0,Our team hasn't received the onboarding training invite.
TKT03418,CUST0018,Performance,Medium,Resolved,2022-09-02,2022-09-02,21.4,5.0,Reports are taking over 2 minutes to load.
TKT03419,CUST0235,Feature Request,High,Escalated,2024-08-12,2024-08-12,23.6,4.0,Would be great to have a mobile app version.
TKT03420,CUST0337,Billing,Critical,Resolved,2025-10-28,2025-10-28,3.8,4.0,Can you clarify the pricing for adding more users?
TKT03421,CUST0109,Account Management,Medium,Resolved,2022-07-25,2022-07-25,14.9,5.0,Can we change the primary account admin?
TKT03422,CUST0308,Feature Request,Critical,Resolved,2024-01-08,2024-01-08,5.1,3.0,We need custom date range filters in the reports section.
TKT03423,CUST0032,Performance,Medium,In Progress,2025-06-22,2025-06-24,67.0,4.0,API response times have increased significantly this week.
TKT03424,CUST0057,Account Management,Medium,Resolved,2025-02-27,2025-02-28,34.9,5.0,We need to add 10 more user seats to our plan.
TKT03425,CUST0011,Account Management,Medium,Resolved,2022-12-31,2023-01-01,44.6,,We need to add 10 more user seats to our plan.
TKT03426,CUST0116,Feature Request,High,Escalated,2025-09-09,2025-09-09,5.0,4.0,Please add a dark mode option to the dashboard.
TKT03427,CUST0363,Account Management,Medium,Resolved,2022-08-13,2022-08-14,34.2,2.0,We'd like to upgrade from Growth to Enterprise plan.
TKT03428,CUST0451,Technical Issue,Medium,Resolved,2025-07-24,2025-07-25,34.4,,Login page throws an error when using SSO.
TKT03429,CUST0444,Integration,Medium,Open,2023-07-05,2023-07-07,50.7,,HubSpot integration is duplicating records.
TKT03430,CUST0456,Performance,Medium,Open,2022-01-06,2022-01-06,20.0,1.0,Reports are taking over 2 minutes to load.
TKT03431,CUST0120,Account Management,Medium,Resolved,2023-10-30,2023-10-31,43.1,3.0,Can we change the primary account admin?
TKT03432,CUST0121,Technical Issue,Low,In Progress,2025-07-13,2025-07-16,89.2,,Login page throws an error when using SSO.
TKT03433,CUST0391,Billing,Low,Open,2024-10-27,2024-10-30,94.3,2.0,My invoice doesn't match the amount on my credit card.
TKT03434,CUST0249,Account Management,High,Resolved,2025-08-15,2025-08-15,2.9,3.0,Can we change the primary account admin?
TKT03435,CUST0089,Technical Issue,Medium,Resolved,2024-11-05,2024-11-06,45.5,,The dashboard is not loading — getting a 504 error.
TKT03436,CUST0266,Feature Request,Medium,Resolved,2023-05-05,2023-05-06,42.5,,We need custom date range filters in the reports section.
TKT03437,CUST0449,Account Management,Medium,In Progress,2024-04-30,2024-05-01,43.2,4.0,We need to add 10 more user seats to our plan.
TKT03438,CUST0018,Account Management,Low,Resolved,2022-10-17,2022-10-20,72.1,5.0,We need to update our billing contact information.
TKT03439,CUST0361,Account Management,High,Open,2023-01-17,2023-01-17,21.2,,We'd like to upgrade from Growth to Enterprise plan.
TKT03440,CUST0256,Billing,Medium,Resolved,2025-01-09,2025-01-10,40.0,3.0,I was charged twice this month for my subscription.
TKT03441,CUST0253,Performance,Low,Open,2023-06-12,2023-06-13,42.4,1.0,Bulk data export is timing out for large datasets.
TKT03442,CUST0243,Integration,Low,Resolved,2025-12-19,2025-12-22,82.1,,Zapier connection keeps timing out.
TKT03443,CUST0472,Feature Request,Medium,Resolved,2023-04-22,2023-04-23,24.3,,Can you add a bulk user import via CSV?
TKT03444,CUST0322,Feature Request,High,Resolved,2025-06-09,2025-06-09,23.0,5.0,We need custom date range filters in the reports section.
TKT03445,CUST0148,Onboarding,Low,Resolved,2022-07-09,2022-07-11,51.7,5.0,We are stuck on the data migration step — need guidance.
TKT03446,CUST0023,Integration,Low,In Progress,2022-08-05,2022-08-08,83.3,,We need help setting up the webhook for order updates.
TKT03447,CUST0337,Onboarding,Medium,Resolved,2025-07-27,2025-07-28,33.4,3.0,Can someone walk us through connecting our CRM?
TKT03448,CUST0295,Technical Issue,Low,Resolved,2025-11-26,2025-11-27,41.7,3.0,The dashboard is not loading — getting a 504 error.
TKT03449,CUST0139,Feature Request,High,Resolved,2024-02-12,2024-02-12,13.9,5.0,Please add a dark mode option to the dashboard.
TKT03450,CUST0068,Account Management,Medium,Resolved,2024-12-14,2024-12-14,19.4,5.0,We'd like to upgrade from Growth to Enterprise plan.
TKT03451,CUST0343,Performance,Medium,Resolved,2025-05-01,2025-05-02,25.6,4.0,The platform is very slow during peak hours (9-11am EST).
TKT03452,CUST0391,Billing,Low,Resolved,2023-05-29,2023-06-03,129.0,2.0,I was charged twice this month for my subscription.
TKT03453,CUST0185,Onboarding,Low,Resolved,2023-06-11,2023-06-13,66.2,4.0,The setup wizard keeps freezing at Step 3.
TKT03454,CUST0146,Feature Request,Low,Resolved,2024-05-11,2024-05-14,74.0,4.0,Would be great to have a mobile app version.
TKT03455,CUST0150,Performance,Medium,Resolved,2023-10-12,2023-10-12,21.4,4.0,Bulk data export is timing out for large datasets.
TKT03456,CUST0443,Billing,High,Escalated,2025-06-04,2025-06-04,7.0,,My invoice doesn't match the amount on my credit card.
TKT03457,CUST0244,Integration,Low,Open,2022-06-06,2022-06-07,41.1,3.0,We need help setting up the webhook for order updates.
TKT03458,CUST0317,Onboarding,Medium,Resolved,2024-12-15,2024-12-15,16.8,,Can someone walk us through connecting our CRM?
TKT03459,CUST0068,Performance,High,Resolved,2024-06-22,2024-06-22,18.2,4.0,The platform is very slow during peak hours (9-11am EST).
TKT03460,CUST0060,Technical Issue,Critical,Resolved,2022-01-04,2022-01-04,6.0,5.0,Our data sync stopped working after the last update.
TKT03461,CUST0051,Technical Issue,Low,Resolved,2022-10-09,2022-10-10,37.0,4.0,Our data sync stopped working after the last update.
TKT03462,CUST0153,Billing,Medium,In Progress,2023-12-09,2023-12-09,16.7,5.0,I was charged twice this month for my subscription.
TKT03463,CUST0121,Technical Issue,Low,Resolved,2025-05-22,2025-05-24,64.1,4.0,Login page throws an error when using SSO.
TKT03464,CUST0490,Feature Request,Low,Resolved,2022-01-02,2022-01-04,62.2,3.0,We need custom date range filters in the reports section.
TKT03465,CUST0350,Integration,High,Resolved,2023-01-03,2023-01-03,23.3,3.0,The Salesforce integration is not syncing contacts properly.
TKT03466,CUST0144,Account Management,Critical,Resolved,2024-01-27,2024-01-27,7.2,5.0,We need to update our billing contact information.
TKT03467,CUST0260,Integration,Medium,Resolved,2025-03-30,2025-03-31,28.6,3.0,HubSpot integration is duplicating records.
TKT03468,CUST0052,Account Management,Critical,Resolved,2025-06-24,2025-06-24,2.9,4.0,We need to update our billing contact information.
TKT03469,CUST0070,Account Management,Medium,Open,2024-04-23,2024-04-23,18.2,,We need to update our billing contact information.
TKT03470,CUST0458,Feature Request,Medium,Open,2023-09-25,2023-09-25,15.8,,We need custom date range filters in the reports section.
TKT03471,CUST0394,Integration,Medium,Resolved,2025-07-04,2025-07-04,13.6,,HubSpot integration is duplicating records.
TKT03472,CUST0111,Technical Issue,Low,Resolved,2023-07-22,2023-07-25,79.8,3.0,The dashboard is not loading — getting a 504 error.
TKT03473,CUST0042,Performance,Medium,Resolved,2024-07-30,2024-07-30,17.0,3.0,The platform is very slow during peak hours (9-11am EST).
TKT03474,CUST0117,Billing,Medium,Resolved,2025-09-04,2025-09-05,39.9,3.0,Requesting a refund for unused seats on our plan.
TKT03475,CUST0258,Technical Issue,High,Resolved,2022-02-28,2022-02-28,22.3,,Our data sync stopped working after the last update.
TKT03476,CUST0464,Technical Issue,Medium,Escalated,2025-06-22,2025-06-23,40.4,4.0,Notifications are not being delivered to our team emails.
TKT03477,CUST0026,Technical Issue,Medium,Resolved,2022-08-17,2022-08-18,30.8,5.0,Our data sync stopped working after the last update.
TKT03478,CUST0084,Feature Request,Low,Resolved,2025-06-30,2025-07-02,49.9,4.0,We need custom date range filters in the reports section.
TKT03479,CUST0322,Account Management,Low,In Progress,2022-10-21,2022-10-24,82.8,3.0,We need to add 10 more user seats to our plan.
TKT03480,CUST0290,Onboarding,Medium,In Progress,2025-03-26,2025-03-27,35.6,3.0,We are stuck on the data migration step — need guidance.
TKT03481,CUST0451,Integration,Low,Resolved,2024-02-02,2024-02-03,43.9,3.0,We need help setting up the webhook for order updates.
TKT03482,CUST0031,Billing,Medium,Resolved,2022-09-16,2022-09-16,16.9,4.0,The upgrade price shown in the app is different from what I was charged.
TKT03483,CUST0013,Billing,Low,In Progress,2024-03-01,2024-03-04,85.9,4.0,The upgrade price shown in the app is different from what I was charged.
TKT03484,CUST0123,Integration,High,In Progress,2024-08-30,2024-08-31,38.2,,Our API key stopped working after a password reset.
TKT03485,CUST0231,Performance,High,Resolved,2022-07-06,2022-07-06,18.4,4.0,API response times have increased significantly this week.
TKT03486,CUST0199,Technical Issue,High,Resolved,2022-12-28,2022-12-28,4.4,3.0,Notifications are not being delivered to our team emails.
TKT03487,CUST0209,Technical Issue,Critical,Resolved,2024-08-29,2024-08-29,7.8,3.0,The dashboard is not loading — getting a 504 error.
TKT03488,CUST0340,Integration,High,Resolved,2023-02-26,2023-02-26,23.0,3.0,Zapier connection keeps timing out.
TKT03489,CUST0120,Onboarding,Low,Open,2022-03-17,2022-03-19,51.6,4.0,We need help setting up user roles and permissions.
TKT03490,CUST0090,Performance,Medium,Escalated,2022-11-09,2022-11-10,31.0,4.0,Bulk data export is timing out for large datasets.
TKT03491,CUST0387,Performance,Medium,Resolved,2024-10-09,2024-10-09,23.0,4.0,API response times have increased significantly this week.
TKT03492,CUST0190,Feature Request,High,Resolved,2022-04-20,2022-04-20,10.5,3.0,Please add a dark mode option to the dashboard.
TKT03493,CUST0477,Technical Issue,Medium,Resolved,2023-06-08,2023-06-09,25.5,4.0,Our data sync stopped working after the last update.
TKT03494,CUST0467,Performance,Medium,In Progress,2022-06-01,2022-06-02,44.4,1.0,Bulk data export is timing out for large datasets.
TKT03495,CUST0385,Feature Request,High,Resolved,2022-10-20,2022-10-20,8.5,5.0,We'd love a Slack integration for real-time alerts.
TKT03496,CUST0401,Onboarding,Low,Resolved,2022-10-29,2022-10-31,50.4,5.0,We are stuck on the data migration step — need guidance.
TKT03497,CUST0118,Onboarding,Low,Resolved,2025-09-03,2025-09-06,90.7,,Our team hasn't received the onboarding training invite.
TKT03498,CUST0385,Account Management,Medium,Resolved,2024-09-21,2024-09-22,44.5,,We need to add 10 more user seats to our plan.
TKT03499,CUST0063,Feature Request,Medium,In Progress,2023-12-04,2023-12-05,27.8,3.0,Can you add a bulk user import via CSV?
TKT03500,CUST0050,Account Management,Medium,Resolved,2025-10-28,2025-10-28,20.7,4.0,We need to add 10 more user seats to our plan.
TKT03501,CUST0012,Performance,Medium,Resolved,2023-03-14,2023-03-15,41.6,3.0,API response times have increased significantly this week.
TKT03502,CUST0281,Billing,Medium,In Progress,2024-11-14,2024-11-14,17.6,5.0,Requesting a refund for unused seats on our plan.
TKT03503,CUST0258,Performance,High,Resolved,2023-04-05,2023-04-05,11.4,5.0,API response times have increased significantly this week.
TKT03504,CUST0392,Integration,Medium,Resolved,2025-03-03,2025-03-04,38.9,4.0,Zapier connection keeps timing out.
TKT03505,CUST0150,Technical Issue,Medium,Resolved,2025-08-20,2025-08-23,75.7,3.0,Our data sync stopped working after the last update.
TKT03506,CUST0086,Account Management,Medium,Resolved,2024-04-06,2024-04-07,28.6,4.0,We need to update our billing contact information.
TKT03507,CUST0414,Performance,High,In Progress,2024-07-16,2024-07-16,13.5,4.0,Dashboard charts lag when we have more than 5 filters active.
TKT03508,CUST0391,Feature Request,Low,Resolved,2024-11-13,2024-11-15,50.7,4.0,We need custom date range filters in the reports section.
TKT03509,CUST0399,Integration,Low,Resolved,2022-08-10,2022-08-11,31.7,5.0,Zapier connection keeps timing out.
TKT03510,CUST0439,Technical Issue,High,Resolved,2024-04-25,2024-04-25,20.2,2.0,Login page throws an error when using SSO.
TKT03511,CUST0111,Onboarding,High,Escalated,2022-02-11,2022-02-11,21.3,5.0,We need help setting up user roles and permissions.
TKT03512,CUST0189,Account Management,Medium,In Progress,2024-02-29,2024-02-29,15.6,,We need to update our billing contact information.
TKT03513,CUST0180,Onboarding,Low,Resolved,2023-02-22,2023-02-27,132.2,,Our team hasn't received the onboarding training invite.
TKT03514,CUST0114,Performance,Medium,Resolved,2022-05-14,2022-05-14,19.5,4.0,Reports are taking over 2 minutes to load.
TKT03515,CUST0247,Technical Issue,Medium,Resolved,2025-09-06,2025-09-06,19.6,3.0,Login page throws an error when using SSO.
TKT03516,CUST0272,Billing,Medium,In Progress,2023-03-31,2023-03-31,14.1,5.0,Can you clarify the pricing for adding more users?
TKT03517,CUST0137,Billing,Low,In Progress,2022-07-07,2022-07-09,56.8,3.0,My invoice doesn't match the amount on my credit card.
TKT03518,CUST0249,Billing,Medium,Resolved,2022-07-27,2022-07-28,29.2,4.0,Can you clarify the pricing for adding more users?
TKT03519,CUST0239,Onboarding,High,In Progress,2023-04-25,2023-04-25,19.9,1.0,Can someone walk us through connecting our CRM?
TKT03520,CUST0407,Technical Issue,Medium,Resolved,2025-06-02,2025-06-02,23.6,1.0,The dashboard is not loading — getting a 504 error.
TKT03521,CUST0497,Onboarding,Medium,Resolved,2025-08-27,2025-08-29,65.0,1.0,We are stuck on the data migration step — need guidance.
TKT03522,CUST0237,Billing,Low,Open,2023-03-18,2023-03-20,53.6,4.0,The upgrade price shown in the app is different from what I was charged.
TKT03523,CUST0037,Integration,Low,Resolved,2022-07-12,2022-07-13,38.8,2.0,We need help setting up the webhook for order updates.
TKT03524,CUST0256,Billing,High,Resolved,2022-07-25,2022-07-25,2.1,,My invoice doesn't match the amount on my credit card.
TKT03525,CUST0060,Technical Issue,Medium,Resolved,2025-02-20,2025-02-21,41.2,5.0,The dashboard is not loading — getting a 504 error.
TKT03526,CUST0433,Performance,Low,Resolved,2022-06-06,2022-06-09,78.8,3.0,Dashboard charts lag when we have more than 5 filters active.
TKT03527,CUST0405,Feature Request,Medium,Resolved,2022-08-18,2022-08-18,13.1,4.0,We need custom date range filters in the reports section.
TKT03528,CUST0462,Onboarding,High,Resolved,2022-03-23,2022-03-24,32.7,,We need help setting up user roles and permissions.
TKT03529,CUST0042,Account Management,High,Open,2024-05-21,2024-05-21,7.0,,Can we change the primary account admin?
TKT03530,CUST0186,Billing,Medium,Resolved,2023-06-11,2023-06-13,62.3,3.0,Can you clarify the pricing for adding more users?
TKT03531,CUST0063,Onboarding,Medium,In Progress,2022-08-11,2022-08-11,16.8,1.0,Our team hasn't received the onboarding training invite.
TKT03532,CUST0130,Account Management,Medium,In Progress,2025-05-03,2025-05-03,23.6,3.0,We'd like to upgrade from Growth to Enterprise plan.
TKT03533,CUST0081,Performance,Low,Resolved,2024-11-27,2024-11-29,71.8,4.0,Bulk data export is timing out for large datasets.
TKT03534,CUST0026,Feature Request,Medium,Resolved,2023-12-09,2023-12-10,32.7,3.0,Can you add a bulk user import via CSV?
TKT03535,CUST0496,Feature Request,Medium,Resolved,2022-10-11,2022-10-12,24.8,,Please add a dark mode option to the dashboard.
TKT03536,CUST0060,Performance,Medium,Resolved,2023-10-19,2023-10-19,19.5,3.0,The platform is very slow during peak hours (9-11am EST).
TKT03537,CUST0080,Billing,Medium,Resolved,2025-11-14,2025-11-14,16.3,3.0,I was charged twice this month for my subscription.
TKT03538,CUST0399,Integration,Medium,Resolved,2024-05-21,2024-05-22,41.3,4.0,Our API key stopped working after a password reset.
TKT03539,CUST0453,Technical Issue,Low,Resolved,2024-09-28,2024-10-02,102.3,2.0,Notifications are not being delivered to our team emails.
TKT03540,CUST0472,Account Management,High,In Progress,2025-06-07,2025-06-07,11.5,,We need to update our billing contact information.
TKT03541,CUST0214,Onboarding,High,In Progress,2024-06-13,2024-06-13,9.3,2.0,We need help setting up user roles and permissions.
TKT03542,CUST0485,Performance,Medium,Open,2025-06-03,2025-06-05,51.1,1.0,Bulk data export is timing out for large datasets.
TKT03543,CUST0253,Billing,Critical,Resolved,2023-09-02,2023-09-02,10.8,3.0,Requesting a refund for unused seats on our plan.
TKT03544,CUST0435,Feature Request,Medium,Resolved,2024-04-13,2024-04-13,21.8,3.0,Can you add a bulk user import via CSV?
TKT03545,CUST0461,Performance,Medium,Open,2023-12-07,2023-12-07,15.9,,API response times have increased significantly this week.
TKT03546,CUST0109,Performance,High,In Progress,2024-12-03,2024-12-03,22.0,3.0,The platform is very slow during peak hours (9-11am EST).
TKT03547,CUST0398,Technical Issue,High,Resolved,2024-02-13,2024-02-13,11.4,5.0,Notifications are not being delivered to our team emails.
TKT03548,CUST0066,Onboarding,High,Resolved,2025-05-01,2025-05-01,18.9,,Can someone walk us through connecting our CRM?
TKT03549,CUST0176,Performance,Low,Resolved,2022-05-01,2022-05-02,37.6,5.0,Reports are taking over 2 minutes to load.
TKT03550,CUST0052,Account Management,Medium,Resolved,2024-02-27,2024-02-28,24.6,5.0,We'd like to upgrade from Growth to Enterprise plan.
TKT03551,CUST0469,Technical Issue,Medium,Resolved,2025-02-06,2025-02-06,14.9,3.0,Our data sync stopped working after the last update.
TKT03552,CUST0490,Feature Request,Medium,Open,2023-03-24,2023-03-24,22.0,3.0,Can you add a bulk user import via CSV?
TKT03553,CUST0269,Integration,Critical,Resolved,2024-04-30,2024-04-30,6.7,5.0,Our API key stopped working after a password reset.
TKT03554,CUST0462,Performance,Low,Resolved,2022-01-11,2022-01-17,150.5,1.0,Reports are taking over 2 minutes to load.
TKT03555,CUST0415,Performance,Medium,Resolved,2024-03-23,2024-03-23,10.9,4.0,Dashboard charts lag when we have more than 5 filters active.
TKT03556,CUST0005,Billing,High,Resolved,2022-07-02,2022-07-02,4.5,,Can you clarify the pricing for adding more users?
TKT03557,CUST0195,Account Management,Low,Resolved,2022-05-22,2022-05-24,49.5,3.0,We need to update our billing contact information.
TKT03558,CUST0184,Integration,Medium,Resolved,2024-04-09,2024-04-09,21.5,3.0,We need help setting up the webhook for order updates.
TKT03559,CUST0308,Onboarding,High,Open,2024-01-17,2024-01-17,2.5,5.0,We need help setting up user roles and permissions.
TKT03560,CUST0389,Technical Issue,Low,In Progress,2024-01-30,2024-01-31,28.6,5.0,Notifications are not being delivered to our team emails.
TKT03561,CUST0032,Billing,Medium,Resolved,2023-06-27,2023-06-28,31.7,,My invoice doesn't match the amount on my credit card.
TKT03562,CUST0116,Technical Issue,High,Resolved,2025-10-19,2025-10-19,10.3,4.0,Our data sync stopped working after the last update.
TKT03563,CUST0212,Performance,Low,In Progress,2022-01-18,2022-01-21,84.1,4.0,The platform is very slow during peak hours (9-11am EST).
TKT03564,CUST0447,Onboarding,High,Resolved,2024-05-04,2024-05-05,29.1,1.0,We are stuck on the data migration step — need guidance.
TKT03565,CUST0041,Performance,Low,Resolved,2023-11-27,2023-11-28,40.5,4.0,Reports are taking over 2 minutes to load.
TKT03566,CUST0137,Account Management,Critical,Resolved,2023-01-16,2023-01-16,4.0,3.0,We need to update our billing contact information.
TKT03567,CUST0407,Onboarding,Medium,Resolved,2023-06-11,2023-06-13,59.6,3.0,Our team hasn't received the onboarding training invite.
TKT03568,CUST0104,Account Management,High,Resolved,2024-11-02,2024-11-02,21.2,,Please help us set up SSO for our organization.
TKT03569,CUST0371,Technical Issue,Medium,Resolved,2025-05-03,2025-05-05,66.1,1.0,Export to CSV is producing empty files.
TKT03570,CUST0337,Onboarding,Low,Resolved,2025-02-16,2025-02-19,80.9,,The setup wizard keeps freezing at Step 3.
TKT03571,CUST0261,Integration,Medium,Resolved,2022-11-28,2022-11-30,54.5,4.0,HubSpot integration is duplicating records.
TKT03572,CUST0302,Integration,Low,Resolved,2023-08-13,2023-08-15,48.5,3.0,Our API key stopped working after a password reset.
TKT03573,CUST0011,Billing,Low,Resolved,2025-07-26,2025-07-30,106.5,1.0,The upgrade price shown in the app is different from what I was charged.
TKT03574,CUST0165,Account Management,Low,Resolved,2023-03-04,2023-03-06,64.7,3.0,We'd like to upgrade from Growth to Enterprise plan.
TKT03575,CUST0318,Integration,Medium,Resolved,2022-09-20,2022-09-21,47.1,3.0,Zapier connection keeps timing out.
TKT03576,CUST0174,Account Management,Low,Open,2022-01-18,2022-01-19,26.3,3.0,We'd like to upgrade from Growth to Enterprise plan.
TKT03577,CUST0483,Technical Issue,Medium,Resolved,2025-09-11,2025-09-11,15.3,4.0,Our data sync stopped working after the last update.
TKT03578,CUST0422,Onboarding,Medium,Resolved,2023-03-23,2023-03-23,12.2,3.0,The setup wizard keeps freezing at Step 3.
TKT03579,CUST0369,Account Management,Medium,Resolved,2022-03-07,2022-03-07,12.9,5.0,We need to add 10 more user seats to our plan.
TKT03580,CUST0180,Billing,Medium,In Progress,2025-09-28,2025-09-29,26.0,4.0,My invoice doesn't match the amount on my credit card.
TKT03581,CUST0427,Integration,Medium,Resolved,2022-09-12,2022-09-12,21.5,5.0,Our API key stopped working after a password reset.
TKT03582,CUST0284,Onboarding,High,Escalated,2024-09-01,2024-09-01,5.7,2.0,The setup wizard keeps freezing at Step 3.
TKT03583,CUST0453,Integration,Low,In Progress,2025-11-27,2025-12-01,115.5,1.0,The Salesforce integration is not syncing contacts properly.
TKT03584,CUST0402,Account Management,Low,Resolved,2022-12-23,2022-12-24,47.8,,Please help us set up SSO for our organization.
TKT03585,CUST0218,Account Management,Low,Open,2025-10-10,2025-10-13,80.1,4.0,We need to add 10 more user seats to our plan.
TKT03586,CUST0001,Performance,Medium,Resolved,2022-10-17,2022-10-18,45.3,5.0,Dashboard charts lag when we have more than 5 filters active.
TKT03587,CUST0079,Performance,Medium,Open,2024-09-12,2024-09-12,21.2,4.0,Dashboard charts lag when we have more than 5 filters active.
TKT03588,CUST0025,Performance,Medium,Resolved,2023-12-26,2023-12-26,9.4,5.0,API response times have increased significantly this week.
TKT03589,CUST0478,Performance,Low,Resolved,2025-01-24,2025-01-25,46.6,4.0,API response times have increased significantly this week.
TKT03590,CUST0441,Feature Request,Low,Open,2024-05-10,2024-05-12,71.3,2.0,We'd love a Slack integration for real-time alerts.
TKT03591,CUST0043,Billing,Medium,Resolved,2025-07-29,2025-07-30,36.3,3.0,My invoice doesn't match the amount on my credit card.
TKT03592,CUST0432,Technical Issue,Low,Open,2022-03-26,2022-03-28,52.3,3.0,Our data sync stopped working after the last update.
TKT03593,CUST0210,Technical Issue,Low,In Progress,2025-11-03,2025-11-05,50.6,,Export to CSV is producing empty files.
TKT03594,CUST0075,Integration,Medium,In Progress,2024-05-25,2024-05-26,40.8,3.0,The Salesforce integration is not syncing contacts properly.
TKT03595,CUST0377,Account Management,Low,Resolved,2025-06-24,2025-06-26,61.1,5.0,We'd like to upgrade from Growth to Enterprise plan.
TKT03596,CUST0349,Feature Request,Critical,Resolved,2023-09-23,2023-09-23,11.9,,We'd love a Slack integration for real-time alerts.
TKT03597,CUST0150,Account Management,Medium,In Progress,2025-10-15,2025-10-17,61.7,4.0,Please help us set up SSO for our organization.
TKT03598,CUST0063,Performance,High,Resolved,2024-05-10,2024-05-11,32.1,3.0,Reports are taking over 2 minutes to load.
TKT03599,CUST0050,Onboarding,Low,Open,2022-12-25,2022-12-28,87.8,,Our team hasn't received the onboarding training invite.
TKT03600,CUST0101,Billing,Medium,In Progress,2023-12-25,2023-12-26,42.5,4.0,The upgrade price shown in the app is different from what I was charged.
TKT03601,CUST0233,Billing,Low,Resolved,2023-11-21,2023-11-22,25.7,4.0,The upgrade price shown in the app is different from what I was charged.
TKT03602,CUST0480,Onboarding,Medium,Resolved,2025-10-11,2025-10-12,35.7,3.0,Our team hasn't received the onboarding training invite.
TKT03603,CUST0486,Billing,Medium,Resolved,2025-06-16,2025-06-17,24.4,5.0,My invoice doesn't match the amount on my credit card.
TKT03604,CUST0391,Feature Request,Medium,Resolved,2022-08-08,2022-08-10,54.3,,Can you add a bulk user import via CSV?
TKT03605,CUST0008,Performance,High,In Progress,2023-06-17,2023-06-17,6.3,4.0,API response times have increased significantly this week.
TKT03606,CUST0163,Integration,High,Resolved,2024-03-05,2024-03-05,3.1,,The Salesforce integration is not syncing contacts properly.
TKT03607,CUST0352,Technical Issue,Low,In Progress,2024-11-17,2024-11-19,59.2,3.0,Notifications are not being delivered to our team emails.
TKT03608,CUST0063,Integration,Low,Resolved,2025-10-18,2025-10-22,105.4,4.0,The Salesforce integration is not syncing contacts properly.
TKT03609,CUST0260,Integration,Medium,Resolved,2023-03-28,2023-03-29,30.4,5.0,HubSpot integration is duplicating records.
TKT03610,CUST0310,Technical Issue,Low,Open,2023-11-12,2023-11-13,24.2,3.0,Login page throws an error when using SSO.
TKT03611,CUST0234,Onboarding,Medium,Resolved,2022-07-30,2022-07-31,28.5,4.0,Can someone walk us through connecting our CRM?
TKT03612,CUST0164,Performance,Low,Resolved,2024-04-22,2024-04-23,33.4,3.0,Bulk data export is timing out for large datasets.
TKT03613,CUST0266,Integration,Low,Resolved,2024-11-11,2024-11-12,31.7,4.0,We need help setting up the webhook for order updates.
TKT03614,CUST0384,Billing,Medium,Open,2024-09-28,2024-09-29,25.7,,Can you clarify the pricing for adding more users?
TKT03615,CUST0236,Feature Request,Medium,Resolved,2022-08-25,2022-08-25,17.6,,We need custom date range filters in the reports section.
TKT03616,CUST0219,Account Management,Low,Resolved,2023-12-07,2023-12-09,48.7,,Please help us set up SSO for our organization.
TKT03617,CUST0190,Billing,Low,Resolved,2024-11-28,2024-12-03,139.6,4.0,Requesting a refund for unused seats on our plan.
TKT03618,CUST0110,Integration,Low,Resolved,2022-12-14,2022-12-16,57.8,4.0,HubSpot integration is duplicating records.
TKT03619,CUST0212,Technical Issue,Medium,Resolved,2023-02-04,2023-02-04,19.5,,Export to CSV is producing empty files.
TKT03620,CUST0104,Feature Request,Medium,Resolved,2024-08-27,2024-08-27,20.4,5.0,Would be great to have a mobile app version.
TKT03621,CUST0229,Feature Request,Medium,Resolved,2023-08-29,2023-08-30,25.1,5.0,Please add a dark mode option to the dashboard.
TKT03622,CUST0059,Integration,High,Open,2024-09-27,2024-09-27,10.9,2.0,The Salesforce integration is not syncing contacts properly.
TKT03623,CUST0458,Feature Request,High,In Progress,2024-11-10,2024-11-10,14.0,4.0,Please add a dark mode option to the dashboard.
TKT03624,CUST0461,Account Management,Medium,Open,2023-03-23,2023-03-24,38.8,3.0,We'd like to upgrade from Growth to Enterprise plan.
TKT03625,CUST0195,Feature Request,Low,Resolved,2025-12-14,2025-12-16,71.7,4.0,Would be great to have a mobile app version.
TKT03626,CUST0220,Performance,Medium,In Progress,2025-01-22,2025-01-23,27.6,,Dashboard charts lag when we have more than 5 filters active.
TKT03627,CUST0041,Technical Issue,Medium,In Progress,2022-12-05,2022-12-05,21.6,,Notifications are not being delivered to our team emails.
TKT03628,CUST0473,Account Management,Medium,Resolved,2023-06-24,2023-06-25,42.6,,Please help us set up SSO for our organization.
TKT03629,CUST0235,Account Management,High,Resolved,2025-06-05,2025-06-05,18.1,5.0,Please help us set up SSO for our organization.
TKT03630,CUST0196,Feature Request,Medium,Resolved,2022-11-18,2022-11-19,46.0,4.0,We need custom date range filters in the reports section.
TKT03631,CUST0444,Technical Issue,High,Resolved,2023-04-23,2023-04-23,10.7,4.0,Login page throws an error when using SSO.
TKT03632,CUST0434,Billing,Low,In Progress,2025-11-01,2025-11-05,102.8,,The upgrade price shown in the app is different from what I was charged.
TKT03633,CUST0384,Account Management,High,Resolved,2024-11-30,2024-11-30,9.7,1.0,Can we change the primary account admin?
TKT03634,CUST0469,Feature Request,Low,Open,2023-05-18,2023-05-20,48.1,3.0,We need custom date range filters in the reports section.
TKT03635,CUST0059,Onboarding,Low,Resolved,2022-10-04,2022-10-09,132.3,2.0,We are stuck on the data migration step — need guidance.
TKT03636,CUST0224,Onboarding,Medium,In Progress,2024-06-11,2024-06-12,36.1,,We need help setting up user roles and permissions.
TKT03637,CUST0244,Integration,High,Resolved,2024-10-17,2024-10-17,17.8,4.0,HubSpot integration is duplicating records.
TKT03638,CUST0156,Feature Request,High,Resolved,2025-07-05,2025-07-05,17.5,5.0,Please add a dark mode option to the dashboard.
TKT03639,CUST0298,Onboarding,Low,In Progress,2023-08-22,2023-08-25,86.9,,We need help setting up user roles and permissions.
TKT03640,CUST0214,Billing,Medium,Resolved,2025-06-07,2025-06-07,16.3,2.0,My invoice doesn't match the amount on my credit card.
TKT03641,CUST0293,Account Management,Medium,In Progress,2022-02-12,2022-02-13,29.6,5.0,Can we change the primary account admin?
TKT03642,CUST0391,Onboarding,Medium,Resolved,2024-03-25,2024-03-26,37.9,3.0,Our team hasn't received the onboarding training invite.
TKT03643,CUST0118,Technical Issue,High,In Progress,2023-11-09,2023-11-09,3.3,,The dashboard is not loading — getting a 504 error.
TKT03644,CUST0469,Technical Issue,Low,Escalated,2022-07-17,2022-07-18,43.6,,Login page throws an error when using SSO.
TKT03645,CUST0192,Account Management,Low,Resolved,2023-04-02,2023-04-03,39.6,,We need to update our billing contact information.
TKT03646,CUST0192,Onboarding,Medium,In Progress,2023-05-25,2023-05-26,36.5,5.0,Can someone walk us through connecting our CRM?
TKT03647,CUST0037,Billing,Medium,Resolved,2025-07-19,2025-07-21,56.3,,Can you clarify the pricing for adding more users?
TKT03648,CUST0155,Account Management,Medium,Resolved,2024-12-04,2024-12-05,46.3,4.0,We need to add 10 more user seats to our plan.
TKT03649,CUST0385,Integration,Medium,Resolved,2024-10-02,2024-10-02,23.1,,Zapier connection keeps timing out.
TKT03650,CUST0324,Feature Request,Medium,Open,2022-05-20,2022-05-21,47.7,3.0,Please add a dark mode option to the dashboard.
TKT03651,CUST0479,Performance,High,In Progress,2025-07-07,2025-07-07,6.2,5.0,API response times have increased significantly this week.
TKT03652,CUST0366,Account Management,Medium,Resolved,2022-05-16,2022-05-17,24.2,1.0,We need to add 10 more user seats to our plan.
TKT03653,CUST0170,Integration,High,Resolved,2023-10-01,2023-10-01,3.1,3.0,Our API key stopped working after a password reset.
TKT03654,CUST0347,Onboarding,Low,Open,2024-04-08,2024-04-11,75.6,,Our team hasn't received the onboarding training invite.
TKT03655,CUST0371,Technical Issue,Low,Resolved,2023-02-23,2023-02-26,72.8,3.0,The dashboard is not loading — getting a 504 error.
TKT03656,CUST0321,Onboarding,Low,In Progress,2024-11-15,2024-11-17,65.2,4.0,Our team hasn't received the onboarding training invite.
TKT03657,CUST0389,Onboarding,High,Open,2024-08-18,2024-08-18,15.3,5.0,The setup wizard keeps freezing at Step 3.
TKT03658,CUST0493,Performance,Medium,Resolved,2022-07-21,2022-07-21,15.0,,The platform is very slow during peak hours (9-11am EST).
TKT03659,CUST0137,Integration,High,Escalated,2022-06-15,2022-06-15,17.6,4.0,Our API key stopped working after a password reset.
TKT03660,CUST0375,Onboarding,Medium,Resolved,2024-05-13,2024-05-13,17.4,,The setup wizard keeps freezing at Step 3.
TKT03661,CUST0340,Account Management,Medium,Resolved,2023-07-17,2023-07-18,31.5,5.0,Please help us set up SSO for our organization.
TKT03662,CUST0499,Performance,Medium,Resolved,2025-06-03,2025-06-03,23.9,,Reports are taking over 2 minutes to load.
TKT03663,CUST0248,Billing,Critical,Open,2023-10-11,2023-10-11,7.5,5.0,The upgrade price shown in the app is different from what I was charged.
TKT03664,CUST0224,Technical Issue,High,Resolved,2023-03-15,2023-03-15,11.7,4.0,Login page throws an error when using SSO.
TKT03665,CUST0453,Onboarding,Low,Open,2022-05-15,2022-05-19,104.7,2.0,We need help setting up user roles and permissions.
TKT03666,CUST0253,Onboarding,Medium,Resolved,2024-09-06,2024-09-06,12.9,4.0,We are stuck on the data migration step — need guidance.
TKT03667,CUST0088,Performance,Medium,Resolved,2024-05-18,2024-05-20,62.4,3.0,Bulk data export is timing out for large datasets.
TKT03668,CUST0259,Account Management,Low,Resolved,2023-02-06,2023-02-07,24.0,3.0,We need to update our billing contact information.
TKT03669,CUST0257,Performance,High,In Progress,2024-05-10,2024-05-10,23.7,4.0,Bulk data export is timing out for large datasets.
TKT03670,CUST0158,Performance,Medium,Resolved,2025-09-10,2025-09-11,38.5,5.0,Bulk data export is timing out for large datasets.
TKT03671,CUST0262,Onboarding,Medium,Open,2025-05-18,2025-05-20,58.3,1.0,Our team hasn't received the onboarding training invite.
TKT03672,CUST0073,Technical Issue,Medium,Resolved,2024-04-04,2024-04-05,44.9,,Our data sync stopped working after the last update.
TKT03673,CUST0191,Performance,High,Open,2024-12-24,2024-12-24,10.1,4.0,Dashboard charts lag when we have more than 5 filters active.
TKT03674,CUST0460,Onboarding,High,Resolved,2023-03-16,2023-03-16,2.1,,Can someone walk us through connecting our CRM?
TKT03675,CUST0010,Integration,Low,Resolved,2022-09-22,2022-09-23,34.8,4.0,Our API key stopped working after a password reset.
TKT03676,CUST0039,Technical Issue,Low,Open,2024-03-16,2024-03-19,73.6,,Export to CSV is producing empty files.
TKT03677,CUST0002,Integration,Low,Resolved,2023-10-08,2023-10-10,50.6,5.0,We need help setting up the webhook for order updates.
TKT03678,CUST0147,Account Management,Medium,Resolved,2025-09-12,2025-09-15,74.1,2.0,We'd like to upgrade from Growth to Enterprise plan.
TKT03679,CUST0220,Billing,Low,Resolved,2025-02-11,2025-02-12,35.0,5.0,I was charged twice this month for my subscription.
TKT03680,CUST0036,Billing,Low,Resolved,2023-06-07,2023-06-10,74.8,4.0,Requesting a refund for unused seats on our plan.
TKT03681,CUST0236,Performance,Medium,Resolved,2025-05-09,2025-05-10,32.1,4.0,API response times have increased significantly this week.
TKT03682,CUST0448,Account Management,High,Resolved,2025-08-03,2025-08-03,11.1,2.0,Can we change the primary account admin?
TKT03683,CUST0371,Technical Issue,Medium,Resolved,2024-05-29,2024-05-31,48.3,,Login page throws an error when using SSO.
TKT03684,CUST0405,Integration,Low,Resolved,2024-11-16,2024-11-18,52.5,4.0,HubSpot integration is duplicating records.
TKT03685,CUST0194,Feature Request,Low,In Progress,2022-10-18,2022-10-19,42.0,,Would be great to have a mobile app version.
TKT03686,CUST0324,Integration,Low,Resolved,2025-01-17,2025-01-20,94.2,,Our API key stopped working after a password reset.
TKT03687,CUST0297,Integration,Medium,Resolved,2024-02-11,2024-02-12,45.7,,HubSpot integration is duplicating records.
TKT03688,CUST0342,Technical Issue,High,Resolved,2023-08-16,2023-08-16,5.9,5.0,Export to CSV is producing empty files.
TKT03689,CUST0203,Onboarding,Low,Resolved,2022-11-12,2022-11-15,85.4,2.0,We need help setting up user roles and permissions.
TKT03690,CUST0029,Onboarding,Medium,Escalated,2024-07-24,2024-07-25,37.6,5.0,Can someone walk us through connecting our CRM?
TKT03691,CUST0344,Performance,Low,Resolved,2025-05-17,2025-05-19,58.7,3.0,API response times have increased significantly this week.
TKT03692,CUST0334,Integration,Medium,Resolved,2024-05-31,2024-06-01,44.9,2.0,Zapier connection keeps timing out.
TKT03693,CUST0111,Performance,Medium,Resolved,2022-03-29,2022-03-30,34.7,,Bulk data export is timing out for large datasets.
TKT03694,CUST0061,Billing,Medium,Resolved,2023-05-10,2023-05-10,22.5,4.0,The upgrade price shown in the app is different from what I was charged.
TKT03695,CUST0180,Billing,Medium,In Progress,2023-07-15,2023-07-17,62.7,,Can you clarify the pricing for adding more users?
TKT03696,CUST0387,Onboarding,Low,In Progress,2022-10-17,2022-10-19,65.8,,Our team hasn't received the onboarding training invite.
TKT03697,CUST0498,Onboarding,Low,Resolved,2024-08-14,2024-08-17,84.8,,We need help setting up user roles and permissions.
TKT03698,CUST0392,Technical Issue,High,Resolved,2025-09-14,2025-09-14,17.4,3.0,Login page throws an error when using SSO.
TKT03699,CUST0476,Performance,Medium,Open,2023-04-10,2023-04-11,28.3,4.0,API response times have increased significantly this week.
TKT03700,CUST0406,Billing,Low,In Progress,2025-06-27,2025-06-30,82.4,4.0,The upgrade price shown in the app is different from what I was charged.
TKT03701,CUST0478,Performance,Medium,In Progress,2025-11-29,2025-11-30,47.0,4.0,Reports are taking over 2 minutes to load.
TKT03702,CUST0034,Account Management,Low,Open,2022-02-28,2022-03-03,74.2,2.0,We'd like to upgrade from Growth to Enterprise plan.
TKT03703,CUST0250,Feature Request,Low,Resolved,2023-08-11,2023-08-14,92.5,4.0,Please add a dark mode option to the dashboard.
TKT03704,CUST0201,Billing,Medium,Resolved,2024-09-25,2024-09-26,44.8,4.0,The upgrade price shown in the app is different from what I was charged.
TKT03705,CUST0083,Technical Issue,Medium,In Progress,2023-09-22,2023-09-24,68.5,1.0,Export to CSV is producing empty files.
TKT03706,CUST0122,Billing,Low,In Progress,2024-10-14,2024-10-15,24.8,4.0,I was charged twice this month for my subscription.
TKT03707,CUST0244,Account Management,Medium,Resolved,2025-06-06,2025-06-07,26.8,4.0,We need to update our billing contact information.
TKT03708,CUST0276,Performance,Low,Resolved,2023-10-16,2023-10-17,31.8,5.0,Dashboard charts lag when we have more than 5 filters active.
TKT03709,CUST0347,Billing,Low,Resolved,2024-06-09,2024-06-11,61.1,3.0,I was charged twice this month for my subscription.
TKT03710,CUST0447,Billing,Low,Resolved,2024-04-04,2024-04-08,108.9,1.0,Requesting a refund for unused seats on our plan.
TKT03711,CUST0453,Feature Request,High,In Progress,2023-03-25,2023-03-26,33.7,2.0,Can you add a bulk user import via CSV?
TKT03712,CUST0132,Feature Request,Medium,Resolved,2024-06-12,2024-06-12,21.5,,Can you add a bulk user import via CSV?
TKT03713,CUST0381,Integration,Critical,In Progress,2023-09-26,2023-09-26,3.0,,HubSpot integration is duplicating records.
TKT03714,CUST0293,Integration,Medium,Resolved,2022-06-24,2022-06-25,44.4,5.0,Zapier connection keeps timing out.
TKT03715,CUST0027,Technical Issue,Medium,Resolved,2023-10-11,2023-10-12,25.4,3.0,Login page throws an error when using SSO.
TKT03716,CUST0378,Performance,Medium,In Progress,2024-06-10,2024-06-12,51.1,1.0,Dashboard charts lag when we have more than 5 filters active.
TKT03717,CUST0107,Onboarding,High,Resolved,2025-08-25,2025-08-25,19.3,5.0,Can someone walk us through connecting our CRM?
TKT03718,CUST0361,Account Management,Medium,Resolved,2022-08-20,2022-08-20,16.9,1.0,Please help us set up SSO for our organization.
TKT03719,CUST0308,Technical Issue,High,In Progress,2022-10-25,2022-10-25,3.5,5.0,Login page throws an error when using SSO.
TKT03720,CUST0413,Integration,Medium,Escalated,2025-04-03,2025-04-04,43.6,5.0,HubSpot integration is duplicating records.
TKT03721,CUST0121,Billing,High,Resolved,2023-01-19,2023-01-19,14.2,,My invoice doesn't match the amount on my credit card.
TKT03722,CUST0184,Billing,Medium,Resolved,2022-04-17,2022-04-18,30.4,,I was charged twice this month for my subscription.
TKT03723,CUST0077,Performance,Medium,Resolved,2023-06-22,2023-06-23,36.1,5.0,API response times have increased significantly this week.
TKT03724,CUST0167,Feature Request,Medium,Resolved,2025-02-03,2025-02-03,17.1,3.0,We'd love a Slack integration for real-time alerts.
TKT03725,CUST0124,Integration,High,Open,2024-05-26,2024-05-26,15.6,1.0,HubSpot integration is duplicating records.
TKT03726,CUST0464,Onboarding,Medium,Resolved,2022-04-16,2022-04-17,35.5,5.0,Can someone walk us through connecting our CRM?
TKT03727,CUST0242,Billing,Medium,In Progress,2024-02-19,2024-02-19,14.1,,I was charged twice this month for my subscription.
TKT03728,CUST0201,Billing,Medium,Resolved,2023-09-25,2023-09-26,30.2,1.0,Requesting a refund for unused seats on our plan.
TKT03729,CUST0050,Technical Issue,High,Resolved,2025-10-09,2025-10-09,19.1,,Export to CSV is producing empty files.
TKT03730,CUST0203,Performance,Medium,Resolved,2024-02-10,2024-02-11,40.5,,Bulk data export is timing out for large datasets.
TKT03731,CUST0179,Integration,Low,Resolved,2024-11-13,2024-11-16,85.4,5.0,We need help setting up the webhook for order updates.
TKT03732,CUST0249,Integration,High,Resolved,2023-03-12,2023-03-12,20.2,5.0,Zapier connection keeps timing out.
TKT03733,CUST0475,Integration,Medium,In Progress,2023-06-30,2023-06-30,17.0,,HubSpot integration is duplicating records.
TKT03734,CUST0022,Performance,Low,In Progress,2022-11-09,2022-11-10,30.0,5.0,Dashboard charts lag when we have more than 5 filters active.
TKT03735,CUST0010,Integration,Low,Resolved,2022-10-10,2022-10-12,56.8,4.0,We need help setting up the webhook for order updates.
TKT03736,CUST0392,Account Management,High,Resolved,2023-01-19,2023-01-19,7.5,3.0,We need to add 10 more user seats to our plan.
TKT03737,CUST0417,Performance,Medium,Resolved,2022-09-25,2022-09-26,25.5,5.0,The platform is very slow during peak hours (9-11am EST).
TKT03738,CUST0231,Technical Issue,Critical,Resolved,2025-02-04,2025-02-04,1.8,,Our data sync stopped working after the last update.
TKT03739,CUST0464,Integration,Low,Resolved,2023-06-23,2023-06-25,50.6,,We need help setting up the webhook for order updates.
TKT03740,CUST0394,Account Management,Low,Resolved,2023-09-25,2023-09-28,82.9,2.0,We need to update our billing contact information.
TKT03741,CUST0325,Technical Issue,High,Resolved,2024-05-03,2024-05-03,9.0,5.0,Login page throws an error when using SSO.
TKT03742,CUST0273,Billing,Medium,Open,2023-11-15,2023-11-17,71.7,,I was charged twice this month for my subscription.
TKT03743,CUST0465,Integration,Medium,Resolved,2023-12-18,2023-12-19,44.8,3.0,HubSpot integration is duplicating records.
TKT03744,CUST0241,Account Management,Medium,Resolved,2022-04-19,2022-04-20,44.5,4.0,Can we change the primary account admin?
TKT03745,CUST0353,Performance,High,Escalated,2023-11-14,2023-11-14,12.0,,Reports are taking over 2 minutes to load.
TKT03746,CUST0233,Integration,Critical,Open,2025-12-30,2025-12-30,6.6,5.0,The Salesforce integration is not syncing contacts properly.
TKT03747,CUST0451,Integration,Critical,Escalated,2022-08-23,2022-08-23,3.4,5.0,The Salesforce integration is not syncing contacts properly.
TKT03748,CUST0139,Onboarding,Medium,Resolved,2025-05-06,2025-05-07,34.3,3.0,Can someone walk us through connecting our CRM?
TKT03749,CUST0002,Account Management,High,Resolved,2024-01-15,2024-01-15,11.1,,Please help us set up SSO for our organization.
TKT03750,CUST0275,Integration,Medium,Resolved,2023-10-05,2023-10-07,55.5,,We need help setting up the webhook for order updates.
TKT03751,CUST0477,Account Management,Medium,Resolved,2024-06-06,2024-06-06,22.4,4.0,We need to update our billing contact information.
TKT03752,CUST0087,Performance,Low,Resolved,2023-07-31,2023-08-03,90.4,3.0,API response times have increased significantly this week.
TKT03753,CUST0220,Technical Issue,Low,Resolved,2024-05-28,2024-05-31,94.0,4.0,Notifications are not being delivered to our team emails.
TKT03754,CUST0270,Performance,Medium,Resolved,2023-10-02,2023-10-03,37.4,,API response times have increased significantly this week.
TKT03755,CUST0112,Performance,Medium,Resolved,2022-05-03,2022-05-04,34.4,3.0,Reports are taking over 2 minutes to load.
TKT03756,CUST0043,Performance,Low,In Progress,2025-10-19,2025-10-22,94.4,3.0,Reports are taking over 2 minutes to load.
TKT03757,CUST0460,Billing,Low,Resolved,2024-11-03,2024-11-04,44.8,,Requesting a refund for unused seats on our plan.
TKT03758,CUST0426,Integration,High,In Progress,2024-07-01,2024-07-01,5.8,,HubSpot integration is duplicating records.
TKT03759,CUST0383,Billing,Medium,Resolved,2024-02-18,2024-02-18,17.7,4.0,Can you clarify the pricing for adding more users?
TKT03760,CUST0088,Feature Request,Medium,Resolved,2023-11-30,2023-12-02,55.4,3.0,Can you add a bulk user import via CSV?
TKT03761,CUST0325,Performance,High,Resolved,2025-11-26,2025-11-26,17.0,3.0,API response times have increased significantly this week.
TKT03762,CUST0229,Feature Request,Low,Resolved,2024-07-13,2024-07-14,38.1,5.0,We need custom date range filters in the reports section.
TKT03763,CUST0250,Feature Request,Medium,Resolved,2024-06-18,2024-06-19,27.4,3.0,We need custom date range filters in the reports section.
TKT03764,CUST0460,Technical Issue,Medium,Resolved,2023-06-22,2023-06-22,14.0,,Notifications are not being delivered to our team emails.
TKT03765,CUST0162,Feature Request,Medium,Resolved,2022-06-09,2022-06-10,31.4,3.0,Please add a dark mode option to the dashboard.
TKT03766,CUST0473,Technical Issue,Medium,Escalated,2024-06-03,2024-06-03,17.5,3.0,The dashboard is not loading — getting a 504 error.
TKT03767,CUST0433,Account Management,Low,Resolved,2024-07-13,2024-07-14,27.5,5.0,Please help us set up SSO for our organization.
TKT03768,CUST0466,Billing,Medium,In Progress,2023-10-29,2023-10-29,16.5,,Requesting a refund for unused seats on our plan.
TKT03769,CUST0011,Billing,High,Resolved,2024-02-20,2024-02-21,24.8,,I was charged twice this month for my subscription.
TKT03770,CUST0484,Feature Request,Critical,Resolved,2023-12-20,2023-12-20,7.2,,We need custom date range filters in the reports section.
TKT03771,CUST0498,Integration,Low,Resolved,2025-06-21,2025-06-23,48.6,,We need help setting up the webhook for order updates.
TKT03772,CUST0008,Integration,Low,In Progress,2022-08-16,2022-08-18,65.3,3.0,Our API key stopped working after a password reset.
TKT03773,CUST0053,Feature Request,Medium,Resolved,2022-07-22,2022-07-23,30.7,3.0,Please add a dark mode option to the dashboard.
TKT03774,CUST0097,Integration,Medium,Resolved,2023-03-12,2023-03-12,23.3,,We need help setting up the webhook for order updates.
TKT03775,CUST0202,Onboarding,Medium,Resolved,2024-11-25,2024-11-25,10.0,,We need help setting up user roles and permissions.
TKT03776,CUST0036,Onboarding,High,Resolved,2023-09-29,2023-09-29,21.8,2.0,Our team hasn't received the onboarding training invite.
TKT03777,CUST0012,Account Management,Medium,Open,2022-03-06,2022-03-07,26.2,,We'd like to upgrade from Growth to Enterprise plan.
TKT03778,CUST0198,Feature Request,Low,Resolved,2022-01-07,2022-01-08,41.0,4.0,We'd love a Slack integration for real-time alerts.
TKT03779,CUST0366,Performance,Low,Resolved,2025-06-03,2025-06-07,109.2,4.0,The platform is very slow during peak hours (9-11am EST).
TKT03780,CUST0015,Technical Issue,Medium,Resolved,2024-02-13,2024-02-14,28.1,4.0,Our data sync stopped working after the last update.
TKT03781,CUST0401,Onboarding,Low,Resolved,2024-05-23,2024-05-25,68.1,4.0,Our team hasn't received the onboarding training invite.
TKT03782,CUST0333,Onboarding,High,Resolved,2023-11-11,2023-11-11,14.9,,Our team hasn't received the onboarding training invite.
TKT03783,CUST0168,Account Management,Low,Resolved,2024-05-06,2024-05-11,125.7,3.0,We'd like to upgrade from Growth to Enterprise plan.
TKT03784,CUST0027,Account Management,High,In Progress,2023-12-06,2023-12-06,20.9,5.0,Please help us set up SSO for our organization.
TKT03785,CUST0394,Feature Request,High,Resolved,2022-07-17,2022-07-17,10.1,4.0,Please add a dark mode option to the dashboard.
TKT03786,CUST0031,Performance,Medium,Resolved,2022-05-07,2022-05-08,36.6,5.0,Dashboard charts lag when we have more than 5 filters active.
TKT03787,CUST0131,Billing,Medium,Resolved,2022-07-03,2022-07-04,29.3,1.0,The upgrade price shown in the app is different from what I was charged.
TKT03788,CUST0406,Billing,Medium,Open,2022-07-02,2022-07-03,36.0,4.0,Requesting a refund for unused seats on our plan.
TKT03789,CUST0499,Performance,Critical,Resolved,2022-11-17,2022-11-17,5.9,3.0,Dashboard charts lag when we have more than 5 filters active.
TKT03790,CUST0212,Technical Issue,Medium,Resolved,2025-08-15,2025-08-16,31.0,,Our data sync stopped working after the last update.
TKT03791,CUST0105,Feature Request,High,Resolved,2025-06-01,2025-06-01,22.1,,Would be great to have a mobile app version.
TKT03792,CUST0294,Feature Request,Medium,Resolved,2025-02-25,2025-02-26,30.6,,We'd love a Slack integration for real-time alerts.
TKT03793,CUST0143,Account Management,Medium,Resolved,2022-12-27,2022-12-29,51.0,4.0,We'd like to upgrade from Growth to Enterprise plan.
TKT03794,CUST0162,Billing,Low,Resolved,2024-11-16,2024-11-19,72.5,4.0,The upgrade price shown in the app is different from what I was charged.
TKT03795,CUST0097,Onboarding,Medium,Open,2024-05-17,2024-05-17,21.9,3.0,We are stuck on the data migration step — need guidance.
TKT03796,CUST0041,Technical Issue,Low,Resolved,2022-05-27,2022-05-28,41.7,5.0,Notifications are not being delivered to our team emails.
TKT03797,CUST0403,Technical Issue,Medium,Resolved,2025-10-25,2025-10-26,39.4,,Export to CSV is producing empty files.
TKT03798,CUST0262,Technical Issue,High,Resolved,2023-11-19,2023-11-19,13.4,3.0,Login page throws an error when using SSO.
TKT03799,CUST0260,Integration,Medium,Resolved,2023-04-19,2023-04-20,32.7,3.0,HubSpot integration is duplicating records.
TKT03800,CUST0186,Technical Issue,Medium,Resolved,2023-08-10,2023-08-11,26.6,2.0,Export to CSV is producing empty files.
TKT03801,CUST0478,Account Management,Medium,Open,2022-05-12,2022-05-12,22.1,5.0,We'd like to upgrade from Growth to Enterprise plan.
TKT03802,CUST0216,Account Management,Low,In Progress,2024-06-04,2024-06-07,92.6,5.0,We need to update our billing contact information.
TKT03803,CUST0377,Technical Issue,Critical,Resolved,2023-06-08,2023-06-08,4.3,4.0,Export to CSV is producing empty files.
TKT03804,CUST0054,Billing,Medium,In Progress,2025-09-22,2025-09-23,44.4,,My invoice doesn't match the amount on my credit card.
TKT03805,CUST0084,Technical Issue,High,Resolved,2022-10-14,2022-10-14,6.6,4.0,The dashboard is not loading — getting a 504 error.
TKT03806,CUST0441,Account Management,Medium,Resolved,2024-11-14,2024-11-15,27.2,,We need to update our billing contact information.
TKT03807,CUST0133,Billing,Low,Resolved,2022-09-17,2022-09-20,91.4,3.0,My invoice doesn't match the amount on my credit card.
TKT03808,CUST0383,Technical Issue,Low,Resolved,2023-06-25,2023-06-28,75.2,1.0,Export to CSV is producing empty files.
TKT03809,CUST0137,Feature Request,Low,Resolved,2025-06-19,2025-06-21,52.3,4.0,We need custom date range filters in the reports section.
TKT03810,CUST0415,Billing,High,Resolved,2022-06-10,2022-06-10,16.9,5.0,I was charged twice this month for my subscription.
TKT03811,CUST0217,Integration,Low,Resolved,2023-02-05,2023-02-08,89.3,4.0,Zapier connection keeps timing out.
TKT03812,CUST0407,Feature Request,Medium,In Progress,2025-10-25,2025-10-25,15.4,,We need custom date range filters in the reports section.
TKT03813,CUST0289,Performance,Low,Resolved,2022-03-13,2022-03-16,87.1,4.0,Reports are taking over 2 minutes to load.
TKT03814,CUST0127,Technical Issue,Low,Resolved,2025-01-27,2025-01-28,31.2,,Export to CSV is producing empty files.
TKT03815,CUST0496,Integration,Medium,Resolved,2024-06-14,2024-06-15,33.6,,We need help setting up the webhook for order updates.
TKT03816,CUST0094,Technical Issue,Medium,Resolved,2023-08-06,2023-08-06,14.2,2.0,The dashboard is not loading — getting a 504 error.
TKT03817,CUST0390,Integration,Medium,Resolved,2024-11-08,2024-11-10,51.7,,Our API key stopped working after a password reset.
TKT03818,CUST0357,Integration,Medium,Escalated,2025-03-11,2025-03-14,76.2,2.0,HubSpot integration is duplicating records.
TKT03819,CUST0292,Performance,Low,Resolved,2025-07-09,2025-07-13,103.9,4.0,Bulk data export is timing out for large datasets.
TKT03820,CUST0089,Technical Issue,Critical,Resolved,2022-06-20,2022-06-20,5.2,3.0,Our data sync stopped working after the last update.
TKT03821,CUST0186,Feature Request,Low,Resolved,2023-11-01,2023-11-05,98.3,2.0,We need custom date range filters in the reports section.
TKT03822,CUST0105,Technical Issue,Low,Resolved,2024-08-27,2024-08-28,26.5,5.0,Notifications are not being delivered to our team emails.
TKT03823,CUST0493,Onboarding,Medium,Resolved,2024-12-27,2024-12-28,36.4,3.0,Our team hasn't received the onboarding training invite.
TKT03824,CUST0198,Technical Issue,High,Resolved,2022-05-02,2022-05-02,17.7,4.0,The dashboard is not loading — getting a 504 error.
TKT03825,CUST0316,Feature Request,High,Resolved,2023-02-28,2023-02-28,19.3,5.0,Please add a dark mode option to the dashboard.
TKT03826,CUST0149,Performance,Low,In Progress,2022-02-07,2022-02-10,77.6,1.0,Reports are taking over 2 minutes to load.
TKT03827,CUST0349,Billing,Critical,In Progress,2022-10-22,2022-10-22,6.8,1.0,Can you clarify the pricing for adding more users?
TKT03828,CUST0280,Integration,High,In Progress,2025-01-27,2025-01-27,16.7,2.0,Our API key stopped working after a password reset.
TKT03829,CUST0154,Technical Issue,Low,Open,2022-11-26,2022-11-27,37.6,,Export to CSV is producing empty files.
TKT03830,CUST0086,Performance,Low,Resolved,2023-12-09,2023-12-12,74.9,5.0,Dashboard charts lag when we have more than 5 filters active.
TKT03831,CUST0072,Performance,Critical,Resolved,2022-01-11,2022-01-11,6.3,3.0,API response times have increased significantly this week.
TKT03832,CUST0140,Billing,Medium,Resolved,2025-06-21,2025-06-23,50.2,3.0,I was charged twice this month for my subscription.
TKT03833,CUST0184,Account Management,Low,Resolved,2023-12-16,2023-12-17,25.0,,Can we change the primary account admin?
TKT03834,CUST0246,Performance,Low,Resolved,2022-11-27,2022-11-30,93.9,3.0,Dashboard charts lag when we have more than 5 filters active.
TKT03835,CUST0456,Technical Issue,Low,Resolved,2024-04-23,2024-04-26,73.3,,Export to CSV is producing empty files.
TKT03836,CUST0359,Integration,Medium,Resolved,2023-01-01,2023-01-02,31.1,,We need help setting up the webhook for order updates.
TKT03837,CUST0149,Technical Issue,Low,Resolved,2025-01-04,2025-01-10,148.3,3.0,Our data sync stopped working after the last update.
TKT03838,CUST0122,Integration,Medium,Resolved,2024-03-30,2024-03-31,29.1,5.0,Zapier connection keeps timing out.
TKT03839,CUST0417,Onboarding,Medium,Resolved,2022-12-29,2022-12-29,8.8,,We need help setting up user roles and permissions.
TKT03840,CUST0079,Feature Request,High,Resolved,2024-02-26,2024-02-26,10.6,3.0,Would be great to have a mobile app version.
TKT03841,CUST0412,Onboarding,Low,Resolved,2022-01-17,2022-01-19,67.8,5.0,We are stuck on the data migration step — need guidance.
TKT03842,CUST0346,Technical Issue,Medium,Resolved,2022-07-27,2022-07-28,41.2,5.0,The dashboard is not loading — getting a 504 error.
TKT03843,CUST0175,Performance,Low,In Progress,2022-08-29,2022-08-31,55.7,,Bulk data export is timing out for large datasets.
TKT03844,CUST0123,Onboarding,Medium,Resolved,2022-01-04,2022-01-05,46.8,,Our team hasn't received the onboarding training invite.
TKT03845,CUST0246,Feature Request,Medium,Resolved,2023-01-04,2023-01-05,38.7,,We'd love a Slack integration for real-time alerts.
TKT03846,CUST0019,Performance,Low,In Progress,2023-04-17,2023-04-18,41.3,,The platform is very slow during peak hours (9-11am EST).
TKT03847,CUST0096,Feature Request,Critical,In Progress,2025-03-24,2025-03-24,7.4,4.0,Please add a dark mode option to the dashboard.
TKT03848,CUST0035,Technical Issue,High,Resolved,2023-04-29,2023-04-29,3.5,,The dashboard is not loading — getting a 504 error.
TKT03849,CUST0258,Technical Issue,Medium,Resolved,2025-01-09,2025-01-10,38.0,3.0,Our data sync stopped working after the last update.
TKT03850,CUST0222,Technical Issue,Low,Resolved,2023-09-12,2023-09-15,87.6,,Notifications are not being delivered to our team emails.
TKT03851,CUST0106,Performance,Critical,Resolved,2023-09-30,2023-09-30,5.8,,Reports are taking over 2 minutes to load.
TKT03852,CUST0196,Performance,Medium,Resolved,2025-12-24,2025-12-24,23.2,3.0,Dashboard charts lag when we have more than 5 filters active.
TKT03853,CUST0452,Performance,Low,Resolved,2022-06-20,2022-06-25,124.4,2.0,The platform is very slow during peak hours (9-11am EST).
TKT03854,CUST0328,Technical Issue,Low,Open,2023-10-28,2023-10-31,73.5,5.0,Export to CSV is producing empty files.
TKT03855,CUST0422,Performance,Medium,Resolved,2025-06-08,2025-06-09,30.7,5.0,Dashboard charts lag when we have more than 5 filters active.
TKT03856,CUST0225,Onboarding,Medium,Resolved,2023-05-07,2023-05-08,47.9,,Our team hasn't received the onboarding training invite.
TKT03857,CUST0312,Onboarding,Low,Resolved,2025-10-31,2025-11-02,51.9,,Can someone walk us through connecting our CRM?
TKT03858,CUST0074,Technical Issue,High,Resolved,2025-08-05,2025-08-05,3.7,,Our data sync stopped working after the last update.
TKT03859,CUST0236,Integration,Low,Resolved,2024-07-15,2024-07-18,88.1,,We need help setting up the webhook for order updates.
TKT03860,CUST0255,Performance,Low,In Progress,2023-01-24,2023-01-26,70.9,4.0,Reports are taking over 2 minutes to load.
TKT03861,CUST0346,Feature Request,Low,In Progress,2025-05-24,2025-05-26,69.3,,We need custom date range filters in the reports section.
TKT03862,CUST0086,Onboarding,High,In Progress,2022-06-01,2022-06-01,6.1,4.0,The setup wizard keeps freezing at Step 3.
TKT03863,CUST0104,Onboarding,Medium,Resolved,2024-11-09,2024-11-10,33.9,5.0,Can someone walk us through connecting our CRM?
TKT03864,CUST0157,Onboarding,Medium,In Progress,2023-01-16,2023-01-17,37.5,2.0,We are stuck on the data migration step — need guidance.
TKT03865,CUST0046,Performance,Low,In Progress,2023-03-28,2023-03-29,33.5,5.0,API response times have increased significantly this week.
TKT03866,CUST0416,Billing,High,Resolved,2022-01-03,2022-01-03,5.8,5.0,The upgrade price shown in the app is different from what I was charged.
TKT03867,CUST0291,Onboarding,Low,Resolved,2025-05-19,2025-05-20,44.4,,We need help setting up user roles and permissions.
TKT03868,CUST0158,Performance,Medium,Open,2024-05-15,2024-05-16,46.0,5.0,Reports are taking over 2 minutes to load.
TKT03869,CUST0279,Feature Request,Medium,In Progress,2023-10-31,2023-11-01,47.0,,We'd love a Slack integration for real-time alerts.
TKT03870,CUST0264,Technical Issue,High,Resolved,2024-10-24,2024-10-24,12.1,4.0,The dashboard is not loading — getting a 504 error.
TKT03871,CUST0044,Account Management,Low,Resolved,2024-02-18,2024-02-20,51.5,4.0,We need to update our billing contact information.
TKT03872,CUST0451,Technical Issue,Low,In Progress,2023-11-22,2023-11-25,92.6,5.0,The dashboard is not loading — getting a 504 error.
TKT03873,CUST0259,Feature Request,High,In Progress,2022-03-30,2022-03-30,11.3,,We'd love a Slack integration for real-time alerts.
TKT03874,CUST0450,Account Management,Low,Resolved,2024-09-15,2024-09-18,77.0,5.0,We need to add 10 more user seats to our plan.
TKT03875,CUST0026,Technical Issue,Medium,Resolved,2022-02-20,2022-02-21,41.3,3.0,Notifications are not being delivered to our team emails.
TKT03876,CUST0492,Feature Request,Medium,Resolved,2023-11-08,2023-11-09,36.1,5.0,Can you add a bulk user import via CSV?
TKT03877,CUST0079,Billing,Medium,Open,2022-10-29,2022-10-29,15.9,3.0,Requesting a refund for unused seats on our plan.
TKT03878,CUST0077,Technical Issue,Low,Escalated,2025-01-12,2025-01-14,68.4,3.0,The dashboard is not loading — getting a 504 error.
TKT03879,CUST0321,Account Management,Critical,In Progress,2025-04-08,2025-04-08,4.5,3.0,We need to update our billing contact information.
TKT03880,CUST0235,Integration,Low,In Progress,2025-02-03,2025-02-06,95.4,4.0,HubSpot integration is duplicating records.
TKT03881,CUST0126,Onboarding,Low,Open,2025-02-03,2025-02-08,120.7,,We need help setting up user roles and permissions.
TKT03882,CUST0415,Account Management,High,Open,2024-04-15,2024-04-15,9.2,5.0,We'd like to upgrade from Growth to Enterprise plan.
TKT03883,CUST0193,Feature Request,Medium,Resolved,2023-02-10,2023-02-10,14.3,1.0,We need custom date range filters in the reports section.
TKT03884,CUST0159,Performance,Medium,Resolved,2025-02-14,2025-02-15,33.4,5.0,Reports are taking over 2 minutes to load.
TKT03885,CUST0360,Onboarding,Low,Resolved,2022-12-21,2022-12-26,135.5,1.0,Our team hasn't received the onboarding training invite.
TKT03886,CUST0003,Integration,Low,In Progress,2025-08-17,2025-08-18,39.7,,Our API key stopped working after a password reset.
TKT03887,CUST0297,Performance,Medium,Resolved,2022-06-04,2022-06-05,36.0,5.0,Dashboard charts lag when we have more than 5 filters active.
TKT03888,CUST0100,Billing,Medium,Escalated,2022-01-03,2022-01-06,76.7,3.0,Can you clarify the pricing for adding more users?
TKT03889,CUST0028,Account Management,Low,In Progress,2023-05-05,2023-05-08,85.0,,We need to add 10 more user seats to our plan.
TKT03890,CUST0303,Technical Issue,Medium,Resolved,2025-08-24,2025-08-25,46.6,,Notifications are not being delivered to our team emails.
TKT03891,CUST0488,Performance,Low,Resolved,2022-08-17,2022-08-20,81.3,5.0,Dashboard charts lag when we have more than 5 filters active.
TKT03892,CUST0351,Onboarding,High,Escalated,2023-07-14,2023-07-14,20.3,5.0,The setup wizard keeps freezing at Step 3.
TKT03893,CUST0059,Performance,Medium,Resolved,2023-04-22,2023-04-22,21.3,2.0,Dashboard charts lag when we have more than 5 filters active.
TKT03894,CUST0461,Performance,Medium,Resolved,2025-12-29,2025-12-30,34.6,,The platform is very slow during peak hours (9-11am EST).
TKT03895,CUST0475,Technical Issue,Low,Resolved,2023-11-17,2023-11-19,67.3,,Export to CSV is producing empty files.
TKT03896,CUST0477,Account Management,Medium,Resolved,2024-12-14,2024-12-14,22.0,3.0,We'd like to upgrade from Growth to Enterprise plan.
TKT03897,CUST0038,Account Management,Low,Resolved,2023-08-03,2023-08-08,129.1,,Please help us set up SSO for our organization.
TKT03898,CUST0257,Feature Request,High,Resolved,2022-08-06,2022-08-06,20.1,,Would be great to have a mobile app version.
TKT03899,CUST0462,Billing,High,Open,2022-12-31,2023-01-01,32.5,3.0,Can you clarify the pricing for adding more users?
TKT03900,CUST0473,Account Management,Medium,Resolved,2023-11-30,2023-12-01,35.4,5.0,We'd like to upgrade from Growth to Enterprise plan.
TKT03901,CUST0469,Billing,High,Open,2022-04-19,2022-04-19,4.1,3.0,My invoice doesn't match the amount on my credit card.
TKT03902,CUST0190,Technical Issue,High,Resolved,2025-07-22,2025-07-23,30.8,2.0,Notifications are not being delivered to our team emails.
TKT03903,CUST0050,Account Management,Low,Resolved,2022-04-09,2022-04-11,62.7,5.0,Can we change the primary account admin?
TKT03904,CUST0117,Account Management,Low,Resolved,2024-10-11,2024-10-14,82.8,3.0,Please help us set up SSO for our organization.
TKT03905,CUST0288,Integration,Low,Resolved,2024-12-18,2024-12-21,88.5,4.0,We need help setting up the webhook for order updates.
TKT03906,CUST0352,Account Management,Medium,Resolved,2022-07-03,2022-07-04,29.8,3.0,We need to update our billing contact information.
TKT03907,CUST0256,Performance,High,Resolved,2022-04-04,2022-04-04,9.7,,Bulk data export is timing out for large datasets.
TKT03908,CUST0001,Performance,Medium,Resolved,2023-01-14,2023-01-15,47.9,,Reports are taking over 2 minutes to load.
TKT03909,CUST0361,Billing,Medium,Open,2024-11-12,2024-11-12,23.9,1.0,Requesting a refund for unused seats on our plan.
TKT03910,CUST0011,Feature Request,High,Open,2023-09-26,2023-09-26,16.6,3.0,Can you add a bulk user import via CSV?
TKT03911,CUST0289,Onboarding,Low,Resolved,2025-04-02,2025-04-05,91.1,3.0,We are stuck on the data migration step — need guidance.
TKT03912,CUST0215,Integration,Medium,Resolved,2025-06-01,2025-06-02,27.3,,The Salesforce integration is not syncing contacts properly.
TKT03913,CUST0054,Integration,Medium,Resolved,2025-09-27,2025-09-27,11.5,3.0,The Salesforce integration is not syncing contacts properly.
TKT03914,CUST0200,Account Management,Medium,Resolved,2024-09-03,2024-09-03,13.1,1.0,Please help us set up SSO for our organization.
TKT03915,CUST0206,Integration,Medium,In Progress,2024-04-27,2024-04-28,32.7,2.0,The Salesforce integration is not syncing contacts properly.
TKT03916,CUST0268,Onboarding,Low,Resolved,2023-09-26,2023-09-29,79.3,3.0,We need help setting up user roles and permissions.
TKT03917,CUST0200,Integration,Medium,Resolved,2022-10-14,2022-10-15,27.3,,Our API key stopped working after a password reset.
TKT03918,CUST0190,Onboarding,Low,Open,2023-09-26,2023-09-29,95.8,1.0,Our team hasn't received the onboarding training invite.
TKT03919,CUST0210,Account Management,Low,Resolved,2024-04-06,2024-04-07,35.0,5.0,We need to add 10 more user seats to our plan.
TKT03920,CUST0487,Performance,Critical,Resolved,2025-04-11,2025-04-11,5.7,,Reports are taking over 2 minutes to load.
TKT03921,CUST0359,Technical Issue,High,Resolved,2022-05-20,2022-05-21,34.7,,Login page throws an error when using SSO.
TKT03922,CUST0411,Onboarding,Medium,Resolved,2024-12-15,2024-12-16,44.9,,Can someone walk us through connecting our CRM?
TKT03923,CUST0358,Integration,High,Open,2025-02-10,2025-02-10,14.7,5.0,Our API key stopped working after a password reset.
TKT03924,CUST0473,Account Management,Medium,Resolved,2023-09-17,2023-09-18,27.3,4.0,Please help us set up SSO for our organization.
TKT03925,CUST0459,Account Management,Low,Resolved,2024-05-03,2024-05-04,46.9,4.0,We'd like to upgrade from Growth to Enterprise plan.
TKT03926,CUST0220,Feature Request,Medium,In Progress,2024-05-09,2024-05-10,26.3,3.0,We'd love a Slack integration for real-time alerts.
TKT03927,CUST0072,Billing,High,Resolved,2022-02-06,2022-02-06,4.3,3.0,Requesting a refund for unused seats on our plan.
TKT03928,CUST0394,Integration,Low,Resolved,2024-01-23,2024-01-27,104.0,2.0,We need help setting up the webhook for order updates.
TKT03929,CUST0370,Account Management,Medium,Open,2023-12-08,2023-12-09,26.4,,We need to add 10 more user seats to our plan.
TKT03930,CUST0469,Account Management,Critical,Resolved,2023-05-02,2023-05-02,2.3,5.0,We need to update our billing contact information.
TKT03931,CUST0275,Billing,High,In Progress,2024-05-05,2024-05-05,5.5,2.0,I was charged twice this month for my subscription.
TKT03932,CUST0105,Feature Request,Critical,Resolved,2022-11-26,2022-11-26,5.1,4.0,Would be great to have a mobile app version.
TKT03933,CUST0067,Account Management,High,Resolved,2025-11-16,2025-11-16,17.2,,Can we change the primary account admin?
TKT03934,CUST0299,Integration,Medium,Resolved,2023-03-21,2023-03-21,8.4,,The Salesforce integration is not syncing contacts properly.
TKT03935,CUST0251,Account Management,High,In Progress,2023-12-07,2023-12-07,22.7,1.0,We need to add 10 more user seats to our plan.
TKT03936,CUST0022,Feature Request,Medium,Resolved,2022-01-01,2022-01-01,13.9,5.0,We need custom date range filters in the reports section.
TKT03937,CUST0379,Account Management,High,Open,2022-04-06,2022-04-06,15.4,3.0,Please help us set up SSO for our organization.
TKT03938,CUST0289,Billing,Low,In Progress,2023-01-31,2023-02-02,52.4,5.0,Can you clarify the pricing for adding more users?
TKT03939,CUST0265,Account Management,Low,Resolved,2024-12-04,2024-12-06,54.2,,We need to update our billing contact information.
TKT03940,CUST0069,Onboarding,Medium,Resolved,2024-04-29,2024-04-29,11.2,4.0,Can someone walk us through connecting our CRM?
TKT03941,CUST0244,Billing,Medium,Open,2025-12-23,2025-12-24,26.3,,The upgrade price shown in the app is different from what I was charged.
TKT03942,CUST0349,Integration,Medium,In Progress,2025-10-10,2025-10-12,63.3,1.0,Our API key stopped working after a password reset.
TKT03943,CUST0363,Integration,Medium,Resolved,2024-08-04,2024-08-07,72.0,1.0,Our API key stopped working after a password reset.
TKT03944,CUST0071,Feature Request,Medium,Resolved,2022-12-02,2022-12-03,39.8,4.0,We'd love a Slack integration for real-time alerts.
TKT03945,CUST0406,Integration,High,Resolved,2024-08-25,2024-08-25,9.4,4.0,We need help setting up the webhook for order updates.
TKT03946,CUST0152,Account Management,High,Resolved,2022-06-14,2022-06-14,14.0,5.0,We need to update our billing contact information.
TKT03947,CUST0421,Onboarding,Medium,In Progress,2025-04-26,2025-04-27,36.6,3.0,Our team hasn't received the onboarding training invite.
TKT03948,CUST0058,Integration,Low,Resolved,2024-08-02,2024-08-03,28.5,5.0,The Salesforce integration is not syncing contacts properly.
TKT03949,CUST0087,Billing,Low,Resolved,2023-07-21,2023-07-24,84.2,5.0,Requesting a refund for unused seats on our plan.
TKT03950,CUST0455,Performance,Low,Resolved,2025-09-21,2025-09-24,79.0,,Bulk data export is timing out for large datasets.
TKT03951,CUST0200,Technical Issue,Medium,In Progress,2024-12-27,2024-12-28,40.8,3.0,Login page throws an error when using SSO.
TKT03952,CUST0095,Technical Issue,Medium,Resolved,2022-11-29,2022-11-30,43.6,,The dashboard is not loading — getting a 504 error.
TKT03953,CUST0293,Billing,Low,Resolved,2023-10-15,2023-10-18,79.9,5.0,Can you clarify the pricing for adding more users?
TKT03954,CUST0463,Technical Issue,Critical,Resolved,2023-01-01,2023-01-01,11.0,1.0,Notifications are not being delivered to our team emails.
TKT03955,CUST0491,Integration,Medium,Resolved,2024-05-07,2024-05-07,12.1,5.0,Zapier connection keeps timing out.
TKT03956,CUST0463,Onboarding,Medium,Resolved,2022-01-07,2022-01-09,49.5,,We need help setting up user roles and permissions.
TKT03957,CUST0475,Performance,Medium,Resolved,2024-10-22,2024-10-23,41.8,4.0,Dashboard charts lag when we have more than 5 filters active.
TKT03958,CUST0035,Onboarding,Low,Resolved,2025-03-22,2025-03-24,50.8,,We are stuck on the data migration step — need guidance.
TKT03959,CUST0431,Feature Request,Medium,Resolved,2022-11-30,2022-12-01,33.2,2.0,We'd love a Slack integration for real-time alerts.
TKT03960,CUST0372,Performance,Medium,Resolved,2022-10-19,2022-10-20,29.1,5.0,Bulk data export is timing out for large datasets.
TKT03961,CUST0013,Account Management,Low,In Progress,2023-06-10,2023-06-11,45.4,,Please help us set up SSO for our organization.
TKT03962,CUST0427,Account Management,Medium,In Progress,2023-05-03,2023-05-03,9.7,5.0,Please help us set up SSO for our organization.
TKT03963,CUST0255,Feature Request,Medium,Resolved,2023-01-19,2023-01-19,8.9,,Please add a dark mode option to the dashboard.
TKT03964,CUST0092,Account Management,High,Resolved,2023-03-11,2023-03-11,14.4,,Can we change the primary account admin?
TKT03965,CUST0061,Performance,Low,Resolved,2024-09-06,2024-09-11,120.1,1.0,Dashboard charts lag when we have more than 5 filters active.
TKT03966,CUST0344,Account Management,Low,Resolved,2023-07-26,2023-07-28,61.4,3.0,Can we change the primary account admin?
TKT03967,CUST0457,Onboarding,High,Resolved,2024-05-11,2024-05-11,12.8,4.0,Can someone walk us through connecting our CRM?
TKT03968,CUST0280,Feature Request,Low,Resolved,2023-01-17,2023-01-19,70.3,3.0,Would be great to have a mobile app version.
TKT03969,CUST0215,Performance,Critical,Resolved,2025-05-22,2025-05-22,7.3,1.0,Dashboard charts lag when we have more than 5 filters active.
TKT03970,CUST0244,Account Management,Medium,Resolved,2023-08-09,2023-08-10,25.5,4.0,Please help us set up SSO for our organization.
TKT03971,CUST0202,Account Management,Low,Resolved,2022-06-29,2022-07-02,79.9,4.0,Can we change the primary account admin?
TKT03972,CUST0124,Feature Request,Medium,Resolved,2025-10-27,2025-10-27,21.0,3.0,We'd love a Slack integration for real-time alerts.
TKT03973,CUST0074,Technical Issue,Medium,Resolved,2024-10-01,2024-10-02,47.0,,The dashboard is not loading — getting a 504 error.
TKT03974,CUST0240,Onboarding,Medium,Resolved,2023-05-08,2023-05-08,18.4,4.0,The setup wizard keeps freezing at Step 3.
TKT03975,CUST0245,Performance,Medium,Resolved,2023-09-08,2023-09-09,25.8,3.0,API response times have increased significantly this week.
TKT03976,CUST0370,Billing,Critical,Resolved,2022-02-07,2022-02-07,2.4,4.0,My invoice doesn't match the amount on my credit card.
TKT03977,CUST0448,Integration,High,Resolved,2022-04-23,2022-04-24,34.0,4.0,We need help setting up the webhook for order updates.
TKT03978,CUST0401,Feature Request,Medium,Resolved,2022-12-24,2022-12-25,46.1,5.0,We'd love a Slack integration for real-time alerts.
TKT03979,CUST0431,Feature Request,Medium,Resolved,2023-08-30,2023-08-31,38.6,,We'd love a Slack integration for real-time alerts.
TKT03980,CUST0135,Account Management,Medium,Resolved,2022-07-09,2022-07-10,46.8,3.0,We need to add 10 more user seats to our plan.
TKT03981,CUST0044,Technical Issue,Low,Resolved,2022-05-27,2022-05-30,72.7,,Notifications are not being delivered to our team emails.
TKT03982,CUST0316,Integration,Medium,Resolved,2024-09-18,2024-09-19,32.9,5.0,We need help setting up the webhook for order updates.
TKT03983,CUST0219,Feature Request,High,Resolved,2025-08-01,2025-08-01,7.6,3.0,We'd love a Slack integration for real-time alerts.
TKT03984,CUST0410,Account Management,Medium,Escalated,2025-03-06,2025-03-06,17.5,3.0,We need to add 10 more user seats to our plan.
TKT03985,CUST0418,Performance,Medium,Resolved,2025-11-18,2025-11-19,42.7,,Bulk data export is timing out for large datasets.
TKT03986,CUST0069,Feature Request,Critical,Resolved,2024-02-06,2024-02-06,3.3,5.0,Would be great to have a mobile app version.
TKT03987,CUST0249,Integration,Medium,Resolved,2023-02-05,2023-02-06,44.8,,HubSpot integration is duplicating records.
TKT03988,CUST0003,Account Management,Low,Resolved,2024-08-06,2024-08-09,75.6,,We need to add 10 more user seats to our plan.
TKT03989,CUST0031,Technical Issue,Low,Resolved,2023-07-24,2023-07-26,67.3,,Notifications are not being delivered to our team emails.
TKT03990,CUST0499,Performance,Medium,Resolved,2023-11-13,2023-11-13,22.4,3.0,Bulk data export is timing out for large datasets.
TKT03991,CUST0111,Technical Issue,Medium,Escalated,2023-04-14,2023-04-15,43.3,,Our data sync stopped working after the last update.
TKT03992,CUST0362,Billing,Medium,Resolved,2025-07-23,2025-07-23,17.6,5.0,Requesting a refund for unused seats on our plan.
TKT03993,CUST0128,Feature Request,Medium,Resolved,2025-08-06,2025-08-06,8.4,,Would be great to have a mobile app version.
TKT03994,CUST0386,Onboarding,Low,Resolved,2025-03-28,2025-03-31,94.6,4.0,We need help setting up user roles and permissions.
TKT03995,CUST0172,Onboarding,Low,Resolved,2022-08-08,2022-08-11,88.9,,We are stuck on the data migration step — need guidance.
TKT03996,CUST0133,Feature Request,Medium,Open,2025-06-03,2025-06-04,29.0,5.0,Would be great to have a mobile app version.
TKT03997,CUST0309,Billing,Medium,In Progress,2022-02-27,2022-02-28,30.9,3.0,I was charged twice this month for my subscription.
TKT03998,CUST0076,Account Management,Medium,Escalated,2024-04-10,2024-04-12,58.9,4.0,Can we change the primary account admin?
TKT03999,CUST0138,Account Management,Medium,Resolved,2023-05-12,2023-05-12,18.1,3.0,Can we change the primary account admin?
TKT04000,CUST0022,Integration,High,In Progress,2024-07-28,2024-07-28,8.7,,HubSpot integration is duplicating records.
