transaction_id,customer_id,amount,transaction_date,transaction_type,status,payment_method
TXN00001,CUST0001,5748.06,2024-12-12,Renewal,Completed,Wire Transfer
TXN00002,CUST0001,5152.04,2024-02-19,Renewal,Completed,Credit Card
TXN00003,CUST0001,5688.49,2025-05-24,Renewal,Completed,Credit Card
TXN00004,CUST0001,-1436.08,2024-11-22,Refund,Completed,ACH
TXN00005,CUST0002,280.1,2024-11-11,Renewal,Completed,ACH
TXN00006,CUST0002,-112.22,2025-01-07,Refund,Pending,ACH
TXN00007,CUST0002,309.59,2024-11-28,Renewal,Completed,Invoice
TXN00008,CUST0002,361.6,2025-09-02,One-time Add-on,Completed,Wire Transfer
TXN00009,CUST0002,335.77,2024-12-13,Renewal,Failed,Invoice
TXN00010,CUST0002,388.02,2025-01-26,Renewal,Completed,ACH
TXN00011,CUST0002,-111.99,2025-09-15,Refund,Completed,Wire Transfer
TXN00012,CUST0002,355.15,2025-06-20,One-time Add-on,Completed,Invoice
TXN00013,CUST0002,276.45,2025-01-06,Subscription,Completed,Invoice
TXN00014,CUST0002,357.19,2025-12-28,Renewal,Completed,Credit Card
TXN00015,CUST0003,325.57,2024-12-20,Subscription,Completed,Credit Card
TXN00016,CUST0003,-143.76,2025-09-24,Refund,Completed,Wire Transfer
TXN00017,CUST0003,-126.52,2023-09-06,Refund,Completed,Invoice
TXN00018,CUST0003,-53.52,2025-10-09,Downgrade,Completed,Credit Card
TXN00019,CUST0003,350.66,2024-10-01,Renewal,Completed,Credit Card
TXN00020,CUST0003,447.44,2024-05-09,One-time Add-on,Completed,ACH
TXN00021,CUST0003,-157.4,2023-07-29,Refund,Completed,Credit Card
TXN00022,CUST0003,369.4,2025-01-06,Subscription,Completed,Wire Transfer
TXN00023,CUST0003,55.46,2024-09-14,Upgrade,Completed,Wire Transfer
TXN00024,CUST0003,376.95,2024-04-16,One-time Add-on,Completed,Wire Transfer
TXN00025,CUST0003,-92.83,2025-06-19,Downgrade,Completed,Invoice
TXN00026,CUST0003,125.84,2024-01-23,Upgrade,Completed,Wire Transfer
TXN00027,CUST0004,-65.02,2024-10-10,Refund,Completed,Credit Card
TXN00028,CUST0004,-78.05,2023-10-31,Downgrade,Pending,Credit Card
TXN00029,CUST0004,304.92,2023-09-30,One-time Add-on,Completed,Credit Card
TXN00030,CUST0004,-92.45,2023-06-12,Downgrade,Completed,Credit Card
TXN00031,CUST0004,-89.38,2023-05-11,Downgrade,Completed,Credit Card
TXN00032,CUST0004,301.14,2024-01-07,Renewal,Completed,Invoice
TXN00033,CUST0004,337.39,2024-10-15,One-time Add-on,Completed,Credit Card
TXN00034,CUST0004,-103.77,2023-07-11,Refund,Completed,Wire Transfer
TXN00035,CUST0004,353.62,2023-08-20,Subscription,Completed,ACH
TXN00036,CUST0005,1697.6,2022-11-25,Upgrade,Completed,ACH
TXN00037,CUST0005,3572.72,2023-03-09,Upgrade,Completed,Invoice
TXN00038,CUST0005,7634.55,2024-12-21,One-time Add-on,Completed,Credit Card
TXN00039,CUST0005,7926.65,2023-03-16,One-time Add-on,Completed,Wire Transfer
TXN00040,CUST0005,1652.63,2024-08-24,Upgrade,Failed,Invoice
TXN00041,CUST0005,6955.66,2024-12-18,One-time Add-on,Completed,Credit Card
TXN00042,CUST0006,5999.29,2022-06-29,One-time Add-on,Pending,Wire Transfer
TXN00043,CUST0006,-1475.12,2022-09-28,Refund,Completed,Invoice
TXN00044,CUST0006,3167.3,2022-09-24,Upgrade,Completed,Invoice
TXN00045,CUST0006,-516.89,2022-06-06,Downgrade,Completed,ACH
TXN00046,CUST0006,1732.19,2022-09-17,Upgrade,Completed,Credit Card
TXN00047,CUST0006,5981.09,2022-10-04,Renewal,Completed,Wire Transfer
TXN00048,CUST0006,7665.38,2022-06-30,One-time Add-on,Completed,Wire Transfer
TXN00049,CUST0006,5933.46,2022-09-11,One-time Add-on,Pending,ACH
TXN00050,CUST0006,-692.66,2023-02-02,Refund,Completed,Wire Transfer
TXN00051,CUST0006,5760.07,2022-09-05,Renewal,Completed,Wire Transfer
TXN00052,CUST0006,5543.32,2022-08-10,Subscription,Completed,Invoice
TXN00053,CUST0006,7734.93,2022-05-26,One-time Add-on,Completed,Wire Transfer
TXN00054,CUST0007,430.35,2025-12-03,One-time Add-on,Completed,Wire Transfer
TXN00055,CUST0007,412.56,2025-08-28,Renewal,Completed,Invoice
TXN00056,CUST0007,304.91,2025-11-18,One-time Add-on,Completed,ACH
TXN00057,CUST0007,404.77,2025-10-28,Subscription,Completed,Credit Card
TXN00058,CUST0007,-78.98,2024-07-29,Refund,Completed,Wire Transfer
TXN00059,CUST0007,429.31,2025-07-22,One-time Add-on,Completed,Wire Transfer
TXN00060,CUST0007,108.21,2025-03-16,Upgrade,Completed,Wire Transfer
TXN00061,CUST0007,-58.5,2025-01-21,Downgrade,Completed,Wire Transfer
TXN00062,CUST0007,-44.97,2025-07-25,Downgrade,Completed,ACH
TXN00063,CUST0008,-1396.89,2025-02-18,Refund,Completed,Invoice
TXN00064,CUST0008,8651.04,2025-07-12,Renewal,Pending,ACH
TXN00065,CUST0008,8775.06,2025-08-28,Subscription,Completed,Wire Transfer
TXN00066,CUST0008,2019.69,2025-09-04,Upgrade,Completed,Credit Card
TXN00067,CUST0008,10847.01,2025-07-20,Subscription,Completed,Wire Transfer
TXN00068,CUST0008,-530.49,2025-08-29,Refund,Completed,Wire Transfer
TXN00069,CUST0008,3266.95,2025-07-01,Upgrade,Pending,Wire Transfer
TXN00070,CUST0009,-843.59,2023-04-15,Downgrade,Completed,ACH
TXN00071,CUST0009,11133.99,2024-11-05,One-time Add-on,Completed,Wire Transfer
TXN00072,CUST0009,3879.0,2024-03-23,Upgrade,Completed,Invoice
TXN00073,CUST0009,10004.59,2025-09-21,Subscription,Completed,ACH
TXN00074,CUST0009,11094.98,2025-08-31,Renewal,Pending,Invoice
TXN00075,CUST0009,10805.3,2024-12-31,One-time Add-on,Completed,Credit Card
TXN00076,CUST0009,9847.26,2023-06-15,Renewal,Completed,Wire Transfer
TXN00077,CUST0009,3594.09,2025-03-22,Upgrade,Completed,Invoice
TXN00078,CUST0009,4192.88,2025-06-02,Upgrade,Completed,Invoice
TXN00079,CUST0010,549.87,2025-05-31,Renewal,Completed,ACH
TXN00080,CUST0010,-183.7,2025-07-13,Refund,Completed,ACH
TXN00081,CUST0010,403.71,2025-09-26,Subscription,Pending,Invoice
TXN00082,CUST0010,390.38,2025-12-12,Subscription,Completed,Credit Card
TXN00083,CUST0010,167.24,2025-04-29,Upgrade,Completed,Invoice
TXN00084,CUST0010,432.97,2025-08-12,Renewal,Completed,ACH
TXN00085,CUST0010,546.85,2025-05-13,One-time Add-on,Completed,Wire Transfer
TXN00086,CUST0010,-80.34,2025-08-20,Downgrade,Completed,Wire Transfer
TXN00087,CUST0010,-40.35,2025-12-12,Downgrade,Pending,ACH
TXN00088,CUST0010,-192.9,2025-10-26,Refund,Completed,Invoice
TXN00089,CUST0011,4019.06,2024-12-24,Upgrade,Completed,ACH
TXN00090,CUST0011,-1100.78,2023-09-26,Downgrade,Completed,ACH
TXN00091,CUST0011,6936.17,2024-05-02,Subscription,Completed,ACH
TXN00092,CUST0011,2494.12,2024-06-13,Upgrade,Completed,Invoice
TXN00093,CUST0011,898.65,2024-10-27,Upgrade,Completed,Wire Transfer
TXN00094,CUST0011,8837.01,2024-02-18,Subscription,Completed,Invoice
TXN00095,CUST0011,7502.05,2024-08-04,Renewal,Completed,Invoice
TXN00096,CUST0011,7847.84,2024-07-18,Renewal,Completed,ACH
TXN00097,CUST0011,9736.46,2024-12-07,One-time Add-on,Completed,Wire Transfer
TXN00098,CUST0011,2298.9,2024-12-22,Upgrade,Completed,ACH
TXN00099,CUST0011,1249.69,2023-11-13,Upgrade,Completed,Invoice
TXN00100,CUST0011,-2718.44,2024-03-31,Refund,Completed,Credit Card
TXN00101,CUST0012,403.19,2023-01-20,One-time Add-on,Failed,Wire Transfer
TXN00102,CUST0012,541.38,2024-04-14,Renewal,Completed,ACH
TXN00103,CUST0012,401.71,2023-04-13,Renewal,Completed,Invoice
TXN00104,CUST0012,-149.29,2024-07-10,Downgrade,Completed,Credit Card
TXN00105,CUST0012,566.97,2024-08-17,Subscription,Pending,Credit Card
TXN00106,CUST0012,-33.82,2024-04-08,Downgrade,Completed,ACH
TXN00107,CUST0013,5329.4,2025-06-08,Subscription,Completed,ACH
TXN00108,CUST0013,-701.92,2025-06-12,Downgrade,Failed,ACH
TXN00109,CUST0013,-2431.94,2025-08-28,Refund,Completed,ACH
TXN00110,CUST0013,-1383.61,2025-09-10,Downgrade,Completed,Wire Transfer
TXN00111,CUST0013,-2299.84,2024-10-23,Refund,Completed,Credit Card
TXN00112,CUST0013,-1316.24,2025-01-28,Downgrade,Completed,Credit Card
TXN00113,CUST0013,5615.73,2024-12-23,Subscription,Completed,Credit Card
TXN00114,CUST0013,2096.38,2024-11-01,Upgrade,Completed,ACH
TXN00115,CUST0014,484.39,2022-11-17,One-time Add-on,Completed,ACH
TXN00116,CUST0014,391.33,2024-09-21,Subscription,Completed,Wire Transfer
TXN00117,CUST0014,409.92,2022-12-23,Subscription,Completed,Credit Card
TXN00118,CUST0014,-47.06,2023-05-07,Downgrade,Failed,Wire Transfer
TXN00119,CUST0015,1335.02,2025-07-28,Renewal,Completed,ACH
TXN00120,CUST0015,1641.44,2024-11-23,Subscription,Completed,Wire Transfer
TXN00121,CUST0015,-430.1,2025-04-21,Refund,Completed,Wire Transfer
TXN00122,CUST0015,-413.28,2024-12-30,Refund,Completed,ACH
TXN00123,CUST0015,1423.31,2024-08-22,One-time Add-on,Completed,Wire Transfer
TXN00124,CUST0015,465.02,2025-04-21,Upgrade,Completed,Invoice
TXN00125,CUST0015,1904.06,2025-07-28,Renewal,Completed,Wire Transfer
TXN00126,CUST0015,1478.63,2025-08-19,One-time Add-on,Completed,Invoice
TXN00127,CUST0015,1772.16,2024-10-23,One-time Add-on,Completed,ACH
TXN00128,CUST0015,378.18,2025-05-27,Upgrade,Completed,Credit Card
TXN00129,CUST0015,1756.09,2024-09-05,One-time Add-on,Completed,ACH
TXN00130,CUST0016,1906.04,2024-11-21,Renewal,Completed,Credit Card
TXN00131,CUST0016,-953.83,2025-08-24,Refund,Completed,Wire Transfer
TXN00132,CUST0016,425.82,2024-11-30,Upgrade,Completed,Credit Card
TXN00133,CUST0016,-581.09,2025-02-19,Refund,Pending,Credit Card
TXN00134,CUST0016,-115.6,2025-07-02,Refund,Completed,Invoice
TXN00135,CUST0016,944.63,2025-12-30,Upgrade,Completed,Wire Transfer
TXN00136,CUST0017,-481.02,2025-05-21,Refund,Completed,ACH
TXN00137,CUST0017,10377.49,2025-09-20,Subscription,Completed,Invoice
TXN00138,CUST0017,12476.31,2025-06-28,Renewal,Completed,ACH
TXN00139,CUST0017,-3467.77,2025-09-30,Refund,Completed,Wire Transfer
TXN00140,CUST0017,-2785.94,2025-10-30,Downgrade,Completed,Credit Card
TXN00141,CUST0017,12593.72,2025-06-22,Renewal,Completed,ACH
TXN00142,CUST0017,12065.5,2025-09-24,One-time Add-on,Completed,Wire Transfer
TXN00143,CUST0017,5407.24,2025-09-28,Upgrade,Completed,Invoice
TXN00144,CUST0017,-2030.64,2025-12-08,Refund,Completed,ACH
TXN00145,CUST0017,14451.6,2025-08-15,One-time Add-on,Completed,Invoice
TXN00146,CUST0017,-617.95,2025-09-02,Downgrade,Completed,Wire Transfer
TXN00147,CUST0017,12433.92,2025-10-10,Subscription,Failed,Wire Transfer
TXN00148,CUST0018,275.16,2025-08-07,Renewal,Completed,Wire Transfer
TXN00149,CUST0018,317.59,2025-12-15,One-time Add-on,Pending,ACH
TXN00150,CUST0018,305.67,2025-04-24,Subscription,Completed,Wire Transfer
TXN00151,CUST0018,279.51,2025-09-10,One-time Add-on,Completed,Wire Transfer
TXN00152,CUST0019,-62.43,2025-06-19,Downgrade,Completed,Credit Card
TXN00153,CUST0019,135.44,2025-09-05,Upgrade,Completed,Credit Card
TXN00154,CUST0019,-83.75,2025-07-01,Refund,Completed,Invoice
TXN00155,CUST0019,379.47,2024-10-10,Subscription,Completed,Invoice
TXN00156,CUST0019,372.7,2025-04-01,Subscription,Completed,Credit Card
TXN00157,CUST0020,3420.02,2023-06-06,Upgrade,Completed,ACH
TXN00158,CUST0020,11914.55,2024-12-16,One-time Add-on,Completed,Invoice
TXN00159,CUST0020,11373.48,2025-08-16,One-time Add-on,Completed,Invoice
TXN00160,CUST0020,-960.61,2024-10-01,Downgrade,Completed,Invoice
TXN00161,CUST0020,10595.9,2023-05-27,One-time Add-on,Completed,Invoice
TXN00162,CUST0020,10956.87,2023-11-10,Renewal,Completed,Invoice
TXN00163,CUST0020,11553.41,2024-03-23,One-time Add-on,Completed,ACH
TXN00164,CUST0020,10008.81,2024-06-26,Subscription,Completed,Credit Card
TXN00165,CUST0020,-2312.53,2023-10-04,Refund,Completed,ACH
TXN00166,CUST0020,3726.94,2024-12-03,Upgrade,Completed,Wire Transfer
TXN00167,CUST0021,1332.36,2023-04-28,One-time Add-on,Completed,ACH
TXN00168,CUST0021,1380.83,2023-05-04,Subscription,Completed,Wire Transfer
TXN00169,CUST0021,-510.71,2023-04-15,Refund,Completed,Credit Card
TXN00170,CUST0021,1382.01,2023-04-21,One-time Add-on,Completed,Wire Transfer
TXN00171,CUST0021,445.66,2023-04-06,Upgrade,Completed,Invoice
TXN00172,CUST0021,1101.12,2023-05-06,Subscription,Completed,ACH
TXN00173,CUST0022,6017.77,2025-06-11,One-time Add-on,Completed,ACH
TXN00174,CUST0022,-1070.76,2022-06-25,Downgrade,Completed,Credit Card
TXN00175,CUST0022,4507.51,2023-10-24,Renewal,Completed,Wire Transfer
TXN00176,CUST0022,-1168.88,2022-09-04,Downgrade,Completed,Invoice
TXN00177,CUST0022,-2337.84,2023-11-25,Refund,Completed,Credit Card
TXN00178,CUST0022,2444.89,2022-06-27,Upgrade,Completed,ACH
TXN00179,CUST0022,6512.82,2024-07-06,One-time Add-on,Completed,Wire Transfer
TXN00180,CUST0023,2027.75,2025-08-18,One-time Add-on,Completed,Invoice
TXN00181,CUST0023,-70.44,2024-10-09,Refund,Completed,Wire Transfer
TXN00182,CUST0023,-297.07,2024-02-19,Downgrade,Completed,Wire Transfer
TXN00183,CUST0023,484.9,2025-02-12,Upgrade,Completed,Wire Transfer
TXN00184,CUST0023,2103.23,2025-06-23,Subscription,Completed,Credit Card
TXN00185,CUST0023,2362.21,2025-11-05,One-time Add-on,Completed,Wire Transfer
TXN00186,CUST0023,-429.0,2025-09-18,Downgrade,Completed,Invoice
TXN00187,CUST0023,-632.58,2024-08-29,Refund,Completed,ACH
TXN00188,CUST0023,2060.86,2024-05-15,Renewal,Completed,Wire Transfer
TXN00189,CUST0023,1865.73,2025-10-01,One-time Add-on,Completed,ACH
TXN00190,CUST0023,2067.37,2025-01-11,Renewal,Completed,ACH
TXN00191,CUST0024,-126.81,2025-04-13,Refund,Completed,ACH
TXN00192,CUST0024,337.73,2025-08-15,Renewal,Completed,ACH
TXN00193,CUST0024,325.16,2025-04-22,Subscription,Pending,Credit Card
TXN00194,CUST0024,138.53,2024-12-06,Upgrade,Completed,Credit Card
TXN00195,CUST0024,-92.28,2025-04-23,Downgrade,Completed,Wire Transfer
TXN00196,CUST0024,267.87,2024-11-03,Renewal,Completed,Wire Transfer
TXN00197,CUST0025,338.67,2025-07-28,Renewal,Completed,Credit Card
TXN00198,CUST0025,-31.7,2025-10-30,Downgrade,Completed,Invoice
TXN00199,CUST0025,-102.26,2025-11-24,Refund,Completed,Invoice
TXN00200,CUST0025,328.48,2025-03-25,Renewal,Completed,Invoice
TXN00201,CUST0025,182.2,2023-12-11,Upgrade,Completed,ACH
TXN00202,CUST0025,330.5,2024-06-22,Subscription,Pending,Invoice
TXN00203,CUST0025,-84.24,2025-08-18,Downgrade,Completed,ACH
TXN00204,CUST0026,370.02,2024-07-14,Subscription,Completed,Wire Transfer
TXN00205,CUST0026,417.02,2024-07-03,One-time Add-on,Completed,Credit Card
TXN00206,CUST0026,347.84,2024-11-10,Subscription,Completed,Credit Card
TXN00207,CUST0026,357.36,2025-11-10,Renewal,Completed,Credit Card
TXN00208,CUST0026,-63.5,2024-12-18,Downgrade,Completed,Credit Card
TXN00209,CUST0026,97.84,2023-12-07,Upgrade,Pending,Wire Transfer
TXN00210,CUST0026,343.71,2024-09-10,Renewal,Completed,Credit Card
TXN00211,CUST0026,411.99,2025-05-02,One-time Add-on,Completed,Invoice
TXN00212,CUST0026,-113.76,2023-08-27,Refund,Completed,ACH
TXN00213,CUST0026,-46.42,2024-07-02,Downgrade,Completed,Invoice
TXN00214,CUST0027,386.5,2025-09-01,Subscription,Completed,ACH
TXN00215,CUST0027,363.15,2025-03-16,Subscription,Completed,Wire Transfer
TXN00216,CUST0027,465.03,2025-02-24,One-time Add-on,Completed,ACH
TXN00217,CUST0027,408.92,2025-07-24,One-time Add-on,Completed,Wire Transfer
TXN00218,CUST0027,-192.1,2025-10-28,Refund,Completed,ACH
TXN00219,CUST0027,-58.45,2025-04-13,Refund,Completed,Invoice
TXN00220,CUST0027,-79.76,2025-06-08,Refund,Pending,ACH
TXN00221,CUST0028,34.81,2025-07-03,Upgrade,Completed,Invoice
TXN00222,CUST0028,346.27,2025-01-22,Subscription,Completed,ACH
TXN00223,CUST0028,-105.17,2025-04-24,Refund,Completed,Credit Card
TXN00224,CUST0028,266.42,2025-05-20,One-time Add-on,Pending,Wire Transfer
TXN00225,CUST0029,11061.88,2025-05-29,Subscription,Completed,Wire Transfer
TXN00226,CUST0029,14448.98,2025-03-02,Renewal,Completed,Wire Transfer
TXN00227,CUST0029,10374.28,2025-07-31,Subscription,Completed,ACH
TXN00228,CUST0029,-1835.56,2025-05-05,Refund,Completed,ACH
TXN00229,CUST0029,-3685.2,2025-10-03,Refund,Pending,Credit Card
TXN00230,CUST0029,3131.83,2025-07-15,Upgrade,Completed,Credit Card
TXN00231,CUST0029,10454.75,2025-09-18,One-time Add-on,Completed,Credit Card
TXN00232,CUST0029,3934.23,2025-07-02,Upgrade,Completed,ACH
TXN00233,CUST0029,10679.43,2025-12-22,Subscription,Completed,Credit Card
TXN00234,CUST0029,-4373.9,2025-10-17,Refund,Pending,Wire Transfer
TXN00235,CUST0029,14418.45,2025-09-18,One-time Add-on,Completed,Wire Transfer
TXN00236,CUST0029,12974.66,2025-04-19,One-time Add-on,Completed,Invoice
TXN00237,CUST0030,8338.38,2024-04-06,One-time Add-on,Completed,ACH
TXN00238,CUST0030,7558.83,2023-10-06,Subscription,Completed,Credit Card
TXN00239,CUST0030,11200.09,2024-05-04,One-time Add-on,Completed,Wire Transfer
TXN00240,CUST0030,10479.52,2024-09-27,One-time Add-on,Completed,ACH
TXN00241,CUST0030,3884.74,2024-07-19,Upgrade,Completed,Wire Transfer
TXN00242,CUST0030,10030.59,2023-10-11,Subscription,Completed,Credit Card
TXN00243,CUST0030,8703.6,2024-04-01,Renewal,Completed,Invoice
TXN00244,CUST0030,9880.52,2025-02-01,Subscription,Completed,Invoice
TXN00245,CUST0030,2660.81,2025-04-06,Upgrade,Completed,Credit Card
TXN00246,CUST0030,3043.5,2025-03-21,Upgrade,Completed,Credit Card
TXN00247,CUST0030,10029.31,2024-05-05,One-time Add-on,Completed,Wire Transfer
TXN00248,CUST0031,214.29,2023-04-15,Upgrade,Completed,Invoice
TXN00249,CUST0031,558.43,2025-12-18,One-time Add-on,Completed,Invoice
TXN00250,CUST0031,415.88,2023-07-02,One-time Add-on,Completed,Wire Transfer
TXN00251,CUST0031,-56.19,2024-03-19,Refund,Completed,Invoice
TXN00252,CUST0031,137.9,2023-10-13,Upgrade,Pending,ACH
TXN00253,CUST0032,5887.82,2025-05-21,Renewal,Completed,ACH
TXN00254,CUST0032,-1229.97,2025-05-07,Downgrade,Completed,ACH
TXN00255,CUST0032,3271.5,2025-05-14,Upgrade,Completed,Wire Transfer
TXN00256,CUST0032,1096.31,2025-06-20,Upgrade,Completed,ACH
TXN00257,CUST0032,-175.53,2025-05-15,Refund,Completed,Credit Card
TXN00258,CUST0032,3295.75,2025-05-02,Upgrade,Completed,Credit Card
TXN00259,CUST0032,-1897.56,2025-05-23,Downgrade,Completed,Wire Transfer
TXN00260,CUST0032,7689.27,2025-05-03,One-time Add-on,Completed,ACH
TXN00261,CUST0032,6111.69,2025-05-22,Renewal,Completed,Wire Transfer
TXN00262,CUST0032,-1517.65,2025-06-20,Downgrade,Completed,ACH
TXN00263,CUST0032,5617.5,2025-05-19,Subscription,Completed,Credit Card
TXN00264,CUST0032,6551.48,2025-05-15,One-time Add-on,Completed,ACH
TXN00265,CUST0033,1989.27,2024-07-08,Renewal,Completed,Wire Transfer
TXN00266,CUST0033,2045.77,2025-08-19,Subscription,Completed,Credit Card
TXN00267,CUST0033,-152.35,2023-09-27,Downgrade,Completed,ACH
TXN00268,CUST0033,2262.4,2025-08-24,One-time Add-on,Completed,ACH
TXN00269,CUST0033,-460.88,2023-08-02,Downgrade,Completed,Invoice
TXN00270,CUST0033,-306.37,2023-09-10,Downgrade,Completed,Invoice
TXN00271,CUST0033,2830.8,2025-10-13,Renewal,Completed,Wire Transfer
TXN00272,CUST0033,-230.11,2025-03-08,Downgrade,Pending,Wire Transfer
TXN00273,CUST0034,-84.81,2023-09-05,Downgrade,Completed,Wire Transfer
TXN00274,CUST0034,-385.17,2023-10-01,Downgrade,Completed,Wire Transfer
TXN00275,CUST0034,1253.69,2024-02-06,One-time Add-on,Completed,Credit Card
TXN00276,CUST0034,1561.34,2023-04-27,One-time Add-on,Completed,Invoice
TXN00277,CUST0034,1422.26,2023-07-13,One-time Add-on,Completed,ACH
TXN00278,CUST0034,-97.99,2023-10-04,Downgrade,Completed,Invoice
TXN00279,CUST0034,1642.59,2023-08-17,One-time Add-on,Completed,ACH
TXN00280,CUST0034,-509.77,2022-11-22,Refund,Completed,Invoice
TXN00281,CUST0034,1529.89,2022-09-23,One-time Add-on,Completed,Credit Card
TXN00282,CUST0035,193.03,2023-09-24,Upgrade,Completed,Credit Card
TXN00283,CUST0035,119.14,2024-11-13,Upgrade,Completed,Credit Card
TXN00284,CUST0035,462.17,2023-12-18,Renewal,Pending,Credit Card
TXN00285,CUST0035,-72.4,2023-07-26,Refund,Completed,Invoice
TXN00286,CUST0035,-39.58,2025-12-25,Downgrade,Completed,Wire Transfer
TXN00287,CUST0035,447.3,2024-06-03,One-time Add-on,Completed,Invoice
TXN00288,CUST0035,413.42,2024-09-03,Subscription,Completed,Invoice
TXN00289,CUST0035,50.01,2023-06-17,Upgrade,Pending,Credit Card
TXN00290,CUST0035,-134.05,2022-09-30,Refund,Failed,Credit Card
TXN00291,CUST0035,357.8,2024-04-28,Subscription,Completed,Invoice
TXN00292,CUST0035,-107.45,2024-07-11,Refund,Completed,ACH
TXN00293,CUST0036,6493.9,2025-08-19,Renewal,Completed,Wire Transfer
TXN00294,CUST0036,6791.39,2025-07-20,Renewal,Completed,ACH
TXN00295,CUST0036,6148.23,2025-02-25,Subscription,Completed,Invoice
TXN00296,CUST0036,6186.56,2025-07-30,Renewal,Completed,Invoice
TXN00297,CUST0036,-2261.95,2025-08-09,Refund,Completed,ACH
TXN00298,CUST0036,7193.97,2025-08-08,One-time Add-on,Completed,Invoice
TXN00299,CUST0037,462.59,2025-04-05,Renewal,Completed,Invoice
TXN00300,CUST0037,-144.56,2025-04-08,Refund,Completed,Wire Transfer
TXN00301,CUST0037,489.94,2025-02-15,Subscription,Completed,Credit Card
TXN00302,CUST0037,-138.52,2025-07-05,Downgrade,Completed,Wire Transfer
TXN00303,CUST0037,396.48,2025-06-06,One-time Add-on,Pending,Credit Card
TXN00304,CUST0037,-99.04,2025-04-10,Downgrade,Completed,Credit Card
TXN00305,CUST0037,533.81,2025-07-19,One-time Add-on,Completed,Credit Card
TXN00306,CUST0037,530.08,2025-05-05,One-time Add-on,Completed,Invoice
TXN00307,CUST0037,-112.48,2025-07-03,Refund,Completed,Wire Transfer
TXN00308,CUST0038,9602.2,2022-07-09,Subscription,Completed,Wire Transfer
TXN00309,CUST0038,8053.73,2023-04-22,One-time Add-on,Completed,ACH
TXN00310,CUST0038,9464.2,2023-02-02,Subscription,Completed,Credit Card
TXN00311,CUST0038,-629.1,2022-09-08,Downgrade,Completed,Wire Transfer
TXN00312,CUST0038,9319.83,2022-08-22,Renewal,Completed,Wire Transfer
TXN00313,CUST0038,-541.22,2022-04-22,Refund,Completed,ACH
TXN00314,CUST0038,-1268.76,2023-03-18,Downgrade,Completed,ACH
TXN00315,CUST0038,9973.88,2022-12-19,Renewal,Completed,Wire Transfer
TXN00316,CUST0039,500.44,2023-09-03,One-time Add-on,Completed,Invoice
TXN00317,CUST0039,-103.45,2024-07-10,Downgrade,Completed,Invoice
TXN00318,CUST0039,-77.3,2024-06-26,Refund,Completed,Wire Transfer
TXN00319,CUST0039,-93.15,2023-07-18,Refund,Completed,Credit Card
TXN00320,CUST0039,-63.83,2023-09-14,Downgrade,Completed,ACH
TXN00321,CUST0040,-110.09,2025-12-26,Refund,Completed,Invoice
TXN00322,CUST0040,192.18,2024-02-08,Upgrade,Completed,Wire Transfer
TXN00323,CUST0040,-197.26,2025-07-22,Refund,Completed,Wire Transfer
TXN00324,CUST0040,476.36,2025-04-13,One-time Add-on,Completed,Wire Transfer
TXN00325,CUST0040,171.79,2024-10-29,Upgrade,Completed,Invoice
TXN00326,CUST0040,-165.4,2025-05-13,Refund,Completed,ACH
TXN00327,CUST0040,151.45,2025-07-12,Upgrade,Failed,Wire Transfer
TXN00328,CUST0040,436.33,2025-08-09,Subscription,Completed,Credit Card
TXN00329,CUST0040,412.24,2025-03-23,Subscription,Completed,Wire Transfer
TXN00330,CUST0040,-93.64,2024-09-07,Refund,Completed,Credit Card
TXN00331,CUST0041,1642.82,2022-07-17,One-time Add-on,Completed,Credit Card
TXN00332,CUST0041,1766.4,2022-11-23,Subscription,Completed,ACH
TXN00333,CUST0041,-183.22,2022-11-05,Refund,Completed,Credit Card
TXN00334,CUST0041,-433.92,2025-10-21,Downgrade,Completed,Invoice
TXN00335,CUST0041,313.73,2025-12-19,Upgrade,Completed,Wire Transfer
TXN00336,CUST0042,-1464.11,2024-05-25,Downgrade,Completed,Wire Transfer
TXN00337,CUST0042,-740.5,2023-10-29,Downgrade,Failed,ACH
TXN00338,CUST0042,-1040.23,2025-01-13,Downgrade,Completed,ACH
TXN00339,CUST0042,-1150.02,2024-11-03,Downgrade,Completed,Invoice
TXN00340,CUST0043,10277.45,2024-08-06,Subscription,Completed,Wire Transfer
TXN00341,CUST0043,14360.79,2025-07-23,Subscription,Completed,Credit Card
TXN00342,CUST0043,-2450.48,2024-05-31,Refund,Completed,Wire Transfer
TXN00343,CUST0043,9934.28,2025-05-28,One-time Add-on,Completed,Invoice
TXN00344,CUST0043,-1871.36,2025-08-25,Downgrade,Completed,Credit Card
TXN00345,CUST0043,9932.32,2025-10-28,Renewal,Pending,Invoice
TXN00346,CUST0043,12569.94,2024-08-25,One-time Add-on,Failed,Wire Transfer
TXN00347,CUST0043,-790.78,2025-02-27,Downgrade,Failed,Credit Card
TXN00348,CUST0044,1514.52,2025-07-14,Subscription,Completed,Wire Transfer
TXN00349,CUST0044,1361.69,2025-02-23,Renewal,Failed,ACH
TXN00350,CUST0044,-290.43,2025-06-02,Refund,Completed,Wire Transfer
TXN00351,CUST0044,1537.99,2025-12-11,Subscription,Completed,ACH
TXN00352,CUST0044,1169.05,2024-12-21,Subscription,Completed,ACH
TXN00353,CUST0044,-87.62,2025-12-13,Downgrade,Completed,Wire Transfer
TXN00354,CUST0044,1580.5,2025-12-24,One-time Add-on,Completed,Credit Card
TXN00355,CUST0044,163.15,2024-09-06,Upgrade,Completed,Credit Card
TXN00356,CUST0044,1178.96,2025-09-19,Subscription,Completed,Invoice
TXN00357,CUST0045,-453.05,2023-03-24,Refund,Pending,Credit Card
TXN00358,CUST0045,-318.35,2023-03-08,Downgrade,Completed,Credit Card
TXN00359,CUST0045,-501.36,2023-10-02,Refund,Completed,Credit Card
TXN00360,CUST0045,1465.25,2024-02-11,Subscription,Completed,Credit Card
TXN00361,CUST0045,1489.69,2022-12-26,Subscription,Completed,ACH
TXN00362,CUST0045,1447.37,2022-09-29,Renewal,Completed,Invoice
TXN00363,CUST0045,1775.26,2024-03-17,Subscription,Completed,ACH
TXN00364,CUST0045,1649.02,2024-03-11,Renewal,Completed,Wire Transfer
TXN00365,CUST0045,1356.5,2022-09-29,Subscription,Completed,ACH
TXN00366,CUST0045,1291.55,2024-06-18,One-time Add-on,Completed,Credit Card
TXN00367,CUST0045,1665.02,2023-02-20,Subscription,Completed,Invoice
TXN00368,CUST0045,1717.86,2023-04-11,Subscription,Completed,Credit Card
TXN00369,CUST0046,-802.08,2023-02-23,Refund,Pending,Invoice
TXN00370,CUST0046,-196.42,2025-04-25,Refund,Completed,Wire Transfer
TXN00371,CUST0046,-368.42,2025-07-31,Downgrade,Pending,Credit Card
TXN00372,CUST0046,2617.05,2025-12-28,Renewal,Completed,Credit Card
TXN00373,CUST0046,644.14,2024-05-02,Upgrade,Completed,ACH
TXN00374,CUST0046,2867.08,2023-04-22,One-time Add-on,Completed,ACH
TXN00375,CUST0047,38.88,2025-01-07,Upgrade,Completed,ACH
TXN00376,CUST0047,-30.17,2025-10-06,Downgrade,Completed,Credit Card
TXN00377,CUST0047,-90.19,2024-08-02,Refund,Completed,Wire Transfer
TXN00378,CUST0047,359.82,2025-05-16,One-time Add-on,Completed,Credit Card
TXN00379,CUST0047,-55.79,2024-09-22,Refund,Completed,ACH
TXN00380,CUST0047,-57.31,2024-07-07,Downgrade,Completed,ACH
TXN00381,CUST0047,330.91,2025-09-06,One-time Add-on,Completed,Wire Transfer
TXN00382,CUST0047,298.38,2025-01-29,Subscription,Completed,Invoice
TXN00383,CUST0047,-87.49,2024-12-29,Downgrade,Completed,Invoice
TXN00384,CUST0047,-27.65,2024-08-02,Downgrade,Pending,Invoice
TXN00385,CUST0047,-45.98,2024-12-07,Downgrade,Completed,ACH
TXN00386,CUST0048,326.97,2024-08-20,Renewal,Completed,Credit Card
TXN00387,CUST0048,295.5,2024-08-22,Renewal,Completed,Invoice
TXN00388,CUST0048,65.77,2024-07-25,Upgrade,Completed,ACH
TXN00389,CUST0048,-169.07,2024-12-31,Refund,Pending,ACH
TXN00390,CUST0048,-92.47,2024-07-04,Downgrade,Completed,ACH
TXN00391,CUST0048,-90.72,2024-11-10,Downgrade,Completed,Invoice
TXN00392,CUST0048,314.64,2024-12-17,Renewal,Completed,ACH
TXN00393,CUST0048,412.4,2025-01-26,One-time Add-on,Pending,Credit Card
TXN00394,CUST0048,285.56,2024-09-26,Subscription,Completed,Credit Card
TXN00395,CUST0049,-328.38,2025-09-04,Downgrade,Completed,Credit Card
TXN00396,CUST0049,-212.96,2025-03-27,Downgrade,Completed,Credit Card
TXN00397,CUST0049,1649.64,2024-12-23,Renewal,Completed,Credit Card
TXN00398,CUST0049,-420.12,2022-10-15,Downgrade,Completed,Invoice
TXN00399,CUST0049,-585.14,2025-11-24,Refund,Failed,Invoice
TXN00400,CUST0049,-421.66,2023-06-23,Refund,Completed,Wire Transfer
TXN00401,CUST0049,-630.74,2025-04-20,Refund,Completed,Credit Card
TXN00402,CUST0049,-355.23,2024-11-09,Refund,Completed,Invoice
TXN00403,CUST0049,-917.44,2024-03-18,Refund,Completed,ACH
TXN00404,CUST0049,2228.31,2023-02-25,One-time Add-on,Completed,Credit Card
TXN00405,CUST0050,5080.93,2025-05-18,Subscription,Completed,Credit Card
TXN00406,CUST0050,1023.58,2025-05-20,Upgrade,Completed,Credit Card
TXN00407,CUST0050,-2338.74,2025-12-06,Refund,Completed,Wire Transfer
TXN00408,CUST0050,5087.16,2025-01-10,One-time Add-on,Completed,ACH
TXN00409,CUST0050,1450.68,2024-12-27,Upgrade,Completed,Invoice
TXN00410,CUST0050,4966.36,2025-02-18,Subscription,Completed,Invoice
TXN00411,CUST0050,6810.52,2025-10-06,One-time Add-on,Completed,Wire Transfer
TXN00412,CUST0050,5699.94,2025-08-16,One-time Add-on,Completed,Credit Card
TXN00413,CUST0050,-432.21,2024-11-19,Downgrade,Completed,ACH
TXN00414,CUST0050,5077.07,2025-03-02,Subscription,Completed,ACH
TXN00415,CUST0050,6919.88,2025-10-01,Renewal,Completed,Credit Card
TXN00416,CUST0050,-1759.42,2025-03-07,Downgrade,Completed,ACH
TXN00417,CUST0051,-258.85,2023-12-12,Downgrade,Completed,Wire Transfer
TXN00418,CUST0051,1300.66,2023-01-23,Subscription,Completed,Wire Transfer
TXN00419,CUST0051,1506.99,2024-04-23,One-time Add-on,Completed,Wire Transfer
TXN00420,CUST0051,1714.8,2024-09-22,One-time Add-on,Completed,Invoice
TXN00421,CUST0051,525.69,2024-07-26,Upgrade,Pending,Wire Transfer
TXN00422,CUST0051,306.69,2022-12-18,Upgrade,Completed,Wire Transfer
TXN00423,CUST0051,1513.63,2022-04-07,Renewal,Completed,ACH
TXN00424,CUST0051,1744.36,2025-06-20,Renewal,Completed,ACH
TXN00425,CUST0051,-732.2,2025-12-21,Refund,Completed,ACH
TXN00426,CUST0051,1312.96,2023-05-03,Subscription,Completed,ACH
TXN00427,CUST0051,398.6,2024-06-21,Upgrade,Completed,Credit Card
TXN00428,CUST0052,1910.14,2025-05-07,Renewal,Completed,ACH
TXN00429,CUST0052,299.04,2025-08-12,Upgrade,Completed,Invoice
TXN00430,CUST0052,2372.9,2025-12-10,Renewal,Pending,ACH
TXN00431,CUST0052,-572.24,2024-11-14,Refund,Completed,Wire Transfer
TXN00432,CUST0052,981.75,2025-07-12,Upgrade,Completed,ACH
TXN00433,CUST0052,2196.41,2025-12-26,One-time Add-on,Pending,Wire Transfer
TXN00434,CUST0052,2198.91,2025-10-30,Subscription,Pending,ACH
TXN00435,CUST0052,1704.03,2025-10-25,One-time Add-on,Completed,ACH
TXN00436,CUST0052,275.69,2025-06-28,Upgrade,Completed,ACH
TXN00437,CUST0053,1794.01,2024-03-10,Upgrade,Completed,Invoice
TXN00438,CUST0053,9637.58,2024-01-01,One-time Add-on,Completed,Credit Card
TXN00439,CUST0053,-875.3,2024-05-20,Downgrade,Completed,Wire Transfer
TXN00440,CUST0053,1055.32,2024-06-02,Upgrade,Completed,Wire Transfer
TXN00441,CUST0053,8402.61,2024-07-03,One-time Add-on,Completed,Invoice
TXN00442,CUST0053,-1229.22,2024-06-17,Downgrade,Completed,Invoice
TXN00443,CUST0053,11412.97,2024-06-17,Renewal,Completed,ACH
TXN00444,CUST0053,2916.58,2024-03-03,Upgrade,Completed,Wire Transfer
TXN00445,CUST0053,11093.39,2023-12-21,One-time Add-on,Completed,Invoice
TXN00446,CUST0053,-943.09,2024-04-05,Downgrade,Completed,ACH
TXN00447,CUST0053,11399.98,2024-02-28,Renewal,Completed,Invoice
TXN00448,CUST0053,4365.47,2023-12-09,Upgrade,Completed,Invoice
TXN00449,CUST0054,10164.32,2022-07-23,Subscription,Completed,Invoice
TXN00450,CUST0054,-3944.56,2023-02-08,Refund,Completed,ACH
TXN00451,CUST0054,-3821.0,2025-03-02,Refund,Completed,Wire Transfer
TXN00452,CUST0054,12263.54,2025-03-04,Subscription,Completed,Invoice
TXN00453,CUST0054,-3150.79,2025-07-31,Downgrade,Completed,Invoice
TXN00454,CUST0054,3598.18,2023-01-29,Upgrade,Completed,Wire Transfer
TXN00455,CUST0054,9713.62,2023-04-28,One-time Add-on,Completed,ACH
TXN00456,CUST0055,1240.86,2022-12-12,Subscription,Completed,Wire Transfer
TXN00457,CUST0055,295.74,2022-04-21,Upgrade,Completed,Credit Card
TXN00458,CUST0055,1510.46,2024-11-29,Renewal,Completed,Credit Card
TXN00459,CUST0055,1388.85,2025-05-22,Renewal,Completed,Wire Transfer
TXN00460,CUST0055,-491.46,2023-07-21,Refund,Completed,Wire Transfer
TXN00461,CUST0055,1166.76,2022-11-02,Subscription,Completed,Invoice
TXN00462,CUST0055,639.31,2024-05-04,Upgrade,Completed,ACH
TXN00463,CUST0055,1212.71,2022-11-24,One-time Add-on,Completed,Credit Card
TXN00464,CUST0055,-380.84,2024-05-15,Downgrade,Completed,ACH
TXN00465,CUST0056,241.33,2024-09-28,Upgrade,Completed,Invoice
TXN00466,CUST0056,1084.27,2025-11-22,One-time Add-on,Failed,ACH
TXN00467,CUST0056,119.79,2025-05-21,Upgrade,Completed,ACH
TXN00468,CUST0056,-119.35,2023-10-04,Refund,Completed,ACH
TXN00469,CUST0057,8969.9,2025-04-25,Subscription,Completed,Credit Card
TXN00470,CUST0057,10264.21,2025-03-29,Subscription,Completed,Credit Card
TXN00471,CUST0057,7519.76,2025-05-29,Subscription,Completed,Credit Card
TXN00472,CUST0057,10759.3,2025-10-16,Subscription,Completed,Wire Transfer
TXN00473,CUST0057,10292.61,2025-02-23,Subscription,Pending,ACH
TXN00474,CUST0057,8082.0,2025-12-15,Renewal,Completed,Credit Card
TXN00475,CUST0057,-4358.03,2025-05-03,Refund,Pending,Wire Transfer
TXN00476,CUST0058,498.02,2024-11-20,One-time Add-on,Completed,Credit Card
TXN00477,CUST0058,494.87,2024-10-19,One-time Add-on,Completed,ACH
TXN00478,CUST0058,519.66,2025-01-21,Renewal,Completed,Credit Card
TXN00479,CUST0058,523.03,2025-12-16,Renewal,Completed,Invoice
TXN00480,CUST0058,-152.47,2025-03-05,Refund,Completed,Credit Card
TXN00481,CUST0058,220.52,2024-11-30,Upgrade,Completed,ACH
TXN00482,CUST0058,494.55,2025-03-26,Subscription,Completed,Invoice
TXN00483,CUST0058,382.52,2024-10-25,One-time Add-on,Completed,Wire Transfer
TXN00484,CUST0058,-57.06,2025-06-11,Refund,Completed,Credit Card
TXN00485,CUST0059,-1383.27,2024-11-11,Downgrade,Completed,Invoice
TXN00486,CUST0059,6656.59,2024-10-12,One-time Add-on,Failed,Invoice
TXN00487,CUST0059,8004.54,2024-09-23,Subscription,Completed,Wire Transfer
TXN00488,CUST0059,8292.03,2024-09-18,Subscription,Completed,Credit Card
TXN00489,CUST0059,-1248.94,2025-01-07,Downgrade,Completed,Credit Card
TXN00490,CUST0059,-1038.02,2024-08-31,Downgrade,Completed,Credit Card
TXN00491,CUST0059,6536.1,2024-09-13,Subscription,Completed,ACH
TXN00492,CUST0059,-557.81,2025-04-19,Downgrade,Completed,Invoice
TXN00493,CUST0059,-2659.27,2024-11-08,Refund,Completed,Invoice
TXN00494,CUST0059,-1497.83,2024-12-18,Downgrade,Pending,Invoice
TXN00495,CUST0060,382.26,2024-06-02,Renewal,Completed,Wire Transfer
TXN00496,CUST0060,-37.19,2025-08-07,Downgrade,Pending,Credit Card
TXN00497,CUST0060,-56.48,2023-05-31,Refund,Completed,Credit Card
TXN00498,CUST0060,-69.45,2023-11-10,Downgrade,Completed,Wire Transfer
TXN00499,CUST0060,367.5,2023-05-25,Subscription,Completed,Invoice
TXN00500,CUST0060,316.74,2025-06-20,Renewal,Completed,Wire Transfer
TXN00501,CUST0060,146.31,2025-11-23,Upgrade,Completed,Credit Card
TXN00502,CUST0060,-93.23,2023-01-12,Downgrade,Completed,Invoice
TXN00503,CUST0060,-55.46,2024-08-14,Downgrade,Completed,ACH
TXN00504,CUST0060,-155.5,2025-12-23,Refund,Completed,ACH
TXN00505,CUST0060,-28.87,2025-08-11,Downgrade,Completed,Invoice
TXN00506,CUST0060,369.42,2023-06-21,One-time Add-on,Completed,Invoice
TXN00507,CUST0061,8749.72,2023-02-19,Renewal,Completed,Invoice
TXN00508,CUST0061,-1782.23,2023-03-06,Downgrade,Completed,Wire Transfer
TXN00509,CUST0061,7079.36,2022-10-19,Subscription,Completed,Wire Transfer
TXN00510,CUST0061,-2568.76,2022-11-02,Refund,Completed,Wire Transfer
TXN00511,CUST0061,8475.59,2022-11-18,Subscription,Failed,Invoice
TXN00512,CUST0061,9289.21,2022-11-03,Subscription,Completed,Wire Transfer
TXN00513,CUST0061,10158.88,2023-03-07,Subscription,Completed,Wire Transfer
TXN00514,CUST0061,1465.26,2022-07-05,Upgrade,Completed,Credit Card
TXN00515,CUST0061,-3773.88,2022-12-29,Refund,Completed,Invoice
TXN00516,CUST0061,9410.39,2022-09-21,Subscription,Completed,Wire Transfer
TXN00517,CUST0061,8343.48,2022-11-17,One-time Add-on,Completed,Invoice
TXN00518,CUST0062,-143.47,2025-11-28,Refund,Completed,Wire Transfer
TXN00519,CUST0062,927.02,2024-06-09,One-time Add-on,Failed,ACH
TXN00520,CUST0062,-434.62,2025-05-13,Refund,Completed,ACH
TXN00521,CUST0062,119.95,2024-10-11,Upgrade,Failed,Invoice
TXN00522,CUST0062,1105.76,2024-08-09,One-time Add-on,Completed,Credit Card
TXN00523,CUST0063,12505.17,2024-12-04,Subscription,Completed,Invoice
TXN00524,CUST0063,5095.04,2024-11-18,Upgrade,Completed,Wire Transfer
TXN00525,CUST0063,3327.55,2025-02-02,Upgrade,Completed,ACH
TXN00526,CUST0063,-1374.27,2025-01-10,Downgrade,Completed,ACH
TXN00527,CUST0063,12804.42,2025-05-09,Subscription,Completed,ACH
TXN00528,CUST0063,-1257.6,2025-02-20,Downgrade,Failed,Invoice
TXN00529,CUST0063,-3268.02,2024-12-03,Refund,Completed,Invoice
TXN00530,CUST0063,13285.69,2025-05-23,One-time Add-on,Completed,ACH
TXN00531,CUST0063,-1059.01,2024-12-28,Downgrade,Completed,Wire Transfer
TXN00532,CUST0064,2806.27,2025-03-13,Upgrade,Pending,ACH
TXN00533,CUST0064,-737.68,2025-10-22,Downgrade,Completed,ACH
TXN00534,CUST0064,-1919.64,2024-12-24,Refund,Completed,Credit Card
TXN00535,CUST0064,5125.52,2024-10-30,Renewal,Completed,Wire Transfer
TXN00536,CUST0064,-1200.4,2025-04-09,Downgrade,Completed,Credit Card
TXN00537,CUST0064,5744.83,2024-11-26,Renewal,Completed,Wire Transfer
TXN00538,CUST0064,5500.33,2025-07-18,One-time Add-on,Completed,Invoice
TXN00539,CUST0064,5195.34,2025-09-19,Subscription,Pending,Wire Transfer
TXN00540,CUST0064,2823.92,2025-06-19,Upgrade,Pending,Invoice
TXN00541,CUST0064,2329.75,2025-11-17,Upgrade,Pending,Invoice
TXN00542,CUST0065,9784.24,2022-06-25,Subscription,Completed,Credit Card
TXN00543,CUST0065,-3952.07,2022-11-19,Refund,Pending,Wire Transfer
TXN00544,CUST0065,8517.35,2022-11-06,Subscription,Completed,Wire Transfer
TXN00545,CUST0065,10416.98,2022-08-12,One-time Add-on,Completed,ACH
TXN00546,CUST0065,8160.38,2022-09-29,Renewal,Completed,Wire Transfer
TXN00547,CUST0065,-1080.58,2022-10-08,Downgrade,Completed,Invoice
TXN00548,CUST0066,-709.01,2025-03-05,Refund,Completed,Invoice
TXN00549,CUST0066,-221.12,2025-06-16,Refund,Completed,ACH
TXN00550,CUST0066,-340.92,2025-02-21,Downgrade,Completed,Credit Card
TXN00551,CUST0066,1212.15,2025-12-07,One-time Add-on,Completed,Credit Card
TXN00552,CUST0066,478.19,2024-10-18,Upgrade,Completed,Wire Transfer
TXN00553,CUST0066,1707.87,2024-06-19,One-time Add-on,Completed,Invoice
TXN00554,CUST0066,-419.79,2024-02-24,Downgrade,Pending,Wire Transfer
TXN00555,CUST0066,1368.59,2024-05-18,Renewal,Completed,ACH
TXN00556,CUST0066,-270.33,2025-05-10,Refund,Completed,Invoice
TXN00557,CUST0066,665.07,2024-03-21,Upgrade,Completed,Invoice
TXN00558,CUST0066,-336.86,2025-06-12,Refund,Completed,Invoice
TXN00559,CUST0066,1607.51,2024-05-28,Renewal,Completed,Wire Transfer
TXN00560,CUST0067,-191.86,2025-09-01,Refund,Completed,Invoice
TXN00561,CUST0067,474.18,2022-06-12,Subscription,Completed,Invoice
TXN00562,CUST0067,359.59,2025-11-19,Renewal,Completed,Wire Transfer
TXN00563,CUST0067,373.8,2024-01-19,One-time Add-on,Completed,ACH
TXN00564,CUST0067,-121.56,2025-08-15,Refund,Pending,Invoice
TXN00565,CUST0067,-73.28,2024-12-21,Refund,Completed,Wire Transfer
TXN00566,CUST0067,374.19,2023-11-15,Renewal,Completed,Invoice
TXN00567,CUST0067,399.34,2024-05-28,One-time Add-on,Pending,ACH
TXN00568,CUST0067,-44.69,2022-10-16,Downgrade,Completed,ACH
TXN00569,CUST0067,-91.78,2022-07-27,Downgrade,Completed,ACH
TXN00570,CUST0068,399.49,2024-03-05,Renewal,Completed,Invoice
TXN00571,CUST0068,-109.02,2024-08-28,Refund,Completed,ACH
TXN00572,CUST0068,72.92,2023-03-08,Upgrade,Completed,ACH
TXN00573,CUST0068,352.44,2024-07-13,Renewal,Failed,Wire Transfer
TXN00574,CUST0068,327.8,2025-11-28,Renewal,Completed,ACH
TXN00575,CUST0069,2443.17,2025-01-05,Upgrade,Completed,ACH
TXN00576,CUST0069,13508.37,2025-02-15,One-time Add-on,Completed,Credit Card
TXN00577,CUST0069,14450.32,2025-04-07,Renewal,Failed,Invoice
TXN00578,CUST0069,13654.66,2025-07-27,Renewal,Completed,Wire Transfer
TXN00579,CUST0070,405.11,2023-02-21,One-time Add-on,Completed,ACH
TXN00580,CUST0070,245.33,2025-03-31,Upgrade,Pending,Credit Card
TXN00581,CUST0070,148.48,2022-08-20,Upgrade,Completed,Invoice
TXN00582,CUST0070,584.04,2024-09-07,Renewal,Completed,ACH
TXN00583,CUST0070,492.68,2024-01-25,Renewal,Pending,Invoice
TXN00584,CUST0071,2529.56,2025-05-19,Upgrade,Completed,Wire Transfer
TXN00585,CUST0071,774.9,2025-05-26,Upgrade,Completed,Wire Transfer
TXN00586,CUST0071,3098.51,2025-11-04,Upgrade,Completed,Wire Transfer
TXN00587,CUST0071,2020.4,2025-09-30,Upgrade,Completed,ACH
TXN00588,CUST0071,-3275.2,2025-07-16,Refund,Completed,ACH
TXN00589,CUST0071,-2114.55,2025-09-16,Refund,Completed,ACH
TXN00590,CUST0072,9832.94,2024-02-06,Renewal,Completed,ACH
TXN00591,CUST0072,-1791.56,2025-12-04,Downgrade,Failed,Invoice
TXN00592,CUST0072,-1566.62,2024-01-23,Downgrade,Completed,Invoice
TXN00593,CUST0072,-879.67,2025-03-25,Downgrade,Completed,ACH
TXN00594,CUST0072,1547.49,2024-04-17,Upgrade,Completed,ACH
TXN00595,CUST0072,-2888.78,2024-06-02,Refund,Completed,ACH
TXN00596,CUST0073,409.0,2025-02-11,One-time Add-on,Pending,ACH
TXN00597,CUST0073,-102.8,2025-04-14,Downgrade,Pending,Credit Card
TXN00598,CUST0073,-231.02,2024-12-11,Refund,Completed,Wire Transfer
TXN00599,CUST0073,532.13,2025-02-28,Subscription,Completed,Credit Card
TXN00600,CUST0074,-314.42,2025-12-10,Downgrade,Pending,Credit Card
TXN00601,CUST0074,2042.99,2025-06-24,Subscription,Pending,Wire Transfer
TXN00602,CUST0074,1700.87,2025-10-25,Renewal,Completed,Wire Transfer
TXN00603,CUST0074,2110.39,2025-06-21,Subscription,Completed,Invoice
TXN00604,CUST0074,-218.81,2025-02-23,Downgrade,Completed,Invoice
TXN00605,CUST0074,2193.88,2025-02-21,Subscription,Completed,Invoice
TXN00606,CUST0074,-735.91,2025-06-01,Refund,Completed,Credit Card
TXN00607,CUST0074,-481.25,2025-06-08,Downgrade,Completed,Wire Transfer
TXN00608,CUST0074,1639.27,2025-12-23,One-time Add-on,Completed,Wire Transfer
TXN00609,CUST0074,1914.89,2025-09-26,Renewal,Pending,Invoice
TXN00610,CUST0074,2000.05,2025-05-24,One-time Add-on,Completed,Invoice
TXN00611,CUST0075,2216.57,2025-12-05,Renewal,Completed,Credit Card
TXN00612,CUST0075,1113.95,2025-05-13,Upgrade,Completed,ACH
TXN00613,CUST0075,2394.55,2025-04-06,One-time Add-on,Completed,Wire Transfer
TXN00614,CUST0075,-158.89,2025-02-09,Downgrade,Completed,Wire Transfer
TXN00615,CUST0075,2444.41,2023-04-27,Renewal,Completed,ACH
TXN00616,CUST0075,-282.0,2025-06-02,Downgrade,Completed,Credit Card
TXN00617,CUST0075,1919.27,2022-09-27,One-time Add-on,Completed,Credit Card
TXN00618,CUST0075,-833.9,2025-02-02,Refund,Completed,Wire Transfer
TXN00619,CUST0075,1895.72,2023-11-30,One-time Add-on,Completed,Credit Card
TXN00620,CUST0076,452.43,2023-12-12,Renewal,Completed,Invoice
TXN00621,CUST0076,-94.33,2024-06-08,Refund,Completed,Invoice
TXN00622,CUST0076,-117.01,2024-05-08,Refund,Completed,Wire Transfer
TXN00623,CUST0076,351.88,2024-07-01,Renewal,Completed,Wire Transfer
TXN00624,CUST0076,-65.84,2024-06-07,Refund,Completed,Credit Card
TXN00625,CUST0076,320.41,2024-02-06,Subscription,Completed,Invoice
TXN00626,CUST0076,-106.31,2024-04-22,Downgrade,Failed,Invoice
TXN00627,CUST0076,447.69,2024-01-13,One-time Add-on,Completed,Invoice
TXN00628,CUST0076,53.73,2024-05-20,Upgrade,Completed,ACH
TXN00629,CUST0076,429.06,2023-11-25,Subscription,Completed,Credit Card
TXN00630,CUST0076,-84.41,2023-12-20,Downgrade,Completed,Invoice
TXN00631,CUST0077,9763.69,2024-01-31,Subscription,Completed,Invoice
TXN00632,CUST0077,8980.96,2024-09-24,Subscription,Pending,Invoice
TXN00633,CUST0077,-582.48,2024-11-27,Downgrade,Completed,ACH
TXN00634,CUST0077,3477.16,2024-02-11,Upgrade,Completed,Credit Card
TXN00635,CUST0077,8922.42,2024-06-25,Subscription,Completed,Invoice
TXN00636,CUST0077,-2485.24,2024-09-17,Downgrade,Completed,Wire Transfer
TXN00637,CUST0077,-1590.42,2023-08-26,Downgrade,Completed,Invoice
TXN00638,CUST0077,-368.96,2024-03-13,Refund,Completed,Wire Transfer
TXN00639,CUST0077,9623.36,2025-02-05,Subscription,Completed,Invoice
TXN00640,CUST0077,-2181.89,2023-11-16,Downgrade,Completed,Invoice
TXN00641,CUST0077,-585.61,2025-07-03,Downgrade,Completed,ACH
TXN00642,CUST0077,2919.92,2024-11-11,Upgrade,Completed,Wire Transfer
TXN00643,CUST0078,170.13,2024-12-08,Upgrade,Completed,Invoice
TXN00644,CUST0078,-159.99,2025-12-02,Refund,Completed,Invoice
TXN00645,CUST0078,458.42,2025-11-15,Renewal,Completed,Credit Card
TXN00646,CUST0078,-35.96,2025-09-08,Downgrade,Completed,Invoice
TXN00647,CUST0078,-124.91,2024-11-22,Downgrade,Completed,ACH
TXN00648,CUST0078,357.92,2025-01-17,One-time Add-on,Completed,Wire Transfer
TXN00649,CUST0078,-76.73,2025-04-02,Refund,Completed,Credit Card
TXN00650,CUST0078,408.75,2025-11-19,Subscription,Completed,ACH
TXN00651,CUST0078,388.88,2024-12-02,One-time Add-on,Completed,Wire Transfer
TXN00652,CUST0078,178.24,2025-11-07,Upgrade,Completed,Wire Transfer
TXN00653,CUST0078,-197.27,2024-12-18,Refund,Completed,Credit Card
TXN00654,CUST0079,-591.99,2024-12-11,Downgrade,Completed,Credit Card
TXN00655,CUST0079,2126.01,2025-11-28,One-time Add-on,Completed,Credit Card
TXN00656,CUST0079,2042.63,2025-04-17,Subscription,Completed,Credit Card
TXN00657,CUST0079,331.6,2024-04-17,Upgrade,Completed,Invoice
TXN00658,CUST0080,-670.97,2025-12-10,Refund,Completed,Wire Transfer
TXN00659,CUST0080,1296.48,2025-06-25,Renewal,Completed,Invoice
TXN00660,CUST0080,1731.19,2024-07-24,Renewal,Completed,Wire Transfer
TXN00661,CUST0080,1273.43,2025-12-17,Renewal,Completed,Invoice
TXN00662,CUST0080,-524.38,2025-07-22,Refund,Completed,Invoice
TXN00663,CUST0080,1711.01,2025-03-08,Renewal,Completed,Invoice
TXN00664,CUST0080,1706.63,2025-10-30,One-time Add-on,Completed,Credit Card
TXN00665,CUST0080,1691.7,2025-10-14,Renewal,Completed,Credit Card
TXN00666,CUST0080,344.92,2024-10-12,Upgrade,Failed,ACH
TXN00667,CUST0080,1461.54,2025-10-05,Subscription,Completed,ACH
TXN00668,CUST0080,-749.13,2024-09-15,Refund,Completed,Wire Transfer
TXN00669,CUST0080,-414.42,2025-09-20,Downgrade,Completed,Wire Transfer
TXN00670,CUST0081,1332.46,2025-06-27,Subscription,Pending,ACH
TXN00671,CUST0081,-190.36,2025-12-26,Downgrade,Completed,Invoice
TXN00672,CUST0081,536.22,2025-12-25,Upgrade,Completed,Invoice
TXN00673,CUST0081,157.56,2025-04-13,Upgrade,Completed,Invoice
TXN00674,CUST0081,1410.19,2025-03-07,One-time Add-on,Completed,Credit Card
TXN00675,CUST0081,1089.84,2025-09-20,One-time Add-on,Completed,ACH
TXN00676,CUST0081,1362.3,2025-01-13,Subscription,Completed,Wire Transfer
TXN00677,CUST0081,460.26,2025-05-05,Upgrade,Failed,Credit Card
TXN00678,CUST0081,240.26,2025-02-01,Upgrade,Completed,Credit Card
TXN00679,CUST0082,-1216.68,2023-04-06,Downgrade,Completed,Invoice
TXN00680,CUST0082,10967.19,2024-06-18,Renewal,Failed,ACH
TXN00681,CUST0082,2089.68,2024-07-11,Upgrade,Completed,ACH
TXN00682,CUST0082,10701.84,2024-09-05,One-time Add-on,Completed,ACH
TXN00683,CUST0083,875.98,2025-01-27,Subscription,Completed,Invoice
TXN00684,CUST0083,841.56,2025-01-03,Subscription,Pending,Invoice
TXN00685,CUST0083,-70.92,2025-01-11,Downgrade,Completed,Invoice
TXN00686,CUST0083,1027.95,2025-02-04,One-time Add-on,Completed,Wire Transfer
TXN00687,CUST0083,-213.34,2025-02-04,Downgrade,Failed,Invoice
TXN00688,CUST0083,-261.13,2025-02-13,Downgrade,Completed,ACH
TXN00689,CUST0083,-260.6,2025-01-29,Refund,Failed,Credit Card
TXN00690,CUST0083,1002.03,2025-02-11,Renewal,Completed,ACH
TXN00691,CUST0083,478.16,2025-02-02,Upgrade,Completed,Invoice
TXN00692,CUST0084,378.96,2022-09-30,Upgrade,Completed,ACH
TXN00693,CUST0084,255.9,2022-09-24,Upgrade,Completed,Wire Transfer
TXN00694,CUST0084,1287.17,2024-10-17,Subscription,Completed,Invoice
TXN00695,CUST0084,525.28,2022-05-05,Upgrade,Completed,Invoice
TXN00696,CUST0084,1174.8,2022-01-30,Subscription,Completed,Credit Card
TXN00697,CUST0085,454.64,2024-10-06,One-time Add-on,Completed,Wire Transfer
TXN00698,CUST0085,-83.07,2025-08-10,Downgrade,Completed,ACH
TXN00699,CUST0085,493.04,2025-07-21,Renewal,Completed,Invoice
TXN00700,CUST0085,-42.93,2025-04-15,Downgrade,Completed,Credit Card
TXN00701,CUST0085,524.48,2025-08-29,One-time Add-on,Completed,ACH
TXN00702,CUST0085,-66.31,2025-12-09,Downgrade,Completed,Invoice
TXN00703,CUST0085,176.35,2025-06-24,Upgrade,Completed,Credit Card
TXN00704,CUST0085,-206.09,2025-01-07,Refund,Completed,Credit Card
TXN00705,CUST0085,410.44,2025-03-22,One-time Add-on,Pending,Credit Card
TXN00706,CUST0085,430.96,2025-01-05,One-time Add-on,Completed,Credit Card
TXN00707,CUST0086,389.66,2025-11-25,Renewal,Completed,ACH
TXN00708,CUST0086,-145.99,2025-07-01,Refund,Completed,Credit Card
TXN00709,CUST0086,305.22,2025-11-26,One-time Add-on,Completed,Invoice
TXN00710,CUST0086,90.37,2025-03-09,Upgrade,Completed,Wire Transfer
TXN00711,CUST0086,44.86,2025-09-09,Upgrade,Failed,ACH
TXN00712,CUST0087,1721.87,2025-07-26,Renewal,Completed,Wire Transfer
TXN00713,CUST0087,-202.99,2025-10-02,Refund,Completed,Wire Transfer
TXN00714,CUST0087,2071.31,2025-08-05,Subscription,Completed,Credit Card
TXN00715,CUST0087,1841.93,2025-09-09,Renewal,Completed,Invoice
TXN00716,CUST0087,1681.42,2025-07-20,Subscription,Completed,ACH
TXN00717,CUST0087,2101.15,2025-10-24,One-time Add-on,Completed,Credit Card
TXN00718,CUST0087,1769.8,2025-08-27,Subscription,Completed,Credit Card
TXN00719,CUST0087,1837.86,2025-10-21,Subscription,Completed,Credit Card
TXN00720,CUST0088,1559.12,2025-07-30,One-time Add-on,Completed,ACH
TXN00721,CUST0088,1402.72,2025-07-14,One-time Add-on,Completed,ACH
TXN00722,CUST0088,1383.23,2025-08-14,Renewal,Failed,ACH
TXN00723,CUST0088,-423.04,2025-07-29,Downgrade,Completed,Credit Card
TXN00724,CUST0088,-422.96,2025-06-25,Downgrade,Completed,ACH
TXN00725,CUST0088,1709.73,2025-06-25,Subscription,Completed,Wire Transfer
TXN00726,CUST0088,-307.95,2025-08-17,Refund,Completed,ACH
TXN00727,CUST0088,1329.61,2025-08-01,One-time Add-on,Completed,Credit Card
TXN00728,CUST0089,-74.21,2023-06-23,Downgrade,Completed,Wire Transfer
TXN00729,CUST0089,345.01,2025-05-24,Renewal,Pending,Wire Transfer
TXN00730,CUST0089,-80.11,2024-11-22,Refund,Completed,Invoice
TXN00731,CUST0089,351.86,2024-07-03,Renewal,Completed,ACH
TXN00732,CUST0089,307.74,2025-07-20,One-time Add-on,Pending,ACH
TXN00733,CUST0089,327.31,2022-12-26,One-time Add-on,Pending,ACH
TXN00734,CUST0089,382.65,2025-04-16,One-time Add-on,Completed,Invoice
TXN00735,CUST0089,368.38,2025-12-28,Subscription,Completed,Credit Card
TXN00736,CUST0090,-104.6,2023-09-03,Refund,Completed,Invoice
TXN00737,CUST0090,325.68,2025-11-27,One-time Add-on,Completed,Credit Card
TXN00738,CUST0090,-49.25,2023-12-08,Downgrade,Completed,Credit Card
TXN00739,CUST0090,-52.43,2024-03-16,Refund,Completed,Wire Transfer
TXN00740,CUST0090,388.98,2024-02-15,Subscription,Completed,ACH
TXN00741,CUST0090,-100.77,2024-03-29,Downgrade,Completed,Invoice
TXN00742,CUST0090,-124.33,2025-07-23,Refund,Completed,Invoice
TXN00743,CUST0090,113.13,2023-11-24,Upgrade,Completed,ACH
TXN00744,CUST0090,-119.38,2025-06-08,Refund,Completed,ACH
TXN00745,CUST0090,293.95,2023-10-08,One-time Add-on,Completed,Wire Transfer
TXN00746,CUST0090,397.92,2025-03-08,Renewal,Completed,Wire Transfer
TXN00747,CUST0090,-52.84,2024-02-15,Refund,Failed,Wire Transfer
TXN00748,CUST0091,11419.37,2025-08-27,Subscription,Completed,Credit Card
TXN00749,CUST0091,-2537.05,2024-12-02,Downgrade,Completed,Credit Card
TXN00750,CUST0091,-1364.0,2025-09-22,Downgrade,Completed,ACH
TXN00751,CUST0091,4541.45,2023-05-17,Upgrade,Completed,Wire Transfer
TXN00752,CUST0091,-958.63,2023-02-20,Downgrade,Completed,Credit Card
TXN00753,CUST0091,-2088.01,2024-05-17,Refund,Completed,ACH
TXN00754,CUST0091,9053.53,2024-03-19,Renewal,Completed,Credit Card
TXN00755,CUST0091,-1535.21,2023-04-08,Downgrade,Completed,Wire Transfer
TXN00756,CUST0091,8193.02,2024-07-06,Renewal,Completed,Wire Transfer
TXN00757,CUST0091,2991.67,2023-06-01,Upgrade,Completed,Credit Card
TXN00758,CUST0091,10204.54,2025-07-27,Subscription,Completed,Credit Card
TXN00759,CUST0091,9240.76,2023-06-14,Subscription,Pending,Credit Card
TXN00760,CUST0092,-21.16,2023-11-24,Downgrade,Completed,Invoice
TXN00761,CUST0092,355.77,2023-11-28,Subscription,Completed,Wire Transfer
TXN00762,CUST0092,-24.57,2024-10-16,Downgrade,Completed,ACH
TXN00763,CUST0092,-122.44,2025-05-27,Refund,Completed,Invoice
TXN00764,CUST0092,-89.68,2025-12-14,Downgrade,Completed,Wire Transfer
TXN00765,CUST0092,-140.89,2025-07-19,Refund,Completed,Wire Transfer
TXN00766,CUST0093,1635.6,2024-07-23,Subscription,Completed,ACH
TXN00767,CUST0093,2143.67,2025-11-11,Renewal,Completed,Invoice
TXN00768,CUST0093,-649.75,2025-08-09,Refund,Completed,ACH
TXN00769,CUST0093,1729.4,2024-05-19,Subscription,Completed,Wire Transfer
TXN00770,CUST0093,2345.13,2025-02-16,One-time Add-on,Completed,ACH
TXN00771,CUST0093,693.59,2025-07-28,Upgrade,Completed,Credit Card
TXN00772,CUST0093,2160.18,2025-09-16,One-time Add-on,Completed,ACH
TXN00773,CUST0094,-1030.2,2023-06-24,Downgrade,Failed,ACH
TXN00774,CUST0094,1331.7,2023-07-02,Upgrade,Completed,Invoice
TXN00775,CUST0094,7777.91,2023-11-13,One-time Add-on,Completed,Wire Transfer
TXN00776,CUST0094,1249.63,2023-12-28,Upgrade,Completed,Credit Card
TXN00777,CUST0094,8850.46,2024-02-05,Renewal,Completed,ACH
TXN00778,CUST0094,6708.08,2024-01-21,One-time Add-on,Completed,Wire Transfer
TXN00779,CUST0094,7275.41,2023-12-06,Renewal,Completed,Credit Card
TXN00780,CUST0094,6285.54,2023-11-29,Subscription,Completed,Credit Card
TXN00781,CUST0094,2092.65,2023-08-08,Upgrade,Completed,Wire Transfer
TXN00782,CUST0094,6665.6,2023-06-19,Subscription,Completed,ACH
TXN00783,CUST0094,-701.61,2023-10-09,Refund,Completed,ACH
TXN00784,CUST0094,6127.2,2023-08-27,Renewal,Completed,Credit Card
TXN00785,CUST0095,-837.12,2025-10-24,Refund,Completed,Credit Card
TXN00786,CUST0095,10668.22,2025-06-20,Renewal,Completed,Wire Transfer
TXN00787,CUST0095,13612.13,2025-09-11,Renewal,Failed,Invoice
TXN00788,CUST0095,9804.7,2025-09-24,Subscription,Pending,ACH
TXN00789,CUST0096,8072.62,2025-01-10,One-time Add-on,Completed,Invoice
TXN00790,CUST0096,9915.18,2025-08-25,Renewal,Completed,ACH
TXN00791,CUST0096,7787.45,2025-12-15,One-time Add-on,Completed,ACH
TXN00792,CUST0096,-3386.03,2024-10-31,Refund,Completed,Invoice
TXN00793,CUST0096,-391.35,2025-01-19,Refund,Completed,Credit Card
TXN00794,CUST0096,8106.3,2024-12-28,One-time Add-on,Pending,Wire Transfer
TXN00795,CUST0096,8364.79,2025-06-16,One-time Add-on,Completed,Wire Transfer
TXN00796,CUST0097,-959.97,2025-08-11,Refund,Completed,Invoice
TXN00797,CUST0097,1779.35,2023-02-08,Renewal,Completed,ACH
TXN00798,CUST0097,1848.67,2025-02-13,Renewal,Pending,ACH
TXN00799,CUST0097,641.79,2024-12-31,Upgrade,Completed,Credit Card
TXN00800,CUST0097,-360.17,2024-07-22,Downgrade,Completed,Credit Card
TXN00801,CUST0097,2101.3,2025-07-05,One-time Add-on,Completed,Invoice
TXN00802,CUST0097,-284.35,2025-04-29,Downgrade,Completed,Wire Transfer
TXN00803,CUST0097,1747.31,2025-01-17,Subscription,Completed,Credit Card
TXN00804,CUST0097,1839.47,2024-11-30,Subscription,Completed,Credit Card
TXN00805,CUST0097,1682.25,2024-06-14,Renewal,Completed,Credit Card
TXN00806,CUST0097,1870.93,2025-12-18,Renewal,Completed,Wire Transfer
TXN00807,CUST0097,-826.5,2024-08-06,Refund,Completed,Wire Transfer
TXN00808,CUST0098,433.99,2024-10-20,One-time Add-on,Failed,Wire Transfer
TXN00809,CUST0098,76.99,2023-10-29,Upgrade,Completed,Invoice
TXN00810,CUST0098,399.22,2024-05-19,One-time Add-on,Completed,ACH
TXN00811,CUST0098,-38.69,2025-01-10,Downgrade,Completed,ACH
TXN00812,CUST0098,364.19,2024-06-23,Renewal,Completed,Invoice
TXN00813,CUST0098,-48.92,2024-10-28,Downgrade,Completed,ACH
TXN00814,CUST0098,-104.7,2024-05-31,Refund,Completed,Credit Card
TXN00815,CUST0099,1241.82,2025-02-06,One-time Add-on,Completed,Credit Card
TXN00816,CUST0099,-458.94,2025-08-09,Refund,Completed,Invoice
TXN00817,CUST0099,-418.9,2025-07-02,Refund,Completed,Wire Transfer
TXN00818,CUST0099,874.29,2025-05-12,One-time Add-on,Completed,ACH
TXN00819,CUST0099,353.56,2025-02-13,Upgrade,Completed,Invoice
TXN00820,CUST0099,1274.2,2025-06-10,Renewal,Completed,Invoice
TXN00821,CUST0099,-83.36,2025-03-03,Downgrade,Completed,Invoice
TXN00822,CUST0099,148.32,2025-10-20,Upgrade,Completed,ACH
TXN00823,CUST0099,-345.74,2024-12-13,Refund,Completed,ACH
TXN00824,CUST0100,423.12,2025-04-04,Upgrade,Completed,Credit Card
TXN00825,CUST0100,2198.37,2025-05-09,Subscription,Completed,Wire Transfer
TXN00826,CUST0100,-207.1,2025-04-17,Downgrade,Completed,Invoice
TXN00827,CUST0100,-126.34,2025-05-21,Refund,Pending,ACH
TXN00828,CUST0100,2143.7,2024-11-24,Renewal,Completed,Invoice
TXN00829,CUST0101,4501.47,2024-07-03,One-time Add-on,Completed,Invoice
TXN00830,CUST0101,4101.93,2024-06-24,Renewal,Completed,Credit Card
TXN00831,CUST0101,5736.87,2024-07-26,One-time Add-on,Completed,Invoice
TXN00832,CUST0101,-991.2,2024-08-10,Downgrade,Completed,Wire Transfer
TXN00833,CUST0101,1941.84,2024-08-09,Upgrade,Completed,Wire Transfer
TXN00834,CUST0101,5769.28,2024-07-24,One-time Add-on,Completed,Invoice
TXN00835,CUST0102,7856.87,2024-12-15,One-time Add-on,Completed,ACH
TXN00836,CUST0102,6023.74,2025-09-07,One-time Add-on,Completed,Credit Card
TXN00837,CUST0102,6536.11,2025-01-15,Renewal,Completed,Wire Transfer
TXN00838,CUST0102,7755.69,2025-08-22,Subscription,Completed,ACH
TXN00839,CUST0102,-1098.22,2025-12-24,Downgrade,Completed,Credit Card
TXN00840,CUST0102,7920.55,2025-03-22,Subscription,Completed,Wire Transfer
TXN00841,CUST0102,-655.47,2025-04-12,Downgrade,Completed,Credit Card
TXN00842,CUST0103,1356.29,2025-05-18,Subscription,Completed,Invoice
TXN00843,CUST0103,511.89,2025-08-17,Upgrade,Completed,Invoice
TXN00844,CUST0103,1156.74,2025-05-21,Subscription,Completed,ACH
TXN00845,CUST0103,-493.56,2025-08-03,Refund,Completed,Credit Card
TXN00846,CUST0103,1365.62,2025-06-02,One-time Add-on,Completed,Invoice
TXN00847,CUST0103,-327.79,2025-06-16,Downgrade,Completed,ACH
TXN00848,CUST0103,1339.91,2025-12-12,Subscription,Completed,Credit Card
TXN00849,CUST0103,-281.56,2025-09-25,Refund,Completed,Credit Card
TXN00850,CUST0103,207.38,2025-11-01,Upgrade,Completed,ACH
TXN00851,CUST0103,1486.75,2025-11-10,Subscription,Completed,Invoice
TXN00852,CUST0103,1457.87,2025-11-06,Subscription,Completed,Credit Card
TXN00853,CUST0104,1981.02,2025-11-19,Upgrade,Completed,Credit Card
TXN00854,CUST0104,8360.47,2024-02-17,Renewal,Completed,ACH
TXN00855,CUST0104,5754.89,2023-02-19,Subscription,Completed,Credit Card
TXN00856,CUST0104,7650.08,2023-11-27,Renewal,Completed,Credit Card
TXN00857,CUST0104,7775.83,2025-09-27,Renewal,Completed,Credit Card
TXN00858,CUST0104,2318.05,2023-11-06,Upgrade,Completed,ACH
TXN00859,CUST0104,-2031.95,2025-01-19,Downgrade,Completed,ACH
TXN00860,CUST0104,1636.71,2022-08-10,Upgrade,Completed,Wire Transfer
TXN00861,CUST0104,-736.42,2022-01-30,Downgrade,Completed,Wire Transfer
TXN00862,CUST0104,6762.38,2025-08-29,One-time Add-on,Completed,ACH
TXN00863,CUST0105,388.24,2025-02-19,One-time Add-on,Failed,ACH
TXN00864,CUST0105,403.82,2025-01-24,Subscription,Failed,Invoice
TXN00865,CUST0105,-69.16,2025-08-31,Refund,Completed,Wire Transfer
TXN00866,CUST0105,-119.5,2025-11-27,Refund,Completed,Invoice
TXN00867,CUST0105,410.15,2025-04-01,One-time Add-on,Completed,Credit Card
TXN00868,CUST0105,406.38,2025-01-15,Subscription,Pending,Wire Transfer
TXN00869,CUST0105,-111.77,2025-01-17,Refund,Completed,Credit Card
TXN00870,CUST0105,368.82,2024-10-18,Renewal,Completed,ACH
TXN00871,CUST0105,410.37,2025-03-29,Renewal,Completed,Invoice
TXN00872,CUST0105,59.69,2025-10-01,Upgrade,Completed,Credit Card
TXN00873,CUST0106,-2817.05,2025-04-23,Refund,Completed,ACH
TXN00874,CUST0106,1360.47,2025-01-28,Upgrade,Completed,ACH
TXN00875,CUST0106,7939.52,2024-10-08,One-time Add-on,Completed,ACH
TXN00876,CUST0106,-70.57,2025-05-21,Refund,Completed,Credit Card
TXN00877,CUST0106,7280.8,2024-09-08,Subscription,Completed,ACH
TXN00878,CUST0106,6007.55,2024-07-01,Subscription,Completed,ACH
TXN00879,CUST0106,5743.58,2024-10-22,One-time Add-on,Completed,Wire Transfer
TXN00880,CUST0106,-722.56,2024-08-10,Refund,Completed,ACH
TXN00881,CUST0106,2284.04,2024-12-30,Upgrade,Failed,ACH
TXN00882,CUST0106,-483.69,2024-11-28,Downgrade,Failed,Invoice
TXN00883,CUST0106,6828.5,2025-03-16,Renewal,Completed,Invoice
TXN00884,CUST0106,-379.69,2024-08-01,Downgrade,Completed,Credit Card
TXN00885,CUST0107,10597.32,2025-10-21,One-time Add-on,Completed,Wire Transfer
TXN00886,CUST0107,-1556.29,2025-03-15,Downgrade,Completed,Invoice
TXN00887,CUST0107,1903.35,2024-05-03,Upgrade,Completed,ACH
TXN00888,CUST0107,9908.33,2024-09-01,Subscription,Completed,Wire Transfer
TXN00889,CUST0107,-3463.31,2025-07-07,Downgrade,Pending,Wire Transfer
TXN00890,CUST0107,-1562.34,2025-03-19,Downgrade,Failed,Credit Card
TXN00891,CUST0107,14730.67,2025-04-13,Subscription,Completed,ACH
TXN00892,CUST0107,-3559.94,2024-09-05,Downgrade,Completed,Wire Transfer
TXN00893,CUST0108,-98.91,2025-06-18,Downgrade,Completed,Credit Card
TXN00894,CUST0108,-133.45,2025-05-19,Downgrade,Completed,ACH
TXN00895,CUST0108,553.72,2025-02-19,Subscription,Completed,Credit Card
TXN00896,CUST0108,-170.63,2025-06-12,Refund,Completed,Invoice
TXN00897,CUST0108,-77.55,2025-10-16,Refund,Completed,ACH
TXN00898,CUST0108,525.2,2024-06-26,Subscription,Completed,Invoice
TXN00899,CUST0108,-159.57,2025-01-09,Refund,Pending,ACH
TXN00900,CUST0108,-43.34,2025-09-11,Downgrade,Completed,Wire Transfer
TXN00901,CUST0108,503.88,2025-03-03,One-time Add-on,Completed,Wire Transfer
TXN00902,CUST0108,-112.83,2025-06-30,Downgrade,Pending,Credit Card
TXN00903,CUST0108,-157.03,2024-08-14,Refund,Completed,ACH
TXN00904,CUST0108,-89.16,2024-11-04,Refund,Completed,Wire Transfer
TXN00905,CUST0109,-642.97,2023-05-13,Downgrade,Completed,Invoice
TXN00906,CUST0109,-2725.63,2025-05-13,Downgrade,Completed,ACH
TXN00907,CUST0109,2227.15,2023-05-30,Upgrade,Completed,Invoice
TXN00908,CUST0109,15047.47,2023-06-10,One-time Add-on,Completed,ACH
TXN00909,CUST0110,13060.71,2024-09-10,Subscription,Completed,ACH
TXN00910,CUST0110,-1901.97,2024-11-09,Downgrade,Pending,Credit Card
TXN00911,CUST0110,9878.05,2025-11-30,Renewal,Completed,Credit Card
TXN00912,CUST0110,11124.04,2024-11-27,Subscription,Completed,Invoice
TXN00913,CUST0110,-4527.16,2025-06-28,Refund,Completed,Wire Transfer
TXN00914,CUST0110,-3478.78,2024-02-25,Refund,Failed,Credit Card
TXN00915,CUST0111,328.74,2025-01-27,Subscription,Completed,Wire Transfer
TXN00916,CUST0111,-82.76,2024-12-21,Downgrade,Completed,Wire Transfer
TXN00917,CUST0111,-159.47,2024-08-25,Refund,Failed,ACH
TXN00918,CUST0111,-99.0,2024-08-15,Refund,Completed,Wire Transfer
TXN00919,CUST0111,277.19,2024-07-15,Subscription,Completed,Invoice
TXN00920,CUST0111,280.31,2025-08-23,Renewal,Completed,Wire Transfer
TXN00921,CUST0111,327.74,2025-07-28,Renewal,Completed,Invoice
TXN00922,CUST0112,-157.93,2024-11-02,Refund,Failed,Wire Transfer
TXN00923,CUST0112,-256.86,2023-09-23,Refund,Completed,Wire Transfer
TXN00924,CUST0112,-135.33,2025-07-31,Downgrade,Completed,Credit Card
TXN00925,CUST0112,-355.55,2024-08-27,Downgrade,Pending,Invoice
TXN00926,CUST0112,-569.84,2025-07-11,Refund,Completed,Wire Transfer
TXN00927,CUST0112,1354.4,2025-05-19,Renewal,Completed,Credit Card
TXN00928,CUST0112,-311.15,2024-01-14,Downgrade,Completed,Invoice
TXN00929,CUST0112,-360.53,2024-02-25,Downgrade,Completed,ACH
TXN00930,CUST0112,1083.96,2024-05-12,Renewal,Pending,Credit Card
TXN00931,CUST0112,-372.49,2023-12-23,Downgrade,Completed,Wire Transfer
TXN00932,CUST0112,234.92,2024-10-02,Upgrade,Completed,Invoice
TXN00933,CUST0112,1331.19,2025-07-23,Subscription,Pending,Invoice
TXN00934,CUST0113,1830.91,2024-09-06,Renewal,Completed,Credit Card
TXN00935,CUST0113,-433.31,2024-09-27,Downgrade,Completed,Invoice
TXN00936,CUST0113,-393.61,2025-12-19,Downgrade,Completed,Credit Card
TXN00937,CUST0113,1318.57,2024-06-12,Subscription,Completed,ACH
TXN00938,CUST0113,1478.66,2023-06-20,One-time Add-on,Completed,Invoice
TXN00939,CUST0114,10841.04,2025-03-24,Subscription,Completed,Invoice
TXN00940,CUST0114,4274.71,2025-05-20,Upgrade,Completed,ACH
TXN00941,CUST0114,-3167.61,2025-07-09,Refund,Completed,Invoice
TXN00942,CUST0114,11938.94,2024-10-20,One-time Add-on,Completed,Wire Transfer
TXN00943,CUST0115,-342.16,2024-11-08,Refund,Completed,ACH
TXN00944,CUST0115,-72.01,2025-10-13,Refund,Completed,Credit Card
TXN00945,CUST0115,-417.91,2023-08-03,Refund,Completed,ACH
TXN00946,CUST0115,527.45,2024-10-29,Upgrade,Completed,Wire Transfer
TXN00947,CUST0115,-185.0,2022-11-28,Refund,Completed,ACH
TXN00948,CUST0115,-83.69,2025-12-24,Refund,Completed,ACH
TXN00949,CUST0115,-301.15,2024-10-14,Refund,Failed,ACH
TXN00950,CUST0116,-993.16,2025-11-30,Downgrade,Completed,Wire Transfer
TXN00951,CUST0116,-502.34,2025-06-22,Downgrade,Completed,Wire Transfer
TXN00952,CUST0116,-3171.99,2024-12-03,Refund,Completed,ACH
TXN00953,CUST0116,8474.02,2025-04-14,One-time Add-on,Completed,Wire Transfer
TXN00954,CUST0117,1194.75,2025-12-22,Renewal,Completed,Invoice
TXN00955,CUST0117,1024.43,2024-12-15,Renewal,Completed,ACH
TXN00956,CUST0117,1095.11,2025-12-18,Subscription,Completed,Credit Card
TXN00957,CUST0117,-333.32,2024-07-21,Downgrade,Completed,ACH
TXN00958,CUST0117,1092.03,2024-04-18,Subscription,Completed,Credit Card
TXN00959,CUST0117,1228.56,2024-06-20,One-time Add-on,Completed,ACH
TXN00960,CUST0117,-263.91,2025-11-24,Refund,Completed,ACH
TXN00961,CUST0117,-145.65,2025-04-02,Downgrade,Completed,ACH
TXN00962,CUST0117,-248.76,2025-12-20,Refund,Completed,Credit Card
TXN00963,CUST0117,-252.32,2025-06-09,Refund,Completed,Invoice
TXN00964,CUST0117,982.82,2025-03-03,Subscription,Completed,Invoice
TXN00965,CUST0118,1046.28,2023-07-15,Subscription,Failed,Invoice
TXN00966,CUST0118,-389.57,2023-10-23,Refund,Completed,ACH
TXN00967,CUST0118,-303.33,2024-06-05,Downgrade,Completed,Wire Transfer
TXN00968,CUST0118,849.14,2025-06-24,Renewal,Completed,ACH
TXN00969,CUST0118,-59.0,2024-07-19,Refund,Completed,Invoice
TXN00970,CUST0118,1147.51,2022-08-19,One-time Add-on,Completed,Credit Card
TXN00971,CUST0118,-458.93,2023-06-09,Refund,Completed,ACH
TXN00972,CUST0118,989.81,2022-04-21,One-time Add-on,Completed,Credit Card
TXN00973,CUST0118,892.33,2022-12-30,One-time Add-on,Completed,Wire Transfer
TXN00974,CUST0118,1205.26,2022-06-21,Subscription,Completed,Wire Transfer
TXN00975,CUST0118,980.03,2025-04-29,Renewal,Pending,Credit Card
TXN00976,CUST0118,119.79,2023-09-01,Upgrade,Pending,Wire Transfer
TXN00977,CUST0119,1368.44,2025-07-24,Renewal,Completed,Wire Transfer
TXN00978,CUST0119,1427.3,2025-12-05,Renewal,Completed,Credit Card
TXN00979,CUST0119,1161.88,2024-05-24,Subscription,Completed,ACH
TXN00980,CUST0119,1355.16,2023-10-26,One-time Add-on,Completed,Wire Transfer
TXN00981,CUST0119,-431.95,2023-10-15,Refund,Completed,Wire Transfer
TXN00982,CUST0119,-282.02,2024-07-11,Downgrade,Completed,Invoice
TXN00983,CUST0119,491.99,2023-07-14,Upgrade,Pending,ACH
TXN00984,CUST0119,1396.31,2024-03-17,Subscription,Completed,ACH
TXN00985,CUST0119,1411.05,2025-02-25,One-time Add-on,Completed,ACH
TXN00986,CUST0119,1230.0,2025-06-02,Renewal,Completed,Invoice
TXN00987,CUST0119,1193.43,2023-03-19,One-time Add-on,Completed,Credit Card
TXN00988,CUST0119,1236.9,2025-05-07,Subscription,Completed,Wire Transfer
TXN00989,CUST0120,1907.63,2023-04-29,Renewal,Completed,ACH
TXN00990,CUST0120,2334.76,2024-08-17,Subscription,Completed,Wire Transfer
TXN00991,CUST0120,-154.98,2025-10-21,Downgrade,Completed,Wire Transfer
TXN00992,CUST0120,719.43,2025-08-06,Upgrade,Pending,ACH
TXN00993,CUST0120,-199.62,2024-04-15,Downgrade,Completed,Invoice
TXN00994,CUST0120,1785.07,2025-03-06,One-time Add-on,Completed,ACH
TXN00995,CUST0120,1995.85,2023-03-19,Renewal,Completed,Credit Card
TXN00996,CUST0120,-826.57,2024-07-31,Refund,Completed,Invoice
TXN00997,CUST0121,-135.32,2024-07-25,Downgrade,Completed,Wire Transfer
TXN00998,CUST0121,-82.2,2024-10-28,Downgrade,Completed,ACH
TXN00999,CUST0121,-202.84,2024-11-27,Refund,Pending,Invoice
TXN01000,CUST0121,480.88,2024-12-05,Subscription,Completed,ACH
TXN01001,CUST0121,470.05,2024-04-24,Renewal,Completed,Wire Transfer
TXN01002,CUST0121,-115.03,2025-08-09,Downgrade,Completed,Invoice
TXN01003,CUST0121,535.23,2025-12-13,One-time Add-on,Completed,Invoice
TXN01004,CUST0121,-227.79,2025-06-30,Refund,Pending,Credit Card
TXN01005,CUST0121,477.52,2025-03-10,Subscription,Pending,Credit Card
TXN01006,CUST0121,-145.19,2025-03-30,Refund,Completed,Credit Card
TXN01007,CUST0121,-132.86,2025-10-02,Downgrade,Completed,ACH
TXN01008,CUST0122,5212.68,2023-01-24,Upgrade,Completed,Credit Card
TXN01009,CUST0122,-1731.81,2025-01-05,Downgrade,Completed,Credit Card
TXN01010,CUST0122,-1531.38,2024-07-16,Refund,Completed,Credit Card
TXN01011,CUST0122,3507.91,2024-04-09,Upgrade,Completed,Credit Card
TXN01012,CUST0122,-1248.44,2025-10-31,Downgrade,Completed,Credit Card
TXN01013,CUST0122,13629.0,2025-03-29,One-time Add-on,Completed,Credit Card
TXN01014,CUST0123,1914.39,2025-02-18,Upgrade,Completed,ACH
TXN01015,CUST0123,820.62,2025-05-04,Upgrade,Completed,ACH
TXN01016,CUST0123,7970.59,2024-06-13,One-time Add-on,Completed,Credit Card
TXN01017,CUST0123,6833.52,2025-07-31,Subscription,Completed,ACH
TXN01018,CUST0123,-1137.88,2025-07-13,Downgrade,Completed,ACH
TXN01019,CUST0123,1137.09,2025-09-19,Upgrade,Completed,Invoice
TXN01020,CUST0123,7461.54,2024-08-31,Renewal,Completed,Wire Transfer
TXN01021,CUST0123,6941.1,2024-10-08,Subscription,Completed,Invoice
TXN01022,CUST0123,-1345.91,2025-05-24,Refund,Completed,ACH
TXN01023,CUST0123,-3895.81,2025-07-22,Refund,Completed,Invoice
TXN01024,CUST0123,-1980.94,2025-10-03,Downgrade,Completed,Wire Transfer
TXN01025,CUST0124,-1034.81,2024-10-13,Refund,Completed,Invoice
TXN01026,CUST0124,2641.36,2024-04-07,Subscription,Completed,ACH
TXN01027,CUST0124,669.79,2024-04-19,Upgrade,Completed,ACH
TXN01028,CUST0124,-934.87,2024-02-26,Refund,Completed,Credit Card
TXN01029,CUST0124,-273.2,2024-09-09,Downgrade,Completed,Invoice
TXN01030,CUST0124,1922.29,2024-06-05,One-time Add-on,Completed,ACH
TXN01031,CUST0124,2557.85,2024-06-22,Subscription,Failed,ACH
TXN01032,CUST0124,2209.31,2024-09-06,Renewal,Completed,Credit Card
TXN01033,CUST0124,1947.91,2024-10-14,One-time Add-on,Failed,ACH
TXN01034,CUST0124,1904.25,2024-05-27,Subscription,Completed,ACH
TXN01035,CUST0125,2482.38,2024-06-08,Subscription,Completed,Credit Card
TXN01036,CUST0125,-429.89,2024-04-22,Downgrade,Completed,ACH
TXN01037,CUST0125,641.43,2023-11-12,Upgrade,Completed,Invoice
TXN01038,CUST0125,2186.2,2025-01-17,Subscription,Completed,Wire Transfer
TXN01039,CUST0125,912.31,2025-11-19,Upgrade,Completed,Credit Card
TXN01040,CUST0125,1898.01,2023-10-02,Subscription,Completed,Wire Transfer
TXN01041,CUST0126,-299.25,2023-06-14,Downgrade,Completed,Invoice
TXN01042,CUST0126,1194.92,2023-03-03,Upgrade,Completed,Wire Transfer
TXN01043,CUST0126,2661.36,2022-12-18,Subscription,Completed,ACH
TXN01044,CUST0126,988.47,2023-07-31,Upgrade,Completed,Wire Transfer
TXN01045,CUST0126,-380.16,2023-04-26,Refund,Completed,Credit Card
TXN01046,CUST0126,2622.08,2022-12-12,Renewal,Completed,Credit Card
TXN01047,CUST0126,2696.97,2023-03-09,Renewal,Pending,Credit Card
TXN01048,CUST0127,2778.13,2025-11-23,Upgrade,Completed,ACH
TXN01049,CUST0127,-1010.0,2025-10-11,Refund,Completed,Invoice
TXN01050,CUST0127,-1627.53,2025-10-19,Refund,Completed,Wire Transfer
TXN01051,CUST0127,-2612.84,2025-07-17,Downgrade,Completed,Invoice
TXN01052,CUST0127,-1948.94,2025-02-14,Downgrade,Pending,Credit Card
TXN01053,CUST0127,11456.3,2025-04-06,One-time Add-on,Failed,Wire Transfer
TXN01054,CUST0127,10381.49,2025-02-03,One-time Add-on,Failed,ACH
TXN01055,CUST0127,-2785.47,2025-08-02,Downgrade,Completed,Credit Card
TXN01056,CUST0127,-2993.38,2025-04-05,Downgrade,Completed,Invoice
TXN01057,CUST0127,11442.92,2025-08-04,One-time Add-on,Completed,ACH
TXN01058,CUST0127,13058.08,2025-10-30,Renewal,Completed,Invoice
TXN01059,CUST0127,-4551.48,2025-09-25,Refund,Completed,ACH
TXN01060,CUST0128,140.24,2025-03-15,Upgrade,Completed,Credit Card
TXN01061,CUST0128,400.67,2024-09-17,Renewal,Completed,Wire Transfer
TXN01062,CUST0128,396.93,2025-10-25,Renewal,Completed,ACH
TXN01063,CUST0128,443.11,2025-12-28,Renewal,Completed,Wire Transfer
TXN01064,CUST0128,519.62,2024-12-27,One-time Add-on,Completed,Wire Transfer
TXN01065,CUST0128,421.04,2025-03-29,Renewal,Completed,Wire Transfer
TXN01066,CUST0128,459.08,2025-12-23,Subscription,Completed,Wire Transfer
TXN01067,CUST0128,-212.67,2023-10-31,Refund,Completed,Credit Card
TXN01068,CUST0129,13299.99,2024-10-29,Subscription,Completed,Wire Transfer
TXN01069,CUST0129,10777.15,2024-11-09,One-time Add-on,Completed,Wire Transfer
TXN01070,CUST0129,12611.5,2024-05-21,Renewal,Completed,Invoice
TXN01071,CUST0129,-1318.11,2024-03-24,Downgrade,Completed,Wire Transfer
TXN01072,CUST0129,-896.68,2024-03-20,Downgrade,Completed,ACH
TXN01073,CUST0129,12552.85,2024-04-04,Renewal,Pending,ACH
TXN01074,CUST0129,11285.2,2024-05-28,Subscription,Pending,Invoice
TXN01075,CUST0129,10109.34,2024-11-11,Renewal,Completed,ACH
TXN01076,CUST0129,-5926.93,2024-08-24,Refund,Completed,ACH
TXN01077,CUST0129,10257.24,2024-01-11,One-time Add-on,Completed,Credit Card
TXN01078,CUST0129,-5710.67,2024-01-11,Refund,Completed,Credit Card
TXN01079,CUST0129,14355.14,2024-05-21,Renewal,Completed,Credit Card
TXN01080,CUST0130,-5232.73,2025-04-28,Refund,Completed,Credit Card
TXN01081,CUST0130,12667.78,2023-06-02,Renewal,Completed,Invoice
TXN01082,CUST0130,2971.09,2023-03-14,Upgrade,Completed,Credit Card
TXN01083,CUST0130,-1744.04,2025-05-01,Refund,Completed,Credit Card
TXN01084,CUST0130,12995.74,2022-07-14,Subscription,Completed,Invoice
TXN01085,CUST0131,376.43,2025-02-09,Renewal,Completed,ACH
TXN01086,CUST0131,-102.34,2025-05-10,Refund,Pending,Invoice
TXN01087,CUST0131,-42.96,2025-03-09,Downgrade,Completed,Credit Card
TXN01088,CUST0131,60.68,2025-04-22,Upgrade,Completed,Wire Transfer
TXN01089,CUST0131,484.4,2025-03-02,Subscription,Completed,Wire Transfer
TXN01090,CUST0131,-127.6,2025-03-27,Refund,Pending,Wire Transfer
TXN01091,CUST0132,451.05,2025-07-08,Subscription,Completed,Wire Transfer
TXN01092,CUST0132,-208.34,2025-05-26,Refund,Completed,ACH
TXN01093,CUST0132,460.81,2025-12-12,Renewal,Completed,Invoice
TXN01094,CUST0132,511.97,2025-02-14,Subscription,Pending,Wire Transfer
TXN01095,CUST0132,461.37,2025-03-26,Subscription,Completed,Invoice
TXN01096,CUST0132,147.8,2025-07-10,Upgrade,Completed,Invoice
TXN01097,CUST0132,-116.11,2025-11-15,Refund,Completed,ACH
TXN01098,CUST0132,-93.01,2025-07-26,Downgrade,Completed,Invoice
TXN01099,CUST0133,353.54,2024-11-02,Renewal,Completed,Invoice
TXN01100,CUST0133,411.66,2024-10-23,One-time Add-on,Completed,ACH
TXN01101,CUST0133,331.39,2025-04-21,Subscription,Completed,Credit Card
TXN01102,CUST0133,366.78,2024-05-08,One-time Add-on,Completed,Credit Card
TXN01103,CUST0133,90.57,2023-07-03,Upgrade,Completed,ACH
TXN01104,CUST0133,-31.89,2024-02-28,Downgrade,Completed,Invoice
TXN01105,CUST0133,419.25,2024-01-06,Renewal,Completed,ACH
TXN01106,CUST0133,-145.26,2023-08-31,Refund,Completed,Credit Card
TXN01107,CUST0133,-52.97,2025-04-14,Downgrade,Completed,Credit Card
TXN01108,CUST0133,425.58,2024-09-02,One-time Add-on,Completed,Wire Transfer
TXN01109,CUST0133,332.85,2023-09-24,Subscription,Completed,Invoice
TXN01110,CUST0133,366.17,2023-10-03,Renewal,Completed,Wire Transfer
TXN01111,CUST0134,-108.72,2025-03-31,Refund,Completed,Credit Card
TXN01112,CUST0134,386.45,2025-01-26,Subscription,Pending,Credit Card
TXN01113,CUST0134,448.72,2025-07-08,Renewal,Completed,Invoice
TXN01114,CUST0134,-84.49,2025-08-16,Downgrade,Completed,Wire Transfer
TXN01115,CUST0134,434.45,2025-08-31,Renewal,Completed,Credit Card
TXN01116,CUST0134,-131.97,2025-05-27,Downgrade,Completed,ACH
TXN01117,CUST0134,368.54,2025-03-26,One-time Add-on,Completed,Credit Card
TXN01118,CUST0134,-131.54,2025-10-25,Refund,Completed,Invoice
TXN01119,CUST0134,-40.87,2025-10-30,Downgrade,Completed,Invoice
TXN01120,CUST0134,64.24,2024-12-10,Upgrade,Completed,Wire Transfer
TXN01121,CUST0134,409.09,2024-09-16,Renewal,Completed,Credit Card
TXN01122,CUST0135,1934.81,2025-11-12,Subscription,Completed,ACH
TXN01123,CUST0135,1572.5,2025-11-23,Subscription,Completed,Credit Card
TXN01124,CUST0135,-107.78,2025-11-04,Downgrade,Completed,Wire Transfer
TXN01125,CUST0135,703.08,2025-06-15,Upgrade,Pending,ACH
TXN01126,CUST0135,-406.09,2025-09-01,Downgrade,Failed,Credit Card
TXN01127,CUST0135,-481.03,2025-09-05,Downgrade,Completed,ACH
TXN01128,CUST0135,1962.57,2025-06-19,One-time Add-on,Completed,Credit Card
TXN01129,CUST0136,1757.93,2023-07-06,Renewal,Completed,Credit Card
TXN01130,CUST0136,1839.92,2023-11-27,Renewal,Completed,ACH
TXN01131,CUST0136,1961.03,2025-06-02,One-time Add-on,Completed,Wire Transfer
TXN01132,CUST0136,1532.91,2025-02-11,Renewal,Completed,Invoice
TXN01133,CUST0136,-645.5,2022-10-30,Refund,Completed,ACH
TXN01134,CUST0136,1682.25,2023-01-10,Renewal,Failed,Credit Card
TXN01135,CUST0136,1812.94,2022-09-09,Renewal,Completed,Credit Card
TXN01136,CUST0136,1608.79,2025-05-27,Subscription,Completed,Wire Transfer
TXN01137,CUST0137,2045.01,2023-02-02,Upgrade,Completed,Credit Card
TXN01138,CUST0137,-2398.89,2023-09-17,Refund,Completed,Invoice
TXN01139,CUST0137,-1314.91,2024-02-22,Downgrade,Completed,Credit Card
TXN01140,CUST0137,-370.51,2025-11-23,Downgrade,Completed,Invoice
TXN01141,CUST0137,7217.79,2024-12-31,One-time Add-on,Completed,Wire Transfer
TXN01142,CUST0137,7304.15,2025-07-31,One-time Add-on,Completed,Invoice
TXN01143,CUST0138,792.49,2024-09-23,Upgrade,Failed,Credit Card
TXN01144,CUST0138,-705.13,2024-06-14,Refund,Completed,Credit Card
TXN01145,CUST0138,1610.18,2024-07-09,Subscription,Completed,Invoice
TXN01146,CUST0138,1678.76,2024-06-18,Renewal,Completed,Credit Card
TXN01147,CUST0138,-293.69,2024-08-28,Downgrade,Completed,Invoice
TXN01148,CUST0138,1532.58,2024-06-27,Subscription,Completed,Invoice
TXN01149,CUST0138,1688.11,2024-09-18,Renewal,Completed,Wire Transfer
TXN01150,CUST0138,1899.53,2024-10-02,Renewal,Completed,Wire Transfer
TXN01151,CUST0138,1789.02,2024-09-24,Subscription,Pending,ACH
TXN01152,CUST0138,575.14,2024-07-24,Upgrade,Failed,Invoice
TXN01153,CUST0138,730.74,2024-06-15,Upgrade,Failed,ACH
TXN01154,CUST0138,2016.02,2024-06-13,Renewal,Pending,Invoice
TXN01155,CUST0139,-74.81,2025-04-01,Refund,Completed,Wire Transfer
TXN01156,CUST0139,350.97,2025-09-04,Subscription,Completed,Invoice
TXN01157,CUST0139,-175.82,2025-02-21,Refund,Completed,Credit Card
TXN01158,CUST0139,-51.73,2024-10-19,Downgrade,Completed,ACH
TXN01159,CUST0139,182.01,2025-02-05,Upgrade,Completed,ACH
TXN01160,CUST0139,177.53,2025-10-07,Upgrade,Completed,Credit Card
TXN01161,CUST0139,415.77,2025-02-05,Subscription,Completed,ACH
TXN01162,CUST0139,-188.96,2025-06-13,Refund,Pending,Wire Transfer
TXN01163,CUST0140,-3509.99,2022-06-06,Downgrade,Completed,Wire Transfer
TXN01164,CUST0140,-2545.8,2022-06-01,Refund,Completed,Credit Card
TXN01165,CUST0140,13048.05,2022-07-14,Renewal,Completed,Credit Card
TXN01166,CUST0140,13599.91,2022-05-22,Renewal,Completed,ACH
TXN01167,CUST0141,1467.6,2023-12-10,Upgrade,Completed,Credit Card
TXN01168,CUST0141,849.7,2024-10-21,Upgrade,Pending,Credit Card
TXN01169,CUST0141,-3986.33,2025-07-12,Refund,Completed,Wire Transfer
TXN01170,CUST0141,7743.48,2024-09-14,One-time Add-on,Failed,Wire Transfer
TXN01171,CUST0141,7848.73,2023-05-14,Renewal,Completed,ACH
TXN01172,CUST0141,-1160.24,2025-10-09,Downgrade,Completed,Invoice
TXN01173,CUST0141,-2494.34,2024-04-26,Refund,Pending,Credit Card
TXN01174,CUST0141,6670.27,2023-03-22,Subscription,Completed,Invoice
TXN01175,CUST0141,-1895.18,2023-04-24,Downgrade,Completed,Credit Card
TXN01176,CUST0141,8239.47,2025-03-21,One-time Add-on,Completed,Wire Transfer
TXN01177,CUST0142,13915.55,2024-12-18,Renewal,Completed,Credit Card
TXN01178,CUST0142,-3603.54,2024-12-02,Downgrade,Completed,Invoice
TXN01179,CUST0142,-4423.64,2025-07-12,Refund,Completed,Credit Card
TXN01180,CUST0142,12565.93,2025-06-03,Renewal,Completed,Wire Transfer
TXN01181,CUST0142,-2735.19,2025-03-26,Downgrade,Completed,Invoice
TXN01182,CUST0142,10153.96,2024-06-18,Subscription,Completed,Wire Transfer
TXN01183,CUST0142,14828.99,2025-04-24,Renewal,Failed,ACH
TXN01184,CUST0142,-1229.82,2025-12-06,Downgrade,Completed,Credit Card
TXN01185,CUST0142,-1030.03,2025-12-28,Downgrade,Completed,ACH
TXN01186,CUST0142,3844.99,2025-07-02,Upgrade,Completed,Credit Card
TXN01187,CUST0143,1215.09,2025-07-21,Subscription,Completed,Wire Transfer
TXN01188,CUST0143,1361.59,2025-08-15,Renewal,Completed,Credit Card
TXN01189,CUST0143,-61.05,2024-11-18,Downgrade,Completed,ACH
TXN01190,CUST0143,1250.25,2024-11-19,One-time Add-on,Pending,Credit Card
TXN01191,CUST0143,-65.02,2025-08-24,Downgrade,Completed,Invoice
TXN01192,CUST0143,-459.95,2025-09-25,Refund,Completed,ACH
TXN01193,CUST0144,2113.47,2024-12-12,One-time Add-on,Completed,Invoice
TXN01194,CUST0144,-95.54,2025-02-18,Refund,Completed,ACH
TXN01195,CUST0144,-916.7,2024-06-20,Refund,Completed,Credit Card
TXN01196,CUST0144,1579.4,2025-09-10,One-time Add-on,Completed,Wire Transfer
TXN01197,CUST0144,1545.7,2024-11-28,Subscription,Completed,ACH
TXN01198,CUST0144,1853.48,2025-07-02,Subscription,Completed,Credit Card
TXN01199,CUST0144,-117.16,2025-10-08,Refund,Completed,Invoice
TXN01200,CUST0144,-849.37,2025-04-14,Refund,Completed,ACH
TXN01201,CUST0145,13225.64,2023-07-07,Renewal,Completed,Credit Card
TXN01202,CUST0145,6184.7,2023-08-31,Upgrade,Completed,Credit Card
TXN01203,CUST0145,13633.55,2023-09-21,One-time Add-on,Pending,ACH
TXN01204,CUST0145,10059.9,2023-07-17,One-time Add-on,Completed,ACH
TXN01205,CUST0145,1813.97,2023-10-20,Upgrade,Completed,Wire Transfer
TXN01206,CUST0145,10360.27,2023-09-10,Renewal,Completed,ACH
TXN01207,CUST0145,3637.88,2023-11-16,Upgrade,Pending,Wire Transfer
TXN01208,CUST0145,-1864.73,2024-04-09,Refund,Completed,Invoice
TXN01209,CUST0146,-2302.29,2025-09-01,Downgrade,Completed,ACH
TXN01210,CUST0146,-621.33,2024-05-15,Downgrade,Completed,Wire Transfer
TXN01211,CUST0146,9694.57,2023-09-22,Renewal,Completed,Invoice
TXN01212,CUST0146,9016.21,2025-03-03,One-time Add-on,Completed,Credit Card
TXN01213,CUST0146,-819.95,2024-12-10,Downgrade,Completed,Credit Card
TXN01214,CUST0146,9483.49,2025-04-25,Renewal,Pending,Wire Transfer
TXN01215,CUST0146,2802.53,2025-02-03,Upgrade,Completed,Wire Transfer
TXN01216,CUST0146,6940.51,2025-01-10,Subscription,Completed,Invoice
TXN01217,CUST0146,1625.69,2023-11-02,Upgrade,Completed,Wire Transfer
TXN01218,CUST0146,9122.67,2024-11-17,Renewal,Completed,Wire Transfer
TXN01219,CUST0147,1606.19,2024-05-16,Renewal,Completed,ACH
TXN01220,CUST0147,1554.21,2024-09-12,Subscription,Completed,ACH
TXN01221,CUST0147,1484.15,2024-01-21,One-time Add-on,Completed,Credit Card
TXN01222,CUST0147,-372.38,2024-09-18,Refund,Completed,Wire Transfer
TXN01223,CUST0148,4424.89,2023-07-27,Renewal,Completed,Credit Card
TXN01224,CUST0148,-430.77,2023-12-31,Downgrade,Completed,Wire Transfer
TXN01225,CUST0148,-588.85,2025-10-09,Downgrade,Completed,Credit Card
TXN01226,CUST0148,6285.77,2025-09-08,Subscription,Completed,Invoice
TXN01227,CUST0148,6299.57,2022-08-31,One-time Add-on,Completed,Credit Card
TXN01228,CUST0148,-398.2,2022-11-06,Downgrade,Completed,Wire Transfer
TXN01229,CUST0148,2166.81,2023-12-31,Upgrade,Completed,Wire Transfer
TXN01230,CUST0148,4419.3,2025-03-24,One-time Add-on,Completed,Invoice
TXN01231,CUST0148,-2611.55,2025-03-23,Refund,Completed,Wire Transfer
TXN01232,CUST0149,1153.95,2024-11-22,Renewal,Completed,Credit Card
TXN01233,CUST0149,-523.93,2025-02-05,Refund,Completed,Credit Card
TXN01234,CUST0149,-640.43,2025-01-02,Refund,Completed,Credit Card
TXN01235,CUST0149,-618.01,2025-07-12,Refund,Completed,Credit Card
TXN01236,CUST0149,1660.72,2024-12-13,Subscription,Completed,Wire Transfer
TXN01237,CUST0150,-73.68,2025-06-15,Refund,Completed,Invoice
TXN01238,CUST0150,350.73,2025-05-27,Renewal,Completed,Invoice
TXN01239,CUST0150,-82.06,2025-08-01,Downgrade,Completed,ACH
TXN01240,CUST0150,-81.4,2025-07-24,Downgrade,Failed,Wire Transfer
TXN01241,CUST0150,316.32,2025-07-12,Renewal,Completed,Credit Card
TXN01242,CUST0150,428.79,2025-06-26,One-time Add-on,Completed,ACH
TXN01243,CUST0150,449.39,2025-05-21,Subscription,Completed,Credit Card
TXN01244,CUST0150,-96.26,2025-06-08,Downgrade,Completed,Credit Card
TXN01245,CUST0150,425.53,2025-06-24,Renewal,Completed,Wire Transfer
TXN01246,CUST0150,-113.12,2025-06-20,Refund,Completed,Credit Card
TXN01247,CUST0151,364.36,2022-12-24,Upgrade,Completed,ACH
TXN01248,CUST0151,-139.0,2023-10-07,Downgrade,Completed,ACH
TXN01249,CUST0151,688.78,2023-08-20,Upgrade,Completed,Credit Card
TXN01250,CUST0151,-385.59,2022-11-17,Downgrade,Completed,ACH
TXN01251,CUST0151,-138.67,2022-09-11,Downgrade,Completed,Invoice
TXN01252,CUST0151,211.15,2023-03-02,Upgrade,Completed,Wire Transfer
TXN01253,CUST0152,10976.59,2023-08-05,Renewal,Completed,Wire Transfer
TXN01254,CUST0152,-1352.62,2022-09-13,Downgrade,Completed,Invoice
TXN01255,CUST0152,10505.26,2024-10-09,Renewal,Completed,Wire Transfer
TXN01256,CUST0152,11419.37,2025-05-16,One-time Add-on,Completed,Credit Card
TXN01257,CUST0152,10164.43,2023-10-19,Subscription,Completed,Credit Card
TXN01258,CUST0152,2238.28,2025-08-18,Upgrade,Completed,Wire Transfer
TXN01259,CUST0152,12362.25,2023-09-03,One-time Add-on,Completed,Invoice
TXN01260,CUST0152,12519.84,2022-12-21,Renewal,Completed,Wire Transfer
TXN01261,CUST0152,9942.1,2025-03-07,Renewal,Completed,Wire Transfer
TXN01262,CUST0152,4505.63,2025-09-30,Upgrade,Completed,Invoice
TXN01263,CUST0153,436.56,2025-07-25,Renewal,Completed,ACH
TXN01264,CUST0153,-40.29,2025-09-11,Downgrade,Completed,Invoice
TXN01265,CUST0153,51.07,2025-10-30,Upgrade,Failed,Credit Card
TXN01266,CUST0153,-191.19,2025-06-20,Refund,Completed,Wire Transfer
TXN01267,CUST0153,377.33,2025-11-22,One-time Add-on,Completed,Invoice
TXN01268,CUST0153,531.56,2025-05-20,Subscription,Completed,Wire Transfer
TXN01269,CUST0153,472.01,2025-07-19,One-time Add-on,Completed,Credit Card
TXN01270,CUST0153,198.73,2025-05-15,Upgrade,Completed,Invoice
TXN01271,CUST0154,167.8,2025-11-05,Upgrade,Completed,Invoice
TXN01272,CUST0154,101.25,2025-06-22,Upgrade,Completed,Invoice
TXN01273,CUST0154,171.91,2025-07-17,Upgrade,Completed,Credit Card
TXN01274,CUST0154,-121.28,2025-07-26,Downgrade,Completed,ACH
TXN01275,CUST0154,-26.51,2025-09-18,Downgrade,Completed,Invoice
TXN01276,CUST0154,504.15,2025-09-19,Renewal,Completed,Invoice
TXN01277,CUST0154,544.77,2025-11-29,Subscription,Completed,Invoice
TXN01278,CUST0154,416.15,2025-10-31,Renewal,Completed,Wire Transfer
TXN01279,CUST0154,444.07,2025-09-27,One-time Add-on,Failed,Wire Transfer
TXN01280,CUST0155,389.24,2024-05-12,One-time Add-on,Completed,Credit Card
TXN01281,CUST0155,-74.01,2025-06-17,Downgrade,Completed,Wire Transfer
TXN01282,CUST0155,458.65,2025-01-20,Subscription,Completed,ACH
TXN01283,CUST0155,-71.49,2025-07-21,Refund,Failed,ACH
TXN01284,CUST0155,-47.13,2025-02-04,Downgrade,Completed,Credit Card
TXN01285,CUST0155,342.48,2025-07-08,Subscription,Completed,Credit Card
TXN01286,CUST0155,-48.83,2024-05-24,Downgrade,Completed,Credit Card
TXN01287,CUST0156,9461.79,2025-04-29,Renewal,Completed,ACH
TXN01288,CUST0156,-1398.58,2025-02-04,Refund,Failed,ACH
TXN01289,CUST0156,11748.68,2025-07-31,One-time Add-on,Completed,Credit Card
TXN01290,CUST0156,2007.84,2025-08-21,Upgrade,Completed,Invoice
TXN01291,CUST0157,379.9,2023-05-22,Subscription,Pending,Wire Transfer
TXN01292,CUST0157,319.86,2023-03-25,One-time Add-on,Completed,ACH
TXN01293,CUST0157,295.46,2023-08-02,Renewal,Completed,ACH
TXN01294,CUST0157,44.07,2023-04-27,Upgrade,Completed,Invoice
TXN01295,CUST0157,312.0,2023-06-28,Renewal,Completed,Invoice
TXN01296,CUST0157,331.78,2023-03-05,Renewal,Completed,Wire Transfer
TXN01297,CUST0157,88.99,2023-06-08,Upgrade,Completed,Invoice
TXN01298,CUST0157,382.47,2023-06-07,Subscription,Completed,Invoice
TXN01299,CUST0157,343.42,2023-03-03,Renewal,Completed,ACH
TXN01300,CUST0157,311.63,2023-07-07,One-time Add-on,Completed,Wire Transfer
TXN01301,CUST0158,1942.25,2025-09-19,Renewal,Completed,Invoice
TXN01302,CUST0158,1660.77,2025-03-29,Subscription,Completed,Credit Card
TXN01303,CUST0158,1695.29,2025-08-19,One-time Add-on,Completed,Invoice
TXN01304,CUST0158,1714.72,2025-08-18,Subscription,Completed,Credit Card
TXN01305,CUST0159,1128.77,2025-12-04,Renewal,Failed,ACH
TXN01306,CUST0159,-370.29,2025-02-07,Refund,Completed,Wire Transfer
TXN01307,CUST0159,-226.8,2024-06-30,Downgrade,Completed,Credit Card
TXN01308,CUST0159,1147.16,2024-06-24,Renewal,Completed,Credit Card
TXN01309,CUST0159,926.79,2025-03-04,Renewal,Completed,Invoice
TXN01310,CUST0159,1289.13,2025-07-29,Subscription,Completed,Invoice
TXN01311,CUST0159,1251.98,2024-12-29,Renewal,Completed,Invoice
TXN01312,CUST0160,1112.91,2025-04-12,Renewal,Completed,ACH
TXN01313,CUST0160,1157.43,2024-07-18,One-time Add-on,Completed,Invoice
TXN01314,CUST0160,227.74,2025-05-31,Upgrade,Completed,Invoice
TXN01315,CUST0160,-181.46,2025-02-05,Refund,Completed,Credit Card
TXN01316,CUST0160,-267.41,2025-05-15,Downgrade,Completed,Wire Transfer
TXN01317,CUST0161,7717.72,2025-06-03,One-time Add-on,Completed,Credit Card
TXN01318,CUST0161,9393.03,2025-11-16,Subscription,Completed,ACH
TXN01319,CUST0161,-1877.64,2025-11-28,Refund,Completed,ACH
TXN01320,CUST0161,9224.2,2025-10-03,One-time Add-on,Completed,Wire Transfer
TXN01321,CUST0161,-1439.43,2025-12-27,Downgrade,Completed,ACH
TXN01322,CUST0161,-2917.8,2025-09-30,Refund,Completed,ACH
TXN01323,CUST0161,-1257.91,2025-08-23,Refund,Completed,Invoice
TXN01324,CUST0161,-1626.76,2025-10-12,Downgrade,Completed,Wire Transfer
TXN01325,CUST0161,-1342.23,2025-06-08,Refund,Pending,Wire Transfer
TXN01326,CUST0161,6605.01,2025-10-26,Subscription,Completed,ACH
TXN01327,CUST0161,8608.64,2025-07-30,Subscription,Completed,Invoice
TXN01328,CUST0162,-2478.94,2023-08-24,Refund,Completed,ACH
TXN01329,CUST0162,-1741.34,2024-07-01,Downgrade,Completed,Wire Transfer
TXN01330,CUST0162,7066.78,2022-12-27,Subscription,Completed,Wire Transfer
TXN01331,CUST0162,-2616.55,2025-09-30,Refund,Pending,Wire Transfer
TXN01332,CUST0162,-1422.33,2022-12-13,Refund,Completed,ACH
TXN01333,CUST0162,1839.68,2023-06-11,Upgrade,Completed,ACH
TXN01334,CUST0162,-544.85,2023-06-23,Refund,Completed,ACH
TXN01335,CUST0162,5024.89,2022-10-30,One-time Add-on,Pending,Credit Card
TXN01336,CUST0162,6975.44,2023-06-27,Subscription,Pending,Wire Transfer
TXN01337,CUST0163,326.34,2025-12-26,Subscription,Completed,Invoice
TXN01338,CUST0163,358.36,2024-12-26,Renewal,Completed,Wire Transfer
TXN01339,CUST0163,404.28,2025-06-15,One-time Add-on,Completed,Credit Card
TXN01340,CUST0163,-71.93,2025-09-07,Downgrade,Completed,Credit Card
TXN01341,CUST0163,320.42,2024-10-23,One-time Add-on,Completed,ACH
TXN01342,CUST0163,354.2,2024-08-06,One-time Add-on,Completed,Wire Transfer
TXN01343,CUST0163,-78.71,2025-02-27,Downgrade,Completed,ACH
TXN01344,CUST0163,353.35,2025-04-05,Subscription,Completed,Wire Transfer
TXN01345,CUST0163,286.74,2025-07-28,One-time Add-on,Completed,Credit Card
TXN01346,CUST0163,125.93,2025-10-10,Upgrade,Completed,Invoice
TXN01347,CUST0164,733.87,2024-06-16,Upgrade,Completed,ACH
TXN01348,CUST0164,-299.21,2025-06-06,Refund,Completed,Credit Card
TXN01349,CUST0164,-109.99,2024-07-22,Downgrade,Pending,Credit Card
TXN01350,CUST0164,1902.28,2024-11-12,Subscription,Completed,Credit Card
TXN01351,CUST0164,-462.12,2025-06-10,Downgrade,Completed,Credit Card
TXN01352,CUST0164,1609.96,2024-03-09,Subscription,Completed,Wire Transfer
TXN01353,CUST0164,-202.9,2025-02-07,Downgrade,Completed,ACH
TXN01354,CUST0164,1306.71,2023-12-15,Subscription,Completed,ACH
TXN01355,CUST0165,-90.53,2025-11-14,Downgrade,Completed,Invoice
TXN01356,CUST0165,-99.12,2024-04-24,Downgrade,Completed,Invoice
TXN01357,CUST0165,351.1,2025-05-13,One-time Add-on,Completed,Wire Transfer
TXN01358,CUST0165,384.83,2025-02-25,Renewal,Pending,ACH
TXN01359,CUST0165,425.14,2024-10-25,Subscription,Completed,Credit Card
TXN01360,CUST0165,-88.81,2024-03-17,Refund,Completed,Credit Card
TXN01361,CUST0165,-39.07,2024-07-09,Downgrade,Completed,Wire Transfer
TXN01362,CUST0165,-188.28,2025-11-08,Refund,Failed,ACH
TXN01363,CUST0165,-69.67,2025-11-12,Downgrade,Completed,Credit Card
TXN01364,CUST0165,195.17,2024-05-19,Upgrade,Completed,Wire Transfer
TXN01365,CUST0165,-93.73,2024-10-13,Downgrade,Pending,Wire Transfer
TXN01366,CUST0165,415.0,2025-12-31,Renewal,Completed,Credit Card
TXN01367,CUST0166,-554.74,2024-04-26,Downgrade,Completed,Wire Transfer
TXN01368,CUST0166,2854.44,2024-03-23,Renewal,Completed,ACH
TXN01369,CUST0166,-699.88,2024-04-21,Refund,Completed,ACH
TXN01370,CUST0166,2644.96,2024-03-17,Renewal,Completed,Invoice
TXN01371,CUST0167,-574.84,2024-12-24,Downgrade,Completed,Invoice
TXN01372,CUST0167,1828.03,2025-05-16,Subscription,Completed,Invoice
TXN01373,CUST0167,2540.75,2025-08-24,Subscription,Completed,Credit Card
TXN01374,CUST0167,2111.68,2025-04-07,Renewal,Completed,Credit Card
TXN01375,CUST0167,249.66,2025-11-17,Upgrade,Completed,Credit Card
TXN01376,CUST0168,2146.06,2024-10-25,One-time Add-on,Completed,Invoice
TXN01377,CUST0168,-1127.37,2024-11-15,Refund,Completed,Credit Card
TXN01378,CUST0168,-697.39,2024-12-01,Downgrade,Pending,Wire Transfer
TXN01379,CUST0168,-377.5,2024-11-29,Downgrade,Completed,Wire Transfer
TXN01380,CUST0168,-403.82,2024-10-12,Downgrade,Failed,ACH
TXN01381,CUST0168,2208.17,2024-10-08,Subscription,Completed,Wire Transfer
TXN01382,CUST0168,2683.21,2024-10-02,Renewal,Completed,Invoice
TXN01383,CUST0168,2201.95,2024-09-26,One-time Add-on,Completed,Wire Transfer
TXN01384,CUST0168,-990.1,2024-12-31,Refund,Completed,Credit Card
TXN01385,CUST0169,-98.24,2025-10-28,Refund,Completed,ACH
TXN01386,CUST0169,-21.76,2025-08-25,Downgrade,Completed,Credit Card
TXN01387,CUST0169,-83.89,2025-07-12,Downgrade,Completed,Invoice
TXN01388,CUST0169,470.85,2025-02-08,One-time Add-on,Completed,Wire Transfer
TXN01389,CUST0169,-38.03,2025-02-11,Downgrade,Completed,Wire Transfer
TXN01390,CUST0169,-32.77,2025-05-22,Downgrade,Completed,ACH
TXN01391,CUST0169,-57.45,2025-11-22,Refund,Completed,Credit Card
TXN01392,CUST0169,-126.14,2025-04-14,Refund,Completed,Wire Transfer
TXN01393,CUST0170,1452.69,2024-04-16,Subscription,Failed,Wire Transfer
TXN01394,CUST0170,-527.55,2023-02-08,Refund,Completed,Credit Card
TXN01395,CUST0170,176.76,2024-04-30,Upgrade,Completed,Credit Card
TXN01396,CUST0170,1100.93,2025-11-17,Subscription,Completed,Wire Transfer
TXN01397,CUST0171,-358.22,2023-07-14,Refund,Completed,Credit Card
TXN01398,CUST0171,1723.59,2024-03-31,One-time Add-on,Completed,Invoice
TXN01399,CUST0171,-320.82,2025-11-05,Refund,Pending,Wire Transfer
TXN01400,CUST0171,1335.46,2025-01-27,Subscription,Completed,ACH
TXN01401,CUST0171,1252.15,2025-11-20,One-time Add-on,Completed,Wire Transfer
TXN01402,CUST0171,-614.36,2024-10-06,Refund,Completed,Wire Transfer
TXN01403,CUST0171,1470.55,2025-12-19,Renewal,Completed,ACH
TXN01404,CUST0171,-106.69,2024-05-26,Refund,Completed,ACH
TXN01405,CUST0171,1853.19,2024-11-30,One-time Add-on,Completed,Invoice
TXN01406,CUST0171,-137.62,2024-11-03,Refund,Completed,Credit Card
TXN01407,CUST0172,363.78,2025-12-07,One-time Add-on,Completed,Wire Transfer
TXN01408,CUST0172,73.48,2025-07-16,Upgrade,Completed,Wire Transfer
TXN01409,CUST0172,-47.95,2025-07-10,Downgrade,Failed,ACH
TXN01410,CUST0172,-180.51,2025-10-27,Refund,Completed,Credit Card
TXN01411,CUST0172,373.41,2025-09-10,One-time Add-on,Pending,Invoice
TXN01412,CUST0172,-91.87,2025-07-09,Downgrade,Completed,ACH
TXN01413,CUST0172,413.77,2025-12-14,Renewal,Completed,ACH
TXN01414,CUST0172,88.16,2025-07-25,Upgrade,Completed,Invoice
TXN01415,CUST0172,444.59,2025-10-15,One-time Add-on,Completed,ACH
TXN01416,CUST0172,-20.07,2025-06-14,Downgrade,Completed,Wire Transfer
TXN01417,CUST0172,-176.76,2025-12-22,Refund,Completed,ACH
TXN01418,CUST0173,8982.92,2025-04-29,Subscription,Failed,ACH
TXN01419,CUST0173,9746.2,2025-10-17,One-time Add-on,Pending,Wire Transfer
TXN01420,CUST0173,-1871.96,2023-08-16,Downgrade,Completed,Wire Transfer
TXN01421,CUST0173,3831.62,2023-07-29,Upgrade,Pending,Credit Card
TXN01422,CUST0174,-5746.22,2024-12-29,Refund,Pending,Invoice
TXN01423,CUST0174,-2933.41,2025-10-10,Downgrade,Completed,Invoice
TXN01424,CUST0174,13638.08,2025-11-15,Renewal,Completed,Credit Card
TXN01425,CUST0174,12940.12,2025-02-07,Subscription,Completed,Invoice
TXN01426,CUST0175,-221.98,2024-08-15,Downgrade,Completed,Wire Transfer
TXN01427,CUST0175,2165.9,2023-05-15,Renewal,Completed,Invoice
TXN01428,CUST0175,597.79,2024-06-04,Upgrade,Completed,ACH
TXN01429,CUST0175,-1045.75,2023-01-22,Refund,Completed,Invoice
TXN01430,CUST0175,777.93,2025-09-26,Upgrade,Completed,Credit Card
TXN01431,CUST0175,391.81,2024-10-09,Upgrade,Completed,Invoice
TXN01432,CUST0175,2720.26,2025-04-14,Renewal,Completed,Wire Transfer
TXN01433,CUST0175,2513.87,2023-06-03,Renewal,Completed,ACH
TXN01434,CUST0175,2597.24,2025-12-02,One-time Add-on,Completed,Credit Card
TXN01435,CUST0175,2638.84,2025-11-07,One-time Add-on,Completed,Credit Card
TXN01436,CUST0176,180.34,2024-08-31,Upgrade,Completed,Invoice
TXN01437,CUST0176,428.38,2025-07-22,Renewal,Completed,Credit Card
TXN01438,CUST0176,-102.98,2024-06-06,Downgrade,Completed,Credit Card
TXN01439,CUST0176,148.54,2024-06-24,Upgrade,Completed,Wire Transfer
TXN01440,CUST0176,-160.39,2024-04-25,Refund,Completed,Wire Transfer
TXN01441,CUST0176,353.37,2024-07-14,One-time Add-on,Completed,Credit Card
TXN01442,CUST0176,368.21,2024-12-23,Subscription,Pending,Wire Transfer
TXN01443,CUST0176,402.67,2024-08-17,One-time Add-on,Completed,Credit Card
TXN01444,CUST0176,-51.11,2025-11-15,Refund,Completed,Invoice
TXN01445,CUST0177,2170.36,2025-10-07,Renewal,Completed,ACH
TXN01446,CUST0177,-288.99,2025-12-08,Downgrade,Completed,Credit Card
TXN01447,CUST0177,-910.08,2025-04-29,Refund,Completed,Credit Card
TXN01448,CUST0177,2501.8,2025-04-03,One-time Add-on,Completed,Credit Card
TXN01449,CUST0177,-351.91,2025-01-19,Refund,Completed,ACH
TXN01450,CUST0177,703.47,2025-09-01,Upgrade,Completed,ACH
TXN01451,CUST0177,2754.56,2024-09-20,Renewal,Completed,Invoice
TXN01452,CUST0178,2777.54,2025-07-22,Upgrade,Completed,ACH
TXN01453,CUST0178,2344.08,2025-06-21,Upgrade,Completed,ACH
TXN01454,CUST0178,-691.0,2025-07-26,Downgrade,Completed,Wire Transfer
TXN01455,CUST0178,8218.29,2025-07-26,Subscription,Completed,ACH
TXN01456,CUST0178,-2275.75,2025-08-02,Downgrade,Completed,Invoice
TXN01457,CUST0178,7102.89,2025-07-27,Renewal,Completed,ACH
TXN01458,CUST0178,-570.63,2025-08-03,Downgrade,Completed,Wire Transfer
TXN01459,CUST0178,2314.8,2025-07-27,Upgrade,Completed,Invoice
TXN01460,CUST0178,4069.16,2025-07-09,Upgrade,Completed,ACH
TXN01461,CUST0178,-3590.89,2025-07-05,Refund,Completed,Invoice
TXN01462,CUST0179,414.65,2025-10-24,Renewal,Completed,Credit Card
TXN01463,CUST0179,380.91,2025-11-04,One-time Add-on,Completed,Credit Card
TXN01464,CUST0179,458.21,2025-12-01,Subscription,Completed,Wire Transfer
TXN01465,CUST0179,337.38,2025-08-29,One-time Add-on,Completed,ACH
TXN01466,CUST0179,359.45,2025-08-31,One-time Add-on,Completed,Invoice
TXN01467,CUST0179,374.45,2025-11-30,Renewal,Completed,Wire Transfer
TXN01468,CUST0179,-42.47,2025-08-23,Downgrade,Completed,Credit Card
TXN01469,CUST0180,12508.46,2025-09-30,Subscription,Completed,Invoice
TXN01470,CUST0180,-687.5,2025-09-03,Downgrade,Completed,Credit Card
TXN01471,CUST0180,-4394.89,2024-11-19,Refund,Completed,Wire Transfer
TXN01472,CUST0180,12771.21,2025-08-12,Subscription,Completed,Invoice
TXN01473,CUST0181,-4004.44,2025-08-25,Refund,Completed,Credit Card
TXN01474,CUST0181,9932.46,2023-07-25,One-time Add-on,Completed,Invoice
TXN01475,CUST0181,10007.4,2023-05-31,Subscription,Completed,ACH
TXN01476,CUST0181,-2703.35,2023-08-16,Refund,Completed,Wire Transfer
TXN01477,CUST0181,2463.5,2025-07-22,Upgrade,Completed,Wire Transfer
TXN01478,CUST0181,-918.28,2024-02-15,Downgrade,Completed,Invoice
TXN01479,CUST0182,-31.64,2024-02-11,Downgrade,Failed,Wire Transfer
TXN01480,CUST0182,199.98,2025-03-10,Upgrade,Completed,ACH
TXN01481,CUST0182,517.06,2024-08-16,Subscription,Completed,Wire Transfer
TXN01482,CUST0182,-67.97,2025-07-18,Refund,Completed,Credit Card
TXN01483,CUST0182,422.73,2024-09-15,Renewal,Completed,Credit Card
TXN01484,CUST0182,68.02,2024-03-22,Upgrade,Completed,Credit Card
TXN01485,CUST0182,374.73,2023-01-06,One-time Add-on,Completed,Invoice
TXN01486,CUST0182,359.99,2025-10-22,Renewal,Completed,Invoice
TXN01487,CUST0182,-189.33,2025-05-31,Refund,Completed,Credit Card
TXN01488,CUST0182,114.33,2025-03-31,Upgrade,Completed,ACH
TXN01489,CUST0183,-3213.01,2025-04-18,Refund,Completed,Credit Card
TXN01490,CUST0183,-1220.64,2025-03-22,Refund,Completed,Invoice
TXN01491,CUST0183,-1448.03,2025-08-11,Downgrade,Completed,Wire Transfer
TXN01492,CUST0183,-2752.44,2025-06-29,Refund,Completed,Credit Card
TXN01493,CUST0184,-244.88,2024-10-06,Refund,Completed,Credit Card
TXN01494,CUST0184,5638.04,2023-04-15,One-time Add-on,Completed,Invoice
TXN01495,CUST0184,5919.83,2023-01-06,Subscription,Completed,Invoice
TXN01496,CUST0184,-2248.19,2023-03-01,Refund,Completed,Credit Card
TXN01497,CUST0184,4996.57,2024-01-16,Subscription,Completed,Wire Transfer
TXN01498,CUST0185,427.03,2024-10-20,One-time Add-on,Completed,ACH
TXN01499,CUST0185,114.27,2024-04-17,Upgrade,Completed,Wire Transfer
TXN01500,CUST0185,332.7,2025-05-09,One-time Add-on,Completed,Wire Transfer
TXN01501,CUST0185,-184.22,2025-12-28,Refund,Pending,ACH
TXN01502,CUST0185,-161.75,2025-05-14,Refund,Completed,Invoice
TXN01503,CUST0185,365.1,2024-05-26,Renewal,Failed,Credit Card
TXN01504,CUST0185,-75.29,2024-10-09,Refund,Completed,Invoice
TXN01505,CUST0185,304.6,2024-10-28,Subscription,Completed,ACH
TXN01506,CUST0185,130.99,2024-02-01,Upgrade,Pending,Wire Transfer
TXN01507,CUST0185,432.69,2025-08-29,Subscription,Completed,Invoice
TXN01508,CUST0185,-91.19,2025-07-15,Refund,Completed,Invoice
TXN01509,CUST0185,375.52,2024-08-11,One-time Add-on,Completed,Credit Card
TXN01510,CUST0186,-1252.17,2024-08-21,Refund,Completed,Credit Card
TXN01511,CUST0186,11600.0,2024-08-27,One-time Add-on,Completed,Wire Transfer
TXN01512,CUST0186,-4889.63,2024-10-04,Refund,Completed,Invoice
TXN01513,CUST0186,8978.79,2024-09-17,Renewal,Completed,ACH
TXN01514,CUST0186,9623.6,2024-08-18,One-time Add-on,Completed,Credit Card
TXN01515,CUST0186,12983.74,2024-10-16,Subscription,Completed,Invoice
TXN01516,CUST0187,-233.51,2025-12-23,Downgrade,Completed,Credit Card
TXN01517,CUST0187,1696.41,2025-05-20,One-time Add-on,Completed,Invoice
TXN01518,CUST0187,771.67,2025-07-17,Upgrade,Completed,Credit Card
TXN01519,CUST0187,2094.85,2025-11-22,Renewal,Pending,Wire Transfer
TXN01520,CUST0187,-336.91,2025-03-31,Downgrade,Completed,Wire Transfer
TXN01521,CUST0187,2055.44,2025-03-19,One-time Add-on,Completed,ACH
TXN01522,CUST0187,783.52,2025-01-29,Upgrade,Completed,Wire Transfer
TXN01523,CUST0187,1855.0,2025-08-22,Renewal,Completed,ACH
TXN01524,CUST0187,304.09,2025-07-31,Upgrade,Completed,Credit Card
TXN01525,CUST0187,-248.53,2025-04-27,Downgrade,Completed,Wire Transfer
TXN01526,CUST0188,552.92,2024-04-29,Upgrade,Completed,Credit Card
TXN01527,CUST0188,134.47,2025-10-06,Upgrade,Completed,Invoice
TXN01528,CUST0188,1420.83,2025-03-06,Subscription,Completed,Wire Transfer
TXN01529,CUST0188,1409.16,2025-10-25,Subscription,Completed,Invoice
TXN01530,CUST0188,-296.72,2025-10-07,Refund,Completed,Credit Card
TXN01531,CUST0188,132.25,2024-03-03,Upgrade,Pending,ACH
TXN01532,CUST0188,987.85,2024-07-23,Renewal,Completed,Credit Card
TXN01533,CUST0188,-248.25,2024-03-21,Downgrade,Completed,Credit Card
TXN01534,CUST0188,584.98,2025-08-03,Upgrade,Completed,Credit Card
TXN01535,CUST0189,-176.49,2025-12-17,Refund,Completed,ACH
TXN01536,CUST0189,-190.81,2025-08-11,Refund,Completed,Invoice
TXN01537,CUST0189,-149.86,2025-05-16,Refund,Completed,ACH
TXN01538,CUST0189,53.2,2025-10-23,Upgrade,Completed,Wire Transfer
TXN01539,CUST0189,428.3,2025-08-22,Renewal,Completed,Credit Card
TXN01540,CUST0189,129.12,2025-03-23,Upgrade,Completed,Invoice
TXN01541,CUST0189,-62.84,2025-08-01,Refund,Pending,Credit Card
TXN01542,CUST0189,347.66,2024-12-13,Subscription,Completed,Wire Transfer
TXN01543,CUST0189,-194.01,2025-08-13,Refund,Completed,Credit Card
TXN01544,CUST0190,115.95,2024-09-10,Upgrade,Completed,ACH
TXN01545,CUST0190,-148.95,2024-03-25,Refund,Pending,ACH
TXN01546,CUST0190,49.52,2023-12-26,Upgrade,Completed,ACH
TXN01547,CUST0190,418.71,2024-03-10,Renewal,Completed,ACH
TXN01548,CUST0190,355.38,2024-03-07,Renewal,Completed,Invoice
TXN01549,CUST0190,406.44,2024-03-03,Subscription,Completed,Wire Transfer
TXN01550,CUST0190,399.87,2024-09-12,One-time Add-on,Completed,ACH
TXN01551,CUST0191,8535.56,2025-07-27,Renewal,Completed,Invoice
TXN01552,CUST0191,-3418.48,2025-06-18,Refund,Completed,ACH
TXN01553,CUST0191,-4073.08,2025-06-13,Refund,Completed,Wire Transfer
TXN01554,CUST0191,9327.45,2024-09-28,One-time Add-on,Completed,Invoice
TXN01555,CUST0192,436.19,2024-05-13,Subscription,Completed,Invoice
TXN01556,CUST0192,-85.22,2024-09-01,Downgrade,Completed,Invoice
TXN01557,CUST0192,402.46,2025-12-04,Subscription,Completed,Wire Transfer
TXN01558,CUST0192,419.62,2024-04-19,Renewal,Completed,Credit Card
TXN01559,CUST0192,96.4,2024-10-19,Upgrade,Completed,ACH
TXN01560,CUST0192,-109.31,2024-05-03,Downgrade,Completed,Invoice
TXN01561,CUST0192,-112.0,2025-05-24,Downgrade,Completed,Wire Transfer
TXN01562,CUST0192,126.95,2025-12-17,Upgrade,Completed,Credit Card
TXN01563,CUST0193,10893.95,2022-11-27,Subscription,Completed,Invoice
TXN01564,CUST0193,11304.42,2022-03-27,Renewal,Pending,ACH
TXN01565,CUST0193,11984.8,2022-05-23,Renewal,Completed,Credit Card
TXN01566,CUST0193,4692.68,2022-04-28,Upgrade,Completed,Wire Transfer
TXN01567,CUST0193,-1027.48,2022-11-02,Downgrade,Completed,ACH
TXN01568,CUST0193,10355.31,2022-06-23,Renewal,Completed,ACH
TXN01569,CUST0193,-816.06,2022-06-25,Downgrade,Completed,Wire Transfer
TXN01570,CUST0194,8064.29,2025-06-01,Renewal,Completed,Invoice
TXN01571,CUST0194,-1866.79,2024-09-03,Downgrade,Completed,ACH
TXN01572,CUST0194,-706.15,2024-05-07,Downgrade,Completed,ACH
TXN01573,CUST0194,3948.45,2025-03-14,Upgrade,Completed,Invoice
TXN01574,CUST0195,1498.29,2025-01-21,Subscription,Completed,Credit Card
TXN01575,CUST0195,1390.58,2024-03-08,One-time Add-on,Completed,Wire Transfer
TXN01576,CUST0195,1802.41,2024-07-07,One-time Add-on,Completed,Invoice
TXN01577,CUST0195,-222.1,2023-10-12,Refund,Completed,Credit Card
TXN01578,CUST0195,437.57,2024-02-26,Upgrade,Completed,ACH
TXN01579,CUST0195,1458.77,2024-10-02,Renewal,Completed,Invoice
TXN01580,CUST0195,771.54,2023-08-29,Upgrade,Completed,ACH
TXN01581,CUST0195,-436.99,2024-09-04,Refund,Completed,Credit Card
TXN01582,CUST0195,-598.06,2024-07-13,Refund,Completed,Invoice
TXN01583,CUST0195,1379.55,2025-10-24,Subscription,Completed,Invoice
TXN01584,CUST0196,-75.0,2023-06-29,Downgrade,Completed,Invoice
TXN01585,CUST0196,323.67,2025-08-15,Subscription,Completed,Credit Card
TXN01586,CUST0196,-61.67,2025-02-25,Downgrade,Completed,Wire Transfer
TXN01587,CUST0196,417.66,2025-10-29,One-time Add-on,Completed,ACH
TXN01588,CUST0196,387.85,2024-08-25,One-time Add-on,Completed,Credit Card
TXN01589,CUST0196,328.47,2023-11-18,Subscription,Pending,Wire Transfer
TXN01590,CUST0196,395.33,2024-01-06,One-time Add-on,Completed,Invoice
TXN01591,CUST0196,346.41,2024-09-05,Subscription,Completed,Invoice
TXN01592,CUST0196,42.17,2024-10-01,Upgrade,Completed,Wire Transfer
TXN01593,CUST0196,-47.21,2024-03-02,Downgrade,Completed,Credit Card
TXN01594,CUST0196,60.26,2024-12-24,Upgrade,Completed,Credit Card
TXN01595,CUST0197,114.66,2024-03-26,Upgrade,Completed,Wire Transfer
TXN01596,CUST0197,354.42,2022-08-14,One-time Add-on,Completed,Credit Card
TXN01597,CUST0197,275.14,2025-05-31,Subscription,Completed,Invoice
TXN01598,CUST0197,77.05,2024-10-30,Upgrade,Completed,ACH
TXN01599,CUST0197,318.15,2025-05-08,One-time Add-on,Completed,Wire Transfer
TXN01600,CUST0197,337.68,2022-08-18,Renewal,Completed,Credit Card
TXN01601,CUST0197,385.68,2024-07-22,One-time Add-on,Completed,Wire Transfer
TXN01602,CUST0197,-17.99,2024-10-13,Downgrade,Pending,Wire Transfer
TXN01603,CUST0197,-94.24,2022-11-10,Downgrade,Completed,Wire Transfer
TXN01604,CUST0197,325.35,2024-02-11,One-time Add-on,Completed,ACH
TXN01605,CUST0197,106.55,2022-09-09,Upgrade,Completed,Invoice
TXN01606,CUST0198,-2860.43,2025-10-10,Refund,Completed,Credit Card
TXN01607,CUST0198,-2031.36,2025-05-18,Downgrade,Completed,Wire Transfer
TXN01608,CUST0198,-745.25,2023-09-12,Downgrade,Completed,ACH
TXN01609,CUST0198,2086.57,2024-06-14,Upgrade,Completed,Wire Transfer
TXN01610,CUST0198,6515.98,2023-12-15,Renewal,Completed,ACH
TXN01611,CUST0198,6700.51,2023-11-11,One-time Add-on,Completed,Invoice
TXN01612,CUST0198,-1528.03,2025-05-01,Downgrade,Completed,Invoice
TXN01613,CUST0198,5894.33,2025-01-06,One-time Add-on,Completed,Wire Transfer
TXN01614,CUST0199,-130.75,2023-08-18,Downgrade,Completed,ACH
TXN01615,CUST0199,129.55,2024-12-18,Upgrade,Completed,Credit Card
TXN01616,CUST0199,592.25,2025-07-04,One-time Add-on,Completed,Wire Transfer
TXN01617,CUST0199,198.58,2024-06-25,Upgrade,Completed,Invoice
TXN01618,CUST0199,520.8,2022-12-11,Renewal,Completed,Wire Transfer
TXN01619,CUST0199,-76.31,2025-12-11,Downgrade,Completed,Wire Transfer
TXN01620,CUST0199,-147.18,2025-11-24,Refund,Completed,ACH
TXN01621,CUST0199,585.08,2024-11-25,One-time Add-on,Completed,Invoice
TXN01622,CUST0199,593.67,2024-01-02,Renewal,Completed,ACH
TXN01623,CUST0199,-243.84,2023-09-02,Refund,Completed,Wire Transfer
TXN01624,CUST0199,-136.47,2023-12-31,Downgrade,Completed,Wire Transfer
TXN01625,CUST0200,-204.31,2023-06-01,Refund,Completed,Wire Transfer
TXN01626,CUST0200,426.87,2023-03-10,One-time Add-on,Completed,Invoice
TXN01627,CUST0200,-51.23,2023-03-06,Downgrade,Pending,ACH
TXN01628,CUST0200,-51.45,2022-09-24,Downgrade,Completed,Wire Transfer
TXN01629,CUST0200,-90.2,2023-07-21,Downgrade,Completed,Credit Card
TXN01630,CUST0201,-496.11,2023-03-25,Refund,Completed,ACH
TXN01631,CUST0201,2340.24,2023-04-22,Subscription,Completed,Credit Card
TXN01632,CUST0201,2441.46,2023-04-03,One-time Add-on,Pending,Wire Transfer
TXN01633,CUST0201,1935.96,2023-04-09,Renewal,Completed,Credit Card
TXN01634,CUST0201,2451.12,2022-12-07,Subscription,Pending,Invoice
TXN01635,CUST0201,2558.78,2023-03-10,One-time Add-on,Completed,ACH
TXN01636,CUST0201,869.53,2023-01-21,Upgrade,Completed,Invoice
TXN01637,CUST0201,341.94,2022-09-11,Upgrade,Completed,Credit Card
TXN01638,CUST0201,2199.32,2022-09-14,One-time Add-on,Completed,Invoice
TXN01639,CUST0201,2656.51,2022-10-02,Renewal,Completed,Credit Card
TXN01640,CUST0202,9964.43,2023-11-30,Renewal,Failed,Credit Card
TXN01641,CUST0202,-3440.23,2023-03-15,Refund,Completed,Invoice
TXN01642,CUST0202,11262.81,2025-03-07,Subscription,Pending,Credit Card
TXN01643,CUST0202,-1721.99,2023-02-25,Downgrade,Completed,Wire Transfer
TXN01644,CUST0202,-3900.48,2025-04-02,Refund,Completed,Invoice
TXN01645,CUST0202,8513.24,2025-06-03,Subscription,Completed,Credit Card
TXN01646,CUST0202,2682.69,2023-12-20,Upgrade,Completed,ACH
TXN01647,CUST0202,9164.33,2025-09-22,Renewal,Completed,Credit Card
TXN01648,CUST0202,-2512.15,2025-08-03,Refund,Completed,Wire Transfer
TXN01649,CUST0203,-117.28,2024-02-13,Refund,Completed,Wire Transfer
TXN01650,CUST0203,135.99,2024-07-01,Upgrade,Completed,ACH
TXN01651,CUST0203,44.44,2024-06-08,Upgrade,Pending,Wire Transfer
TXN01652,CUST0203,192.42,2024-02-11,Upgrade,Completed,Wire Transfer
TXN01653,CUST0203,-116.56,2024-05-15,Refund,Completed,ACH
TXN01654,CUST0203,369.18,2023-11-29,One-time Add-on,Completed,ACH
TXN01655,CUST0203,416.02,2023-09-29,Renewal,Completed,Credit Card
TXN01656,CUST0203,156.4,2024-01-25,Upgrade,Completed,Invoice
TXN01657,CUST0203,467.04,2024-05-16,One-time Add-on,Failed,ACH
TXN01658,CUST0204,404.6,2025-07-12,One-time Add-on,Completed,Invoice
TXN01659,CUST0204,489.19,2025-12-30,Renewal,Completed,Invoice
TXN01660,CUST0204,454.76,2025-08-15,Subscription,Completed,ACH
TXN01661,CUST0204,379.03,2025-07-10,Renewal,Completed,Credit Card
TXN01662,CUST0204,401.56,2025-12-31,Renewal,Completed,Credit Card
TXN01663,CUST0204,467.14,2025-10-28,Renewal,Completed,Credit Card
TXN01664,CUST0204,-66.11,2025-08-25,Refund,Completed,Credit Card
TXN01665,CUST0204,504.68,2025-06-20,One-time Add-on,Completed,Credit Card
TXN01666,CUST0204,-81.66,2025-03-02,Downgrade,Completed,Wire Transfer
TXN01667,CUST0204,-202.63,2025-05-06,Refund,Completed,ACH
TXN01668,CUST0204,347.66,2025-09-23,Renewal,Completed,Wire Transfer
TXN01669,CUST0204,-80.97,2025-03-20,Refund,Completed,Credit Card
TXN01670,CUST0205,1259.24,2025-09-07,Upgrade,Completed,Invoice
TXN01671,CUST0205,10276.51,2025-08-23,Subscription,Completed,Wire Transfer
TXN01672,CUST0205,-416.26,2025-11-15,Refund,Completed,Invoice
TXN01673,CUST0205,-1006.1,2025-05-18,Downgrade,Completed,ACH
TXN01674,CUST0205,-1265.76,2025-09-27,Downgrade,Completed,Invoice
TXN01675,CUST0205,11017.99,2025-12-03,Subscription,Completed,ACH
TXN01676,CUST0206,186.47,2022-02-28,Upgrade,Completed,Invoice
TXN01677,CUST0206,432.24,2023-12-06,Renewal,Completed,Wire Transfer
TXN01678,CUST0206,95.45,2023-12-20,Upgrade,Completed,Wire Transfer
TXN01679,CUST0206,-152.16,2022-12-06,Refund,Completed,Invoice
TXN01680,CUST0206,461.74,2022-06-22,Renewal,Completed,Invoice
TXN01681,CUST0206,404.43,2023-07-20,Renewal,Completed,Wire Transfer
TXN01682,CUST0206,-62.93,2022-06-04,Downgrade,Completed,ACH
TXN01683,CUST0206,512.84,2022-09-14,Subscription,Completed,Wire Transfer
TXN01684,CUST0206,458.83,2023-01-21,One-time Add-on,Completed,ACH
TXN01685,CUST0206,-78.14,2023-10-05,Refund,Completed,Invoice
TXN01686,CUST0206,484.49,2022-08-22,Renewal,Completed,Invoice
TXN01687,CUST0207,9774.22,2023-09-06,Renewal,Completed,Wire Transfer
TXN01688,CUST0207,7685.93,2024-04-01,Renewal,Completed,Wire Transfer
TXN01689,CUST0207,2250.55,2024-09-10,Upgrade,Completed,Invoice
TXN01690,CUST0207,-531.79,2022-03-15,Downgrade,Completed,ACH
TXN01691,CUST0207,898.09,2024-09-24,Upgrade,Completed,ACH
TXN01692,CUST0207,-1103.37,2025-11-18,Refund,Completed,Credit Card
TXN01693,CUST0207,-2064.01,2023-12-23,Downgrade,Completed,ACH
TXN01694,CUST0207,8341.5,2023-05-18,One-time Add-on,Completed,Credit Card
TXN01695,CUST0207,7199.97,2022-08-03,Renewal,Completed,Invoice
TXN01696,CUST0207,-1655.44,2022-06-06,Refund,Pending,Invoice
TXN01697,CUST0208,1737.17,2022-09-23,One-time Add-on,Completed,Credit Card
TXN01698,CUST0208,353.36,2023-03-26,Upgrade,Completed,Wire Transfer
TXN01699,CUST0208,-140.34,2022-06-28,Downgrade,Completed,Wire Transfer
TXN01700,CUST0208,-376.74,2023-06-03,Refund,Completed,ACH
TXN01701,CUST0208,553.56,2023-02-28,Upgrade,Completed,Invoice
TXN01702,CUST0208,552.65,2022-09-05,Upgrade,Completed,Wire Transfer
TXN01703,CUST0208,1892.47,2023-02-12,One-time Add-on,Completed,ACH
TXN01704,CUST0209,-2201.41,2025-12-28,Refund,Completed,Wire Transfer
TXN01705,CUST0209,-1456.04,2025-12-15,Downgrade,Completed,Wire Transfer
TXN01706,CUST0209,6051.95,2025-02-06,Renewal,Completed,Wire Transfer
TXN01707,CUST0209,6757.41,2024-07-03,One-time Add-on,Completed,Credit Card
TXN01708,CUST0209,-964.26,2025-08-03,Downgrade,Completed,Credit Card
TXN01709,CUST0210,1292.7,2023-01-09,One-time Add-on,Completed,Credit Card
TXN01710,CUST0210,566.5,2025-07-06,Upgrade,Completed,Wire Transfer
TXN01711,CUST0210,-97.66,2023-01-23,Refund,Completed,Credit Card
TXN01712,CUST0210,1524.24,2025-09-01,Renewal,Completed,Credit Card
TXN01713,CUST0210,-275.74,2025-11-26,Downgrade,Failed,Credit Card
TXN01714,CUST0210,389.81,2025-02-06,Upgrade,Pending,ACH
TXN01715,CUST0210,1188.24,2024-07-15,Subscription,Completed,Invoice
TXN01716,CUST0210,-516.45,2025-08-23,Refund,Pending,Credit Card
TXN01717,CUST0210,1249.31,2024-12-08,One-time Add-on,Completed,Invoice
TXN01718,CUST0210,1211.96,2022-10-16,Subscription,Completed,Wire Transfer
TXN01719,CUST0210,1456.67,2023-12-08,One-time Add-on,Completed,Invoice
TXN01720,CUST0210,1593.28,2023-10-23,One-time Add-on,Pending,ACH
TXN01721,CUST0211,2132.97,2025-12-28,Renewal,Completed,Credit Card
TXN01722,CUST0211,2846.83,2025-10-28,One-time Add-on,Completed,ACH
TXN01723,CUST0211,1164.7,2025-10-30,Upgrade,Completed,Wire Transfer
TXN01724,CUST0211,-291.91,2025-08-11,Refund,Completed,Invoice
TXN01725,CUST0211,2838.91,2025-08-22,Renewal,Completed,Wire Transfer
TXN01726,CUST0211,2782.19,2025-06-20,Renewal,Pending,Credit Card
TXN01727,CUST0211,2362.89,2025-09-18,Subscription,Completed,ACH
TXN01728,CUST0212,-397.97,2024-09-08,Downgrade,Completed,Invoice
TXN01729,CUST0212,2086.95,2025-06-12,Subscription,Completed,Credit Card
TXN01730,CUST0212,2114.38,2024-11-05,Renewal,Completed,Wire Transfer
TXN01731,CUST0212,663.25,2025-09-01,Upgrade,Completed,Credit Card
TXN01732,CUST0212,2353.2,2025-09-27,One-time Add-on,Completed,Credit Card
TXN01733,CUST0212,-134.71,2025-12-10,Downgrade,Completed,Invoice
TXN01734,CUST0212,2348.04,2025-03-06,Subscription,Pending,Credit Card
TXN01735,CUST0212,-409.77,2025-03-24,Refund,Failed,Credit Card
TXN01736,CUST0212,-1019.35,2025-07-13,Refund,Completed,Credit Card
TXN01737,CUST0212,976.87,2025-12-14,Upgrade,Pending,Credit Card
TXN01738,CUST0213,1802.56,2023-09-13,Renewal,Completed,ACH
TXN01739,CUST0213,-439.28,2023-07-19,Refund,Completed,ACH
TXN01740,CUST0213,-292.85,2024-05-21,Refund,Completed,ACH
TXN01741,CUST0213,1528.48,2023-12-09,Renewal,Completed,ACH
TXN01742,CUST0213,-200.48,2024-05-22,Refund,Completed,Credit Card
TXN01743,CUST0213,1755.45,2023-07-31,Subscription,Completed,Wire Transfer
TXN01744,CUST0214,976.2,2025-03-24,Upgrade,Completed,Credit Card
TXN01745,CUST0214,9587.3,2025-03-05,Subscription,Completed,Invoice
TXN01746,CUST0214,8332.65,2025-01-09,One-time Add-on,Completed,ACH
TXN01747,CUST0214,7063.32,2025-01-24,Subscription,Pending,Credit Card
TXN01748,CUST0214,7405.0,2025-02-26,Subscription,Completed,Invoice
TXN01749,CUST0214,-732.66,2025-03-13,Downgrade,Completed,Credit Card
TXN01750,CUST0214,-1466.79,2025-02-12,Downgrade,Pending,ACH
TXN01751,CUST0214,-2389.14,2025-02-14,Refund,Pending,Credit Card
TXN01752,CUST0215,-899.7,2024-03-23,Refund,Completed,ACH
TXN01753,CUST0215,1827.2,2024-02-17,One-time Add-on,Pending,ACH
TXN01754,CUST0215,-146.91,2024-01-30,Refund,Completed,Credit Card
TXN01755,CUST0215,1930.89,2024-02-20,Renewal,Completed,Wire Transfer
TXN01756,CUST0215,-1045.77,2024-03-02,Refund,Completed,Wire Transfer
TXN01757,CUST0215,576.54,2024-02-05,Upgrade,Completed,Credit Card
TXN01758,CUST0215,-99.09,2024-03-09,Refund,Completed,ACH
TXN01759,CUST0215,2260.29,2024-01-21,Renewal,Completed,ACH
TXN01760,CUST0215,-280.18,2024-02-09,Downgrade,Completed,Invoice
TXN01761,CUST0215,2255.21,2024-03-04,Renewal,Completed,Invoice
TXN01762,CUST0215,2104.63,2024-03-17,Renewal,Completed,Invoice
TXN01763,CUST0216,-3316.88,2025-06-23,Refund,Pending,Wire Transfer
TXN01764,CUST0216,2033.42,2025-05-06,Upgrade,Completed,Invoice
TXN01765,CUST0216,-3689.7,2025-03-21,Refund,Completed,Wire Transfer
TXN01766,CUST0216,2327.71,2025-03-04,Upgrade,Completed,ACH
TXN01767,CUST0216,10236.49,2025-03-20,Renewal,Completed,Credit Card
TXN01768,CUST0217,56.86,2025-11-24,Upgrade,Completed,Invoice
TXN01769,CUST0217,450.97,2025-02-14,One-time Add-on,Completed,ACH
TXN01770,CUST0217,331.67,2025-01-06,One-time Add-on,Completed,ACH
TXN01771,CUST0217,413.05,2023-12-13,Renewal,Completed,ACH
TXN01772,CUST0217,381.56,2025-06-24,One-time Add-on,Completed,Wire Transfer
TXN01773,CUST0217,407.05,2025-05-31,Renewal,Failed,ACH
TXN01774,CUST0217,317.36,2024-12-13,Renewal,Completed,ACH
TXN01775,CUST0217,383.95,2025-11-28,Renewal,Pending,Invoice
TXN01776,CUST0217,45.17,2024-06-20,Upgrade,Failed,Invoice
TXN01777,CUST0217,-103.98,2024-09-24,Downgrade,Failed,Invoice
TXN01778,CUST0217,58.35,2025-03-19,Upgrade,Pending,Credit Card
TXN01779,CUST0217,144.82,2024-02-10,Upgrade,Completed,ACH
TXN01780,CUST0218,-26.1,2024-01-13,Downgrade,Completed,ACH
TXN01781,CUST0218,-75.65,2024-07-19,Downgrade,Completed,Invoice
TXN01782,CUST0218,275.93,2025-07-11,Renewal,Completed,ACH
TXN01783,CUST0218,354.96,2024-08-22,Renewal,Completed,ACH
TXN01784,CUST0218,-26.26,2024-06-11,Downgrade,Completed,Wire Transfer
TXN01785,CUST0219,6167.71,2025-11-19,Subscription,Completed,Invoice
TXN01786,CUST0219,-1368.6,2025-08-07,Refund,Completed,Invoice
TXN01787,CUST0219,7047.63,2025-07-18,Subscription,Completed,Wire Transfer
TXN01788,CUST0219,5827.3,2025-08-17,Subscription,Pending,Credit Card
TXN01789,CUST0220,7735.12,2025-10-02,One-time Add-on,Completed,Invoice
TXN01790,CUST0220,8999.24,2025-07-25,Renewal,Completed,Wire Transfer
TXN01791,CUST0220,-2230.33,2025-06-29,Refund,Completed,Invoice
TXN01792,CUST0220,9410.24,2025-09-29,Subscription,Completed,Wire Transfer
TXN01793,CUST0220,3175.67,2025-07-17,Upgrade,Completed,Wire Transfer
TXN01794,CUST0220,7180.32,2025-08-27,Subscription,Completed,Invoice
TXN01795,CUST0220,8899.85,2025-06-30,One-time Add-on,Completed,Wire Transfer
TXN01796,CUST0220,-2200.93,2025-04-20,Refund,Completed,Invoice
TXN01797,CUST0220,-1736.78,2025-11-18,Refund,Completed,Credit Card
TXN01798,CUST0220,7553.26,2025-12-17,Subscription,Completed,Wire Transfer
TXN01799,CUST0220,-3177.25,2025-12-20,Refund,Completed,Invoice
TXN01800,CUST0221,-749.29,2024-02-05,Refund,Completed,Credit Card
TXN01801,CUST0221,-710.48,2024-05-20,Refund,Completed,Credit Card
TXN01802,CUST0221,1635.16,2023-05-12,One-time Add-on,Completed,Wire Transfer
TXN01803,CUST0221,877.79,2022-09-14,Upgrade,Completed,Invoice
TXN01804,CUST0222,-102.27,2025-09-22,Refund,Failed,ACH
TXN01805,CUST0222,-99.32,2025-09-01,Downgrade,Completed,Wire Transfer
TXN01806,CUST0222,413.3,2025-08-03,Renewal,Completed,Wire Transfer
TXN01807,CUST0222,-96.25,2025-12-29,Downgrade,Completed,ACH
TXN01808,CUST0222,377.0,2025-10-28,Subscription,Completed,ACH
TXN01809,CUST0222,56.75,2025-09-12,Upgrade,Completed,Invoice
TXN01810,CUST0222,403.4,2025-09-11,One-time Add-on,Completed,Invoice
TXN01811,CUST0222,178.66,2025-08-13,Upgrade,Completed,Wire Transfer
TXN01812,CUST0223,5057.87,2023-11-15,Upgrade,Pending,Wire Transfer
TXN01813,CUST0223,11023.09,2022-08-22,Subscription,Completed,Wire Transfer
TXN01814,CUST0223,12777.21,2023-09-05,One-time Add-on,Completed,Credit Card
TXN01815,CUST0223,10523.49,2022-11-23,Subscription,Completed,Invoice
TXN01816,CUST0223,1992.23,2023-10-24,Upgrade,Completed,Wire Transfer
TXN01817,CUST0223,14705.19,2023-03-05,Renewal,Completed,Wire Transfer
TXN01818,CUST0223,14954.3,2023-06-24,One-time Add-on,Completed,ACH
TXN01819,CUST0223,11305.56,2023-03-28,Subscription,Completed,Wire Transfer
TXN01820,CUST0223,-1335.45,2022-08-27,Downgrade,Completed,ACH
TXN01821,CUST0223,12284.4,2022-12-17,Renewal,Completed,ACH
TXN01822,CUST0223,2485.12,2022-08-20,Upgrade,Completed,Invoice
TXN01823,CUST0224,12616.5,2024-09-02,One-time Add-on,Completed,Invoice
TXN01824,CUST0224,12763.22,2023-05-24,One-time Add-on,Completed,Invoice
TXN01825,CUST0224,-4935.63,2023-10-25,Refund,Completed,Wire Transfer
TXN01826,CUST0224,3038.94,2024-10-07,Upgrade,Pending,ACH
TXN01827,CUST0224,11656.36,2024-02-22,One-time Add-on,Pending,ACH
TXN01828,CUST0224,-1563.86,2024-02-25,Refund,Completed,ACH
TXN01829,CUST0224,13393.54,2022-11-21,One-time Add-on,Completed,Credit Card
TXN01830,CUST0224,13451.65,2025-09-26,Renewal,Completed,ACH
TXN01831,CUST0224,4076.18,2024-12-15,Upgrade,Completed,Invoice
TXN01832,CUST0224,12047.58,2025-02-19,One-time Add-on,Pending,ACH
TXN01833,CUST0224,12108.33,2022-06-22,One-time Add-on,Completed,Wire Transfer
TXN01834,CUST0225,9468.53,2024-07-11,Subscription,Completed,Wire Transfer
TXN01835,CUST0225,4227.11,2025-09-16,Upgrade,Completed,Invoice
TXN01836,CUST0225,-3384.91,2025-04-27,Refund,Completed,Invoice
TXN01837,CUST0225,-2022.56,2024-09-18,Refund,Completed,Wire Transfer
TXN01838,CUST0225,9072.59,2025-01-14,Renewal,Completed,Invoice
TXN01839,CUST0225,10521.19,2024-07-07,One-time Add-on,Completed,Credit Card
TXN01840,CUST0225,9574.81,2025-10-27,Subscription,Completed,Credit Card
TXN01841,CUST0225,7285.41,2024-04-23,One-time Add-on,Completed,ACH
TXN01842,CUST0225,10519.79,2024-08-28,Renewal,Completed,ACH
TXN01843,CUST0225,9353.43,2024-08-14,Subscription,Completed,Credit Card
TXN01844,CUST0225,7393.2,2025-01-15,Subscription,Completed,Invoice
TXN01845,CUST0226,-2130.86,2024-06-13,Refund,Completed,ACH
TXN01846,CUST0226,2147.69,2023-08-26,Upgrade,Completed,Wire Transfer
TXN01847,CUST0226,7752.97,2024-10-12,Subscription,Completed,ACH
TXN01848,CUST0226,-2826.51,2024-05-13,Refund,Completed,Credit Card
TXN01849,CUST0226,959.65,2024-11-06,Upgrade,Completed,Credit Card
TXN01850,CUST0226,1226.14,2025-04-18,Upgrade,Completed,Credit Card
TXN01851,CUST0226,2252.73,2023-05-24,Upgrade,Completed,Wire Transfer
TXN01852,CUST0226,10489.75,2025-10-15,Subscription,Completed,Invoice
TXN01853,CUST0226,7872.96,2023-11-22,One-time Add-on,Completed,ACH
TXN01854,CUST0226,2924.3,2025-01-23,Upgrade,Pending,ACH
TXN01855,CUST0227,-383.36,2024-12-13,Downgrade,Completed,Credit Card
TXN01856,CUST0227,3155.61,2025-11-15,Upgrade,Completed,ACH
TXN01857,CUST0227,5771.5,2025-07-27,One-time Add-on,Completed,ACH
TXN01858,CUST0227,7981.59,2025-08-02,Renewal,Pending,Invoice
TXN01859,CUST0227,7540.69,2025-08-31,One-time Add-on,Completed,Credit Card
TXN01860,CUST0227,5500.1,2025-09-05,One-time Add-on,Completed,ACH
TXN01861,CUST0227,-646.32,2025-01-28,Downgrade,Completed,Wire Transfer
TXN01862,CUST0227,-1682.46,2024-10-28,Downgrade,Pending,Credit Card
TXN01863,CUST0227,5567.97,2025-12-06,One-time Add-on,Completed,Invoice
TXN01864,CUST0227,7038.54,2025-10-20,One-time Add-on,Completed,ACH
TXN01865,CUST0227,6105.89,2025-05-15,Renewal,Completed,Invoice
TXN01866,CUST0227,-469.98,2025-05-08,Downgrade,Completed,Credit Card
TXN01867,CUST0228,-474.19,2025-10-14,Downgrade,Completed,Wire Transfer
TXN01868,CUST0228,2653.05,2024-05-14,One-time Add-on,Completed,Credit Card
TXN01869,CUST0228,2574.89,2025-01-27,One-time Add-on,Completed,ACH
TXN01870,CUST0228,-103.77,2025-02-03,Refund,Completed,Wire Transfer
TXN01871,CUST0228,2203.74,2025-04-17,Renewal,Completed,Invoice
TXN01872,CUST0228,2669.88,2025-08-21,One-time Add-on,Completed,Credit Card
TXN01873,CUST0228,2302.57,2024-10-24,Subscription,Completed,ACH
TXN01874,CUST0228,2543.2,2025-02-09,Subscription,Completed,Credit Card
TXN01875,CUST0228,-237.8,2024-05-04,Downgrade,Completed,Wire Transfer
TXN01876,CUST0229,-2300.21,2025-02-25,Refund,Completed,ACH
TXN01877,CUST0229,5342.43,2025-07-28,Renewal,Completed,Credit Card
TXN01878,CUST0229,5853.68,2024-11-30,Renewal,Completed,Wire Transfer
TXN01879,CUST0229,-1627.9,2025-08-30,Refund,Completed,Wire Transfer
TXN01880,CUST0230,-1596.27,2024-02-21,Downgrade,Completed,Invoice
TXN01881,CUST0230,3134.54,2024-09-22,Upgrade,Completed,Invoice
TXN01882,CUST0230,5767.5,2024-01-13,One-time Add-on,Completed,Credit Card
TXN01883,CUST0230,7639.48,2025-02-16,Renewal,Completed,Credit Card
TXN01884,CUST0230,8325.85,2023-04-05,Renewal,Completed,ACH
TXN01885,CUST0230,1197.34,2025-08-15,Upgrade,Completed,Invoice
TXN01886,CUST0230,6559.31,2024-03-17,One-time Add-on,Completed,Wire Transfer
TXN01887,CUST0231,11725.91,2025-05-26,Subscription,Pending,ACH
TXN01888,CUST0231,12508.54,2025-12-06,Subscription,Completed,ACH
TXN01889,CUST0231,12088.48,2024-09-19,Subscription,Completed,ACH
TXN01890,CUST0231,-1176.55,2023-05-16,Downgrade,Completed,Credit Card
TXN01891,CUST0231,-2494.98,2023-12-11,Downgrade,Completed,ACH
TXN01892,CUST0232,-232.94,2023-02-12,Refund,Completed,ACH
TXN01893,CUST0232,-112.3,2024-01-24,Refund,Completed,ACH
TXN01894,CUST0232,230.57,2024-10-19,Upgrade,Completed,ACH
TXN01895,CUST0232,-71.33,2023-03-15,Downgrade,Pending,Credit Card
TXN01896,CUST0232,516.93,2024-02-24,Renewal,Completed,Invoice
TXN01897,CUST0232,-33.13,2023-01-10,Downgrade,Completed,Wire Transfer
TXN01898,CUST0232,501.17,2023-10-15,Renewal,Completed,Credit Card
TXN01899,CUST0232,-88.3,2023-04-02,Downgrade,Completed,ACH
TXN01900,CUST0232,56.75,2024-09-08,Upgrade,Pending,ACH
TXN01901,CUST0232,-25.02,2022-12-02,Downgrade,Completed,Invoice
TXN01902,CUST0232,543.49,2023-07-23,Renewal,Completed,Credit Card
TXN01903,CUST0233,-405.73,2025-12-20,Downgrade,Completed,Wire Transfer
TXN01904,CUST0233,-231.79,2025-10-14,Downgrade,Completed,Invoice
TXN01905,CUST0233,339.74,2025-10-07,Upgrade,Failed,Invoice
TXN01906,CUST0233,1400.99,2025-01-07,Renewal,Completed,ACH
TXN01907,CUST0234,-153.28,2024-08-05,Refund,Failed,Invoice
TXN01908,CUST0234,362.39,2024-06-05,Renewal,Completed,Wire Transfer
TXN01909,CUST0234,376.45,2023-10-17,Subscription,Completed,ACH
TXN01910,CUST0234,434.63,2025-03-29,Renewal,Completed,Invoice
TXN01911,CUST0234,-63.18,2025-05-07,Downgrade,Completed,Invoice
TXN01912,CUST0234,89.95,2025-08-02,Upgrade,Completed,ACH
TXN01913,CUST0235,11258.65,2024-03-13,Renewal,Completed,ACH
TXN01914,CUST0235,-4988.44,2025-08-31,Refund,Completed,Invoice
TXN01915,CUST0235,-1824.48,2025-02-27,Downgrade,Completed,Invoice
TXN01916,CUST0235,-979.66,2024-01-07,Downgrade,Completed,Wire Transfer
TXN01917,CUST0235,12249.75,2025-12-15,One-time Add-on,Completed,Wire Transfer
TXN01918,CUST0235,13506.83,2025-03-02,Renewal,Pending,Invoice
TXN01919,CUST0235,-710.46,2024-02-16,Downgrade,Completed,ACH
TXN01920,CUST0235,-4336.63,2024-05-21,Refund,Completed,Invoice
TXN01921,CUST0235,10922.07,2025-03-26,Renewal,Completed,ACH
TXN01922,CUST0235,14029.75,2025-09-10,Renewal,Completed,Credit Card
TXN01923,CUST0235,14153.36,2025-07-08,Subscription,Completed,Credit Card
TXN01924,CUST0235,5599.47,2023-10-09,Upgrade,Completed,Wire Transfer
TXN01925,CUST0236,1551.16,2025-04-04,Renewal,Completed,Wire Transfer
TXN01926,CUST0236,-283.62,2025-11-11,Downgrade,Completed,Wire Transfer
TXN01927,CUST0236,1883.75,2025-06-21,Subscription,Completed,ACH
TXN01928,CUST0236,-133.79,2025-04-10,Downgrade,Pending,Invoice
TXN01929,CUST0236,1715.69,2025-04-08,One-time Add-on,Completed,Wire Transfer
TXN01930,CUST0236,1790.67,2025-05-24,Subscription,Completed,Invoice
TXN01931,CUST0236,1435.57,2025-03-07,Subscription,Completed,Invoice
TXN01932,CUST0237,476.64,2024-02-04,Subscription,Failed,Wire Transfer
TXN01933,CUST0237,-90.41,2025-02-27,Downgrade,Completed,Credit Card
TXN01934,CUST0237,-132.08,2025-03-19,Downgrade,Completed,Wire Transfer
TXN01935,CUST0237,58.77,2023-12-22,Upgrade,Completed,Wire Transfer
TXN01936,CUST0237,-128.64,2024-10-20,Downgrade,Completed,ACH
TXN01937,CUST0237,-107.85,2025-03-15,Refund,Completed,Credit Card
TXN01938,CUST0237,549.88,2024-05-08,One-time Add-on,Completed,Invoice
TXN01939,CUST0237,202.97,2024-02-03,Upgrade,Completed,Wire Transfer
TXN01940,CUST0237,458.84,2024-08-01,Subscription,Pending,Credit Card
TXN01941,CUST0237,497.72,2024-10-06,Renewal,Completed,Invoice
TXN01942,CUST0237,418.89,2024-04-29,Subscription,Failed,Invoice
TXN01943,CUST0238,8984.57,2024-11-06,One-time Add-on,Completed,Credit Card
TXN01944,CUST0238,2789.4,2023-02-03,Upgrade,Pending,Invoice
TXN01945,CUST0238,11921.0,2025-02-28,Subscription,Completed,Invoice
TXN01946,CUST0238,4657.96,2024-11-12,Upgrade,Completed,Invoice
TXN01947,CUST0238,-1924.4,2025-04-07,Refund,Pending,Wire Transfer
TXN01948,CUST0239,-45.66,2022-09-02,Downgrade,Completed,Invoice
TXN01949,CUST0239,425.5,2023-01-02,Subscription,Pending,Credit Card
TXN01950,CUST0239,425.61,2022-07-20,Renewal,Completed,Credit Card
TXN01951,CUST0239,47.77,2022-08-29,Upgrade,Completed,ACH
TXN01952,CUST0239,304.8,2022-08-06,Subscription,Completed,Wire Transfer
TXN01953,CUST0239,327.03,2022-12-20,Subscription,Completed,Invoice
TXN01954,CUST0239,157.15,2022-12-23,Upgrade,Completed,Credit Card
TXN01955,CUST0239,-69.36,2022-07-29,Refund,Pending,Credit Card
TXN01956,CUST0239,412.27,2022-08-31,Subscription,Completed,Invoice
TXN01957,CUST0239,310.92,2022-09-12,Renewal,Completed,Wire Transfer
TXN01958,CUST0239,332.55,2022-12-22,One-time Add-on,Completed,Invoice
TXN01959,CUST0239,-75.97,2022-12-16,Refund,Completed,Credit Card
TXN01960,CUST0240,1950.18,2024-03-18,One-time Add-on,Completed,ACH
TXN01961,CUST0240,2797.65,2024-06-06,Renewal,Completed,ACH
TXN01962,CUST0240,2627.24,2025-08-27,Subscription,Completed,ACH
TXN01963,CUST0240,2101.92,2024-08-05,Renewal,Completed,Wire Transfer
TXN01964,CUST0240,-429.3,2025-05-18,Downgrade,Completed,Invoice
TXN01965,CUST0240,957.87,2024-05-24,Upgrade,Completed,Wire Transfer
TXN01966,CUST0240,2006.88,2024-06-25,Renewal,Completed,Wire Transfer
TXN01967,CUST0240,2546.54,2025-09-30,Subscription,Completed,Credit Card
TXN01968,CUST0240,-569.52,2025-08-01,Refund,Failed,Credit Card
TXN01969,CUST0240,2693.84,2024-08-02,One-time Add-on,Pending,Credit Card
TXN01970,CUST0240,949.81,2025-04-15,Upgrade,Completed,Wire Transfer
TXN01971,CUST0241,-861.6,2024-09-27,Downgrade,Completed,ACH
TXN01972,CUST0241,5981.54,2023-12-11,One-time Add-on,Completed,Invoice
TXN01973,CUST0241,-903.15,2025-04-09,Downgrade,Completed,Invoice
TXN01974,CUST0241,-1123.28,2025-04-06,Downgrade,Completed,Invoice
TXN01975,CUST0241,7918.32,2025-01-06,Subscription,Completed,Invoice
TXN01976,CUST0241,-974.35,2023-07-02,Downgrade,Completed,ACH
TXN01977,CUST0241,8118.61,2023-07-06,One-time Add-on,Completed,Credit Card
TXN01978,CUST0241,-602.65,2024-11-09,Downgrade,Completed,Credit Card
TXN01979,CUST0241,-617.15,2025-06-14,Downgrade,Completed,Wire Transfer
TXN01980,CUST0241,6852.31,2023-12-10,Renewal,Completed,Invoice
TXN01981,CUST0241,6854.54,2025-02-07,Renewal,Completed,Wire Transfer
TXN01982,CUST0242,2270.87,2023-11-04,Upgrade,Completed,ACH
TXN01983,CUST0242,6991.4,2024-04-24,One-time Add-on,Completed,Invoice
TXN01984,CUST0242,7023.52,2025-01-11,Subscription,Completed,Wire Transfer
TXN01985,CUST0242,2218.7,2025-06-03,Upgrade,Completed,Credit Card
TXN01986,CUST0242,6008.73,2025-05-02,Renewal,Completed,Wire Transfer
TXN01987,CUST0243,463.39,2025-08-27,One-time Add-on,Completed,Invoice
TXN01988,CUST0243,-43.5,2025-08-27,Downgrade,Pending,ACH
TXN01989,CUST0243,-182.78,2025-08-13,Refund,Failed,Wire Transfer
TXN01990,CUST0243,129.05,2025-10-14,Upgrade,Completed,ACH
TXN01991,CUST0243,160.93,2025-06-26,Upgrade,Completed,ACH
TXN01992,CUST0243,407.06,2025-11-22,One-time Add-on,Completed,ACH
TXN01993,CUST0244,-3009.1,2025-08-13,Downgrade,Completed,Credit Card
TXN01994,CUST0244,11582.62,2024-08-11,Renewal,Completed,Invoice
TXN01995,CUST0244,12804.73,2025-01-19,One-time Add-on,Pending,Wire Transfer
TXN01996,CUST0244,-1626.78,2022-11-01,Downgrade,Completed,Wire Transfer
TXN01997,CUST0244,4846.41,2023-04-06,Upgrade,Completed,ACH
TXN01998,CUST0244,-66.7,2023-09-17,Refund,Completed,Invoice
TXN01999,CUST0244,12289.32,2025-08-10,Renewal,Pending,Invoice
TXN02000,CUST0244,12728.72,2024-03-21,One-time Add-on,Completed,ACH
TXN02001,CUST0244,9360.91,2025-10-22,One-time Add-on,Completed,ACH
TXN02002,CUST0244,10076.51,2025-05-24,One-time Add-on,Completed,Invoice
TXN02003,CUST0244,2255.89,2022-07-09,Upgrade,Completed,Credit Card
TXN02004,CUST0245,-130.56,2025-12-25,Refund,Completed,Invoice
TXN02005,CUST0245,-64.29,2025-04-11,Downgrade,Completed,Invoice
TXN02006,CUST0245,365.76,2025-07-05,Subscription,Completed,ACH
TXN02007,CUST0245,-37.73,2025-12-02,Downgrade,Completed,Wire Transfer
TXN02008,CUST0246,1345.96,2023-11-05,Subscription,Completed,Wire Transfer
TXN02009,CUST0246,507.74,2023-12-12,Upgrade,Completed,Credit Card
TXN02010,CUST0246,-223.82,2025-08-02,Refund,Completed,Credit Card
TXN02011,CUST0246,382.8,2024-09-26,Upgrade,Completed,Credit Card
TXN02012,CUST0247,456.24,2025-07-29,Subscription,Completed,Credit Card
TXN02013,CUST0247,458.29,2025-08-11,Renewal,Completed,Wire Transfer
TXN02014,CUST0247,51.62,2025-05-18,Upgrade,Completed,Credit Card
TXN02015,CUST0247,-72.59,2025-07-27,Downgrade,Completed,Invoice
TXN02016,CUST0247,397.19,2025-11-07,Renewal,Completed,ACH
TXN02017,CUST0247,329.72,2025-07-04,Renewal,Pending,Wire Transfer
TXN02018,CUST0248,1460.64,2023-05-12,Subscription,Completed,Credit Card
TXN02019,CUST0248,-194.41,2025-08-15,Refund,Completed,ACH
TXN02020,CUST0248,1631.66,2023-04-28,Renewal,Completed,Wire Transfer
TXN02021,CUST0248,-329.97,2023-10-30,Downgrade,Completed,Credit Card
TXN02022,CUST0248,409.91,2024-11-16,Upgrade,Completed,Invoice
TXN02023,CUST0248,1126.71,2025-02-06,Subscription,Completed,ACH
TXN02024,CUST0248,1375.98,2023-04-22,One-time Add-on,Completed,Credit Card
TXN02025,CUST0249,1965.29,2025-09-30,Renewal,Completed,Credit Card
TXN02026,CUST0249,-657.09,2025-11-30,Refund,Completed,Wire Transfer
TXN02027,CUST0249,-184.39,2025-10-01,Downgrade,Completed,Wire Transfer
TXN02028,CUST0249,1907.8,2025-07-03,Renewal,Completed,Credit Card
TXN02029,CUST0249,575.23,2025-12-12,Upgrade,Completed,Invoice
TXN02030,CUST0249,1732.05,2025-04-27,Renewal,Completed,Credit Card
TXN02031,CUST0249,2262.54,2025-04-28,Renewal,Completed,Wire Transfer
TXN02032,CUST0249,2366.57,2025-12-24,Renewal,Completed,Wire Transfer
TXN02033,CUST0249,2170.78,2025-09-07,Subscription,Completed,Wire Transfer
TXN02034,CUST0250,11850.41,2025-10-15,Subscription,Completed,ACH
TXN02035,CUST0250,12823.58,2025-04-16,Renewal,Completed,Wire Transfer
TXN02036,CUST0250,-2570.95,2025-08-21,Downgrade,Completed,Invoice
TXN02037,CUST0250,13321.97,2025-09-13,One-time Add-on,Completed,ACH
TXN02038,CUST0250,10810.82,2024-07-28,One-time Add-on,Completed,Credit Card
TXN02039,CUST0250,15117.81,2024-06-30,Subscription,Pending,Wire Transfer
TXN02040,CUST0250,-2977.95,2025-08-08,Downgrade,Failed,Credit Card
TXN02041,CUST0251,460.95,2025-04-13,Renewal,Failed,Wire Transfer
TXN02042,CUST0251,116.29,2025-01-28,Upgrade,Completed,Credit Card
TXN02043,CUST0251,68.27,2025-02-08,Upgrade,Completed,ACH
TXN02044,CUST0251,-174.87,2025-02-08,Refund,Completed,Credit Card
TXN02045,CUST0252,380.47,2024-02-29,Subscription,Completed,Invoice
TXN02046,CUST0252,-147.62,2025-04-19,Refund,Completed,Invoice
TXN02047,CUST0252,-171.15,2023-11-07,Refund,Completed,Invoice
TXN02048,CUST0252,-25.88,2025-07-29,Downgrade,Completed,Invoice
TXN02049,CUST0252,535.41,2024-10-30,Renewal,Completed,Credit Card
TXN02050,CUST0252,532.98,2025-07-07,Subscription,Completed,Wire Transfer
TXN02051,CUST0252,-45.33,2025-09-09,Downgrade,Completed,Wire Transfer
TXN02052,CUST0252,484.4,2024-03-14,Renewal,Completed,Credit Card
TXN02053,CUST0252,-85.43,2025-04-02,Downgrade,Completed,ACH
TXN02054,CUST0252,-58.28,2025-09-05,Refund,Completed,Wire Transfer
TXN02055,CUST0252,-83.81,2024-12-14,Downgrade,Completed,Wire Transfer
TXN02056,CUST0253,323.51,2024-04-26,Renewal,Completed,Invoice
TXN02057,CUST0253,334.81,2024-01-23,One-time Add-on,Completed,Wire Transfer
TXN02058,CUST0253,55.43,2024-06-23,Upgrade,Completed,Invoice
TXN02059,CUST0253,335.65,2024-05-30,One-time Add-on,Failed,Credit Card
TXN02060,CUST0253,158.19,2024-05-12,Upgrade,Completed,Wire Transfer
TXN02061,CUST0253,-56.7,2024-05-23,Downgrade,Completed,ACH
TXN02062,CUST0253,105.44,2023-12-20,Upgrade,Completed,ACH
TXN02063,CUST0253,110.16,2024-05-11,Upgrade,Completed,ACH
TXN02064,CUST0253,298.25,2024-07-14,One-time Add-on,Completed,ACH
TXN02065,CUST0253,-99.25,2024-07-08,Refund,Completed,Credit Card
TXN02066,CUST0253,284.65,2024-04-16,One-time Add-on,Completed,Credit Card
TXN02067,CUST0253,371.45,2024-02-13,One-time Add-on,Completed,ACH
TXN02068,CUST0254,316.47,2025-04-22,Subscription,Completed,Wire Transfer
TXN02069,CUST0254,-61.51,2025-08-22,Downgrade,Completed,ACH
TXN02070,CUST0254,136.06,2025-10-19,Upgrade,Completed,Credit Card
TXN02071,CUST0254,-127.34,2023-10-31,Refund,Completed,ACH
TXN02072,CUST0254,381.04,2022-07-27,One-time Add-on,Completed,Credit Card
TXN02073,CUST0254,375.03,2024-04-13,Renewal,Completed,ACH
TXN02074,CUST0254,-61.6,2025-08-08,Refund,Completed,Credit Card
TXN02075,CUST0254,312.43,2022-08-28,Subscription,Completed,Credit Card
TXN02076,CUST0254,95.62,2022-12-10,Upgrade,Completed,Wire Transfer
TXN02077,CUST0255,-1619.46,2024-06-27,Refund,Completed,Wire Transfer
TXN02078,CUST0255,1452.83,2025-01-16,Upgrade,Completed,Invoice
TXN02079,CUST0255,-1340.46,2024-07-29,Refund,Completed,Wire Transfer
TXN02080,CUST0255,4829.98,2025-06-11,Subscription,Completed,Invoice
TXN02081,CUST0255,5187.38,2025-12-20,Subscription,Completed,Wire Transfer
TXN02082,CUST0255,5095.88,2025-11-01,Subscription,Failed,Credit Card
TXN02083,CUST0255,1699.51,2025-10-16,Upgrade,Completed,Credit Card
TXN02084,CUST0255,-1270.04,2025-09-25,Downgrade,Completed,Invoice
TXN02085,CUST0255,1198.65,2024-07-22,Upgrade,Completed,Invoice
TXN02086,CUST0255,5161.49,2025-01-24,One-time Add-on,Completed,ACH
TXN02087,CUST0256,-125.48,2025-03-20,Downgrade,Completed,Wire Transfer
TXN02088,CUST0256,1781.78,2025-10-01,One-time Add-on,Pending,Credit Card
TXN02089,CUST0256,1579.96,2024-07-04,One-time Add-on,Completed,ACH
TXN02090,CUST0256,823.34,2025-01-23,Upgrade,Completed,Wire Transfer
TXN02091,CUST0257,-151.53,2025-04-11,Refund,Completed,ACH
TXN02092,CUST0257,-158.48,2025-10-18,Downgrade,Completed,ACH
TXN02093,CUST0257,1300.08,2025-08-25,Subscription,Completed,Invoice
TXN02094,CUST0257,-341.64,2025-06-11,Refund,Completed,Credit Card
TXN02095,CUST0257,1207.99,2025-04-06,Renewal,Completed,Credit Card
TXN02096,CUST0257,-200.0,2025-09-26,Downgrade,Completed,Credit Card
TXN02097,CUST0257,-291.55,2025-11-09,Refund,Completed,Invoice
TXN02098,CUST0257,1286.88,2025-10-14,Subscription,Completed,Invoice
TXN02099,CUST0257,1178.65,2025-03-20,Subscription,Completed,Wire Transfer
TXN02100,CUST0257,-249.56,2025-10-15,Downgrade,Completed,ACH
TXN02101,CUST0258,6299.93,2024-05-26,Renewal,Completed,ACH
TXN02102,CUST0258,-3761.48,2025-08-01,Refund,Completed,Wire Transfer
TXN02103,CUST0258,8970.68,2025-09-03,Subscription,Completed,Invoice
TXN02104,CUST0258,6159.15,2024-08-28,One-time Add-on,Completed,Wire Transfer
TXN02105,CUST0258,-2662.6,2024-09-15,Refund,Completed,Credit Card
TXN02106,CUST0259,1149.72,2025-06-22,Subscription,Completed,Credit Card
TXN02107,CUST0259,1262.24,2024-02-11,Renewal,Completed,Invoice
TXN02108,CUST0259,1191.03,2025-07-05,Renewal,Completed,Invoice
TXN02109,CUST0259,1182.19,2023-11-12,Subscription,Completed,Credit Card
TXN02110,CUST0259,-130.01,2023-09-03,Refund,Completed,Credit Card
TXN02111,CUST0259,1627.03,2024-08-08,One-time Add-on,Completed,ACH
TXN02112,CUST0259,-524.82,2023-12-15,Refund,Completed,Wire Transfer
TXN02113,CUST0259,1538.93,2025-11-22,Renewal,Completed,Invoice
TXN02114,CUST0259,560.85,2023-05-20,Upgrade,Completed,Wire Transfer
TXN02115,CUST0259,-274.28,2024-05-11,Downgrade,Completed,ACH
TXN02116,CUST0259,1605.0,2024-08-09,One-time Add-on,Completed,Invoice
TXN02117,CUST0259,-149.13,2025-01-27,Refund,Completed,Wire Transfer
TXN02118,CUST0260,5908.39,2025-07-12,Subscription,Completed,Credit Card
TXN02119,CUST0260,6568.35,2024-12-08,Subscription,Completed,Credit Card
TXN02120,CUST0260,1562.3,2024-05-25,Upgrade,Completed,Wire Transfer
TXN02121,CUST0260,6327.47,2024-03-18,One-time Add-on,Pending,Invoice
TXN02122,CUST0260,-889.65,2024-10-17,Downgrade,Completed,ACH
TXN02123,CUST0260,828.16,2024-09-04,Upgrade,Completed,Wire Transfer
TXN02124,CUST0260,6354.36,2024-11-08,One-time Add-on,Completed,Wire Transfer
TXN02125,CUST0260,2731.68,2025-12-24,Upgrade,Completed,ACH
TXN02126,CUST0260,2810.53,2024-03-28,Upgrade,Completed,Wire Transfer
TXN02127,CUST0260,6862.85,2024-03-21,Renewal,Completed,Invoice
TXN02128,CUST0260,2058.95,2024-02-22,Upgrade,Completed,ACH
TXN02129,CUST0261,-95.16,2024-03-11,Refund,Completed,Wire Transfer
TXN02130,CUST0261,414.72,2024-01-25,One-time Add-on,Completed,Invoice
TXN02131,CUST0261,353.08,2023-11-19,One-time Add-on,Completed,Wire Transfer
TXN02132,CUST0261,358.33,2023-12-18,Renewal,Completed,Wire Transfer
TXN02133,CUST0261,-173.92,2023-04-29,Refund,Completed,Invoice
TXN02134,CUST0261,-91.44,2023-09-30,Refund,Completed,Wire Transfer
TXN02135,CUST0262,8945.82,2025-04-24,One-time Add-on,Completed,Invoice
TXN02136,CUST0262,8922.06,2025-05-29,Subscription,Completed,Wire Transfer
TXN02137,CUST0262,-3061.97,2025-06-24,Downgrade,Completed,Wire Transfer
TXN02138,CUST0262,10450.18,2025-06-28,One-time Add-on,Completed,Invoice
TXN02139,CUST0262,9101.37,2025-06-23,One-time Add-on,Completed,Wire Transfer
TXN02140,CUST0262,9416.65,2025-03-20,Renewal,Completed,Credit Card
TXN02141,CUST0263,70.27,2023-01-19,Upgrade,Completed,ACH
TXN02142,CUST0263,-184.4,2023-03-13,Refund,Completed,Credit Card
TXN02143,CUST0263,459.5,2022-09-18,Subscription,Completed,Wire Transfer
TXN02144,CUST0263,-54.14,2024-04-02,Downgrade,Completed,Wire Transfer
TXN02145,CUST0264,6517.01,2024-07-30,Renewal,Completed,Wire Transfer
TXN02146,CUST0264,6578.01,2025-09-21,Renewal,Failed,Invoice
TXN02147,CUST0264,7924.16,2024-02-27,One-time Add-on,Pending,Credit Card
TXN02148,CUST0264,-2344.37,2025-03-09,Refund,Failed,Invoice
TXN02149,CUST0264,6803.2,2023-12-08,Subscription,Completed,ACH
TXN02150,CUST0264,6559.23,2024-11-15,One-time Add-on,Completed,ACH
TXN02151,CUST0264,6067.13,2024-05-15,Subscription,Completed,Invoice
TXN02152,CUST0264,8630.75,2025-03-18,One-time Add-on,Completed,ACH
TXN02153,CUST0264,7294.89,2023-11-13,Subscription,Completed,ACH
TXN02154,CUST0264,-1988.74,2025-08-28,Downgrade,Completed,Credit Card
TXN02155,CUST0264,1378.48,2025-02-07,Upgrade,Completed,Invoice
TXN02156,CUST0264,7094.25,2025-10-19,One-time Add-on,Completed,Invoice
TXN02157,CUST0265,1678.37,2025-08-21,Renewal,Completed,Invoice
TXN02158,CUST0265,-179.97,2025-01-09,Downgrade,Completed,Invoice
TXN02159,CUST0265,1920.24,2025-03-04,Renewal,Pending,Invoice
TXN02160,CUST0265,-513.07,2025-08-18,Downgrade,Completed,ACH
TXN02161,CUST0265,-103.96,2025-09-10,Refund,Completed,Credit Card
TXN02162,CUST0265,1658.72,2025-05-02,One-time Add-on,Completed,Invoice
TXN02163,CUST0265,-421.45,2025-05-26,Refund,Completed,Invoice
TXN02164,CUST0265,338.48,2025-02-22,Upgrade,Completed,Wire Transfer
TXN02165,CUST0265,1533.78,2025-06-17,Renewal,Completed,ACH
TXN02166,CUST0265,2107.13,2025-12-22,Subscription,Completed,ACH
TXN02167,CUST0265,-813.92,2024-11-30,Refund,Completed,Credit Card
TXN02168,CUST0266,524.54,2022-07-15,One-time Add-on,Completed,Wire Transfer
TXN02169,CUST0266,-53.5,2022-11-20,Downgrade,Pending,ACH
TXN02170,CUST0266,74.53,2024-05-21,Upgrade,Completed,Credit Card
TXN02171,CUST0266,460.24,2025-07-28,Subscription,Completed,ACH
TXN02172,CUST0266,441.93,2023-09-16,One-time Add-on,Completed,ACH
TXN02173,CUST0266,502.3,2023-06-01,Subscription,Completed,Credit Card
TXN02174,CUST0266,405.93,2022-06-20,Subscription,Completed,Credit Card
TXN02175,CUST0266,493.92,2024-09-07,One-time Add-on,Completed,ACH
TXN02176,CUST0267,303.83,2025-11-26,Renewal,Completed,ACH
TXN02177,CUST0267,103.26,2025-06-09,Upgrade,Completed,Credit Card
TXN02178,CUST0267,293.19,2024-05-24,Renewal,Completed,ACH
TXN02179,CUST0267,383.47,2023-12-20,One-time Add-on,Completed,Wire Transfer
TXN02180,CUST0267,332.14,2024-08-02,Renewal,Completed,ACH
TXN02181,CUST0267,-122.19,2023-09-29,Refund,Completed,Invoice
TXN02182,CUST0267,309.45,2023-09-03,Subscription,Completed,Invoice
TXN02183,CUST0267,-63.45,2025-03-10,Downgrade,Completed,Invoice
TXN02184,CUST0267,-162.36,2025-12-27,Refund,Completed,Invoice
TXN02185,CUST0267,104.65,2025-05-25,Upgrade,Completed,Invoice
TXN02186,CUST0267,298.58,2023-08-24,Subscription,Completed,Wire Transfer
TXN02187,CUST0267,49.46,2025-08-26,Upgrade,Pending,Invoice
TXN02188,CUST0268,268.26,2025-03-03,Upgrade,Completed,Credit Card
TXN02189,CUST0268,-596.93,2025-01-19,Downgrade,Completed,Invoice
TXN02190,CUST0268,2733.33,2025-12-17,One-time Add-on,Completed,Wire Transfer
TXN02191,CUST0268,2098.41,2025-04-21,Renewal,Pending,Invoice
TXN02192,CUST0268,-366.85,2025-02-07,Downgrade,Completed,Wire Transfer
TXN02193,CUST0268,2412.81,2025-12-26,Renewal,Completed,Credit Card
TXN02194,CUST0268,2837.66,2025-02-03,Renewal,Pending,Wire Transfer
TXN02195,CUST0268,2302.38,2025-04-10,Subscription,Pending,Invoice
TXN02196,CUST0268,2246.93,2024-11-09,One-time Add-on,Completed,Invoice
TXN02197,CUST0268,-163.92,2024-10-21,Downgrade,Completed,Wire Transfer
TXN02198,CUST0269,1526.05,2025-04-09,Subscription,Completed,Wire Transfer
TXN02199,CUST0269,1279.92,2025-02-14,Subscription,Completed,Wire Transfer
TXN02200,CUST0269,-192.35,2025-01-27,Downgrade,Completed,Invoice
TXN02201,CUST0269,1186.6,2025-07-11,One-time Add-on,Completed,Credit Card
TXN02202,CUST0269,-201.91,2025-08-27,Downgrade,Completed,Credit Card
TXN02203,CUST0269,-169.0,2025-04-03,Downgrade,Completed,Wire Transfer
TXN02204,CUST0269,1408.75,2025-03-29,Renewal,Completed,Invoice
TXN02205,CUST0269,-133.96,2025-06-05,Downgrade,Completed,Credit Card
TXN02206,CUST0269,1233.44,2025-03-24,Renewal,Completed,ACH
TXN02207,CUST0269,1309.85,2025-08-21,One-time Add-on,Failed,ACH
TXN02208,CUST0269,1103.39,2025-01-15,Subscription,Completed,Invoice
TXN02209,CUST0269,1258.91,2025-02-17,Renewal,Failed,Invoice
TXN02210,CUST0270,-114.68,2023-05-09,Refund,Pending,Wire Transfer
TXN02211,CUST0270,126.2,2023-08-17,Upgrade,Completed,Wire Transfer
TXN02212,CUST0270,-95.96,2023-09-27,Refund,Completed,Wire Transfer
TXN02213,CUST0270,339.7,2023-09-18,Renewal,Completed,Invoice
TXN02214,CUST0270,181.58,2023-06-27,Upgrade,Completed,Invoice
TXN02215,CUST0271,458.4,2025-11-14,Upgrade,Completed,ACH
TXN02216,CUST0271,1239.83,2025-11-05,Renewal,Completed,ACH
TXN02217,CUST0271,1275.38,2025-10-12,Renewal,Completed,Wire Transfer
TXN02218,CUST0271,-247.86,2025-09-29,Refund,Completed,Wire Transfer
TXN02219,CUST0272,11307.0,2025-05-06,Renewal,Pending,Credit Card
TXN02220,CUST0272,10499.04,2025-06-11,Subscription,Completed,ACH
TXN02221,CUST0272,-3174.66,2025-08-02,Downgrade,Completed,Wire Transfer
TXN02222,CUST0272,2093.59,2025-03-03,Upgrade,Completed,Invoice
TXN02223,CUST0272,9543.83,2025-07-23,One-time Add-on,Completed,ACH
TXN02224,CUST0273,541.4,2025-02-09,One-time Add-on,Completed,Wire Transfer
TXN02225,CUST0273,405.52,2025-03-15,Subscription,Completed,Credit Card
TXN02226,CUST0273,468.82,2025-01-16,One-time Add-on,Pending,ACH
TXN02227,CUST0273,477.05,2024-12-22,Subscription,Completed,Wire Transfer
TXN02228,CUST0273,-181.17,2025-03-12,Refund,Completed,Wire Transfer
TXN02229,CUST0273,417.98,2024-12-31,Subscription,Completed,Credit Card
TXN02230,CUST0273,401.98,2024-12-18,One-time Add-on,Completed,Credit Card
TXN02231,CUST0273,559.26,2025-01-27,Renewal,Completed,Invoice
TXN02232,CUST0274,342.44,2025-01-09,One-time Add-on,Completed,Credit Card
TXN02233,CUST0274,58.08,2025-12-29,Upgrade,Completed,Wire Transfer
TXN02234,CUST0274,-156.17,2024-09-19,Refund,Completed,Invoice
TXN02235,CUST0274,401.86,2025-12-23,Renewal,Completed,Wire Transfer
TXN02236,CUST0274,-114.66,2024-09-24,Refund,Completed,Wire Transfer
TXN02237,CUST0275,-5276.88,2023-02-03,Refund,Completed,ACH
TXN02238,CUST0275,4739.75,2023-04-16,Upgrade,Completed,Invoice
TXN02239,CUST0275,-1045.92,2022-05-21,Refund,Completed,Credit Card
TXN02240,CUST0275,15509.7,2022-05-20,Subscription,Completed,Credit Card
TXN02241,CUST0275,4850.82,2022-07-28,Upgrade,Completed,Invoice
TXN02242,CUST0275,-1043.06,2022-10-14,Downgrade,Completed,Wire Transfer
TXN02243,CUST0275,14978.77,2023-03-04,Renewal,Completed,Wire Transfer
TXN02244,CUST0275,-1265.72,2022-05-25,Downgrade,Completed,Credit Card
TXN02245,CUST0276,448.84,2025-07-10,Renewal,Completed,Invoice
TXN02246,CUST0276,-33.2,2025-05-04,Downgrade,Completed,Invoice
TXN02247,CUST0276,457.72,2025-04-25,One-time Add-on,Completed,ACH
TXN02248,CUST0276,-29.25,2025-02-18,Downgrade,Completed,Wire Transfer
TXN02249,CUST0276,460.29,2024-11-05,Subscription,Completed,Invoice
TXN02250,CUST0276,434.2,2025-03-18,Renewal,Completed,Credit Card
TXN02251,CUST0276,-101.27,2025-06-11,Refund,Completed,Wire Transfer
TXN02252,CUST0276,396.22,2024-06-09,Subscription,Completed,ACH
TXN02253,CUST0277,128.37,2025-05-20,Upgrade,Completed,Wire Transfer
TXN02254,CUST0277,-93.96,2025-12-02,Downgrade,Failed,ACH
TXN02255,CUST0277,-148.01,2025-10-14,Refund,Completed,Wire Transfer
TXN02256,CUST0277,-21.09,2025-12-06,Downgrade,Completed,Invoice
TXN02257,CUST0277,-88.79,2025-04-07,Downgrade,Completed,Invoice
TXN02258,CUST0277,403.33,2025-12-23,Renewal,Completed,ACH
TXN02259,CUST0277,75.93,2025-10-22,Upgrade,Completed,Credit Card
TXN02260,CUST0278,437.08,2024-03-26,One-time Add-on,Completed,ACH
TXN02261,CUST0278,572.39,2023-10-17,Renewal,Completed,Invoice
TXN02262,CUST0278,-30.03,2023-10-07,Downgrade,Completed,Wire Transfer
TXN02263,CUST0278,570.05,2024-02-21,One-time Add-on,Completed,Wire Transfer
TXN02264,CUST0278,516.42,2024-04-20,One-time Add-on,Completed,ACH
TXN02265,CUST0278,-156.26,2024-02-20,Refund,Completed,ACH
TXN02266,CUST0278,-92.19,2024-05-30,Downgrade,Completed,ACH
TXN02267,CUST0279,-86.89,2025-04-08,Downgrade,Completed,Invoice
TXN02268,CUST0279,1058.7,2023-05-29,Subscription,Completed,Wire Transfer
TXN02269,CUST0279,-217.01,2023-10-28,Refund,Completed,ACH
TXN02270,CUST0279,-125.54,2025-11-20,Downgrade,Completed,Credit Card
TXN02271,CUST0280,11802.64,2024-05-16,One-time Add-on,Completed,Credit Card
TXN02272,CUST0280,12510.71,2024-02-27,Subscription,Completed,ACH
TXN02273,CUST0280,5328.48,2024-01-12,Upgrade,Completed,Invoice
TXN02274,CUST0280,10964.68,2024-05-30,Subscription,Completed,Invoice
TXN02275,CUST0280,10880.39,2024-08-27,Subscription,Completed,Credit Card
TXN02276,CUST0280,10319.1,2024-06-09,Subscription,Completed,ACH
TXN02277,CUST0280,4276.82,2024-09-14,Upgrade,Pending,Credit Card
TXN02278,CUST0280,9409.52,2024-01-11,Renewal,Completed,ACH
TXN02279,CUST0281,1414.38,2025-12-29,Upgrade,Completed,Invoice
TXN02280,CUST0281,14032.39,2024-07-07,One-time Add-on,Completed,ACH
TXN02281,CUST0281,13332.9,2024-10-03,One-time Add-on,Completed,Credit Card
TXN02282,CUST0281,-5903.91,2024-11-10,Refund,Completed,Invoice
TXN02283,CUST0281,4511.86,2025-04-23,Upgrade,Completed,Credit Card
TXN02284,CUST0281,-1226.13,2024-04-29,Downgrade,Completed,Credit Card
TXN02285,CUST0281,-2173.45,2025-04-08,Refund,Completed,Credit Card
TXN02286,CUST0281,-901.16,2025-02-08,Downgrade,Completed,Credit Card
TXN02287,CUST0281,12503.55,2025-11-20,Renewal,Completed,Wire Transfer
TXN02288,CUST0281,14209.16,2024-07-23,One-time Add-on,Completed,Wire Transfer
TXN02289,CUST0281,3978.81,2024-11-29,Upgrade,Completed,Credit Card
TXN02290,CUST0282,669.12,2024-04-04,Upgrade,Failed,Wire Transfer
TXN02291,CUST0282,1668.14,2025-03-02,Renewal,Completed,Credit Card
TXN02292,CUST0282,237.79,2025-08-04,Upgrade,Completed,Wire Transfer
TXN02293,CUST0282,1481.97,2025-03-30,Subscription,Completed,ACH
TXN02294,CUST0282,2144.1,2024-05-13,Renewal,Completed,Credit Card
TXN02295,CUST0283,2613.02,2022-06-29,Subscription,Completed,Wire Transfer
TXN02296,CUST0283,2263.2,2022-07-01,Renewal,Completed,Credit Card
TXN02297,CUST0283,1999.76,2022-07-29,Subscription,Completed,Credit Card
TXN02298,CUST0283,2578.38,2022-11-29,One-time Add-on,Completed,Wire Transfer
TXN02299,CUST0283,-361.84,2022-10-19,Refund,Pending,Credit Card
TXN02300,CUST0283,-160.85,2022-08-18,Downgrade,Completed,Credit Card
TXN02301,CUST0283,1839.71,2022-07-05,Subscription,Pending,Credit Card
TXN02302,CUST0283,-133.15,2022-06-27,Downgrade,Completed,Invoice
TXN02303,CUST0283,1989.02,2022-10-16,Subscription,Completed,ACH
TXN02304,CUST0284,1456.26,2023-08-18,Renewal,Pending,Credit Card
TXN02305,CUST0284,1646.32,2023-09-25,Subscription,Completed,ACH
TXN02306,CUST0284,-799.61,2023-07-28,Refund,Completed,ACH
TXN02307,CUST0284,1787.0,2023-08-28,Subscription,Completed,ACH
TXN02308,CUST0284,1491.43,2023-09-08,One-time Add-on,Completed,Invoice
TXN02309,CUST0285,2162.79,2023-04-27,Upgrade,Completed,Invoice
TXN02310,CUST0285,1890.17,2023-05-23,Upgrade,Completed,Credit Card
TXN02311,CUST0285,-1034.96,2023-07-27,Downgrade,Completed,Credit Card
TXN02312,CUST0285,-1798.64,2022-09-27,Downgrade,Completed,ACH
TXN02313,CUST0285,10242.93,2023-05-22,Renewal,Completed,ACH
TXN02314,CUST0285,-230.9,2022-10-06,Refund,Failed,Credit Card
TXN02315,CUST0285,9768.43,2023-08-09,Subscription,Completed,ACH
TXN02316,CUST0286,286.3,2024-06-28,One-time Add-on,Completed,Credit Card
TXN02317,CUST0286,-27.42,2024-03-19,Downgrade,Completed,ACH
TXN02318,CUST0286,-133.38,2024-08-02,Refund,Completed,Wire Transfer
TXN02319,CUST0286,-51.7,2025-01-31,Downgrade,Completed,Wire Transfer
TXN02320,CUST0286,-75.94,2025-06-02,Refund,Completed,ACH
TXN02321,CUST0286,62.61,2025-04-07,Upgrade,Completed,ACH
TXN02322,CUST0286,-102.67,2025-07-19,Downgrade,Completed,Wire Transfer
TXN02323,CUST0286,-59.29,2024-03-08,Downgrade,Completed,Credit Card
TXN02324,CUST0287,79.16,2023-09-08,Upgrade,Completed,Wire Transfer
TXN02325,CUST0287,92.33,2023-02-24,Upgrade,Completed,Credit Card
TXN02326,CUST0287,360.24,2023-08-13,One-time Add-on,Completed,Wire Transfer
TXN02327,CUST0287,427.22,2023-11-08,Renewal,Completed,Wire Transfer
TXN02328,CUST0287,-51.2,2023-08-15,Downgrade,Completed,Invoice
TXN02329,CUST0287,485.07,2023-02-20,Subscription,Completed,Invoice
TXN02330,CUST0287,437.75,2023-04-05,One-time Add-on,Pending,Credit Card
TXN02331,CUST0287,-112.31,2023-04-30,Refund,Completed,Credit Card
TXN02332,CUST0287,-136.78,2023-05-02,Refund,Completed,Invoice
TXN02333,CUST0287,447.77,2022-12-24,Subscription,Pending,ACH
TXN02334,CUST0287,184.84,2023-05-07,Upgrade,Completed,ACH
TXN02335,CUST0288,1483.18,2025-05-24,Subscription,Completed,Invoice
TXN02336,CUST0288,173.54,2025-08-13,Upgrade,Completed,Credit Card
TXN02337,CUST0288,-671.02,2024-02-24,Refund,Completed,Wire Transfer
TXN02338,CUST0288,1814.27,2025-09-19,Renewal,Completed,Wire Transfer
TXN02339,CUST0288,-289.8,2022-12-20,Downgrade,Completed,ACH
TXN02340,CUST0288,1972.28,2024-04-02,Subscription,Completed,ACH
TXN02341,CUST0288,512.88,2025-06-01,Upgrade,Completed,Credit Card
TXN02342,CUST0288,1770.32,2022-11-10,Subscription,Completed,Invoice
TXN02343,CUST0288,1702.63,2022-09-04,Renewal,Completed,Credit Card
TXN02344,CUST0288,-854.37,2023-01-03,Refund,Completed,ACH
TXN02345,CUST0288,-224.35,2023-09-02,Refund,Completed,Credit Card
TXN02346,CUST0289,376.37,2022-10-28,One-time Add-on,Failed,Invoice
TXN02347,CUST0289,365.7,2023-12-07,Subscription,Completed,Credit Card
TXN02348,CUST0289,162.65,2023-04-14,Upgrade,Completed,ACH
TXN02349,CUST0289,-86.8,2023-01-03,Downgrade,Completed,Credit Card
TXN02350,CUST0289,436.77,2025-07-03,Renewal,Pending,Credit Card
TXN02351,CUST0289,403.52,2023-04-04,One-time Add-on,Pending,Wire Transfer
TXN02352,CUST0289,-87.52,2022-10-05,Downgrade,Pending,Invoice
TXN02353,CUST0289,-73.87,2025-11-17,Refund,Completed,Credit Card
TXN02354,CUST0290,1856.99,2025-05-26,Renewal,Completed,Credit Card
TXN02355,CUST0290,1444.8,2025-08-03,Renewal,Completed,ACH
TXN02356,CUST0290,-107.44,2025-06-08,Downgrade,Completed,ACH
TXN02357,CUST0290,1793.45,2025-05-06,Subscription,Completed,Wire Transfer
TXN02358,CUST0290,713.73,2025-07-21,Upgrade,Completed,Credit Card
TXN02359,CUST0290,1627.64,2025-08-16,Renewal,Completed,Wire Transfer
TXN02360,CUST0290,1431.14,2025-05-06,One-time Add-on,Completed,Invoice
TXN02361,CUST0290,1818.9,2025-05-15,Subscription,Completed,ACH
TXN02362,CUST0291,-52.79,2024-02-04,Downgrade,Completed,Wire Transfer
TXN02363,CUST0291,533.96,2025-10-15,One-time Add-on,Pending,Wire Transfer
TXN02364,CUST0291,556.6,2025-01-21,Renewal,Completed,ACH
TXN02365,CUST0291,-45.76,2025-01-17,Downgrade,Completed,Invoice
TXN02366,CUST0291,100.39,2024-07-27,Upgrade,Completed,Credit Card
TXN02367,CUST0291,-60.94,2024-05-03,Downgrade,Completed,Invoice
TXN02368,CUST0291,416.22,2024-01-17,One-time Add-on,Completed,Credit Card
TXN02369,CUST0291,-187.22,2024-06-07,Refund,Pending,Credit Card
TXN02370,CUST0291,-73.12,2025-05-11,Downgrade,Completed,ACH
TXN02371,CUST0291,428.9,2023-12-09,One-time Add-on,Completed,ACH
TXN02372,CUST0292,1173.77,2025-06-24,Subscription,Completed,Credit Card
TXN02373,CUST0292,1194.29,2025-03-30,One-time Add-on,Completed,Credit Card
TXN02374,CUST0292,272.37,2025-04-02,Upgrade,Completed,ACH
TXN02375,CUST0292,-201.94,2025-03-05,Downgrade,Completed,ACH
TXN02376,CUST0292,1262.84,2025-06-10,Renewal,Completed,ACH
TXN02377,CUST0292,-79.38,2025-05-18,Downgrade,Completed,Credit Card
TXN02378,CUST0292,332.65,2025-06-02,Upgrade,Completed,Wire Transfer
TXN02379,CUST0293,430.01,2023-09-22,Subscription,Completed,Credit Card
TXN02380,CUST0293,-54.35,2025-11-26,Refund,Completed,Credit Card
TXN02381,CUST0293,-77.3,2023-11-12,Refund,Pending,Credit Card
TXN02382,CUST0293,409.51,2024-11-11,One-time Add-on,Completed,Credit Card
TXN02383,CUST0294,1568.12,2025-05-12,Upgrade,Completed,Wire Transfer
TXN02384,CUST0294,1020.26,2025-03-11,Upgrade,Completed,ACH
TXN02385,CUST0294,6174.26,2025-12-27,One-time Add-on,Completed,Credit Card
TXN02386,CUST0294,7040.73,2024-10-17,Renewal,Completed,Credit Card
TXN02387,CUST0294,-1042.13,2025-04-02,Downgrade,Completed,Invoice
TXN02388,CUST0294,6479.47,2024-06-11,Subscription,Completed,Wire Transfer
TXN02389,CUST0295,2910.2,2025-05-15,Upgrade,Completed,Wire Transfer
TXN02390,CUST0295,7894.24,2025-08-01,Renewal,Completed,ACH
TXN02391,CUST0295,9182.54,2025-06-02,Renewal,Completed,Wire Transfer
TXN02392,CUST0295,-248.57,2025-05-11,Refund,Completed,ACH
TXN02393,CUST0295,7796.24,2025-12-09,One-time Add-on,Completed,Credit Card
TXN02394,CUST0295,-519.07,2025-09-19,Downgrade,Completed,Invoice
TXN02395,CUST0295,8396.67,2025-09-07,One-time Add-on,Completed,Credit Card
TXN02396,CUST0296,8344.31,2022-09-26,Renewal,Completed,Credit Card
TXN02397,CUST0296,-1143.86,2022-08-25,Downgrade,Completed,Credit Card
TXN02398,CUST0296,-3718.05,2022-11-04,Refund,Failed,ACH
TXN02399,CUST0296,-1764.35,2023-03-31,Downgrade,Pending,ACH
TXN02400,CUST0296,-3870.96,2023-01-03,Refund,Completed,Credit Card
TXN02401,CUST0296,1989.47,2023-01-14,Upgrade,Completed,ACH
TXN02402,CUST0296,10823.48,2023-01-14,One-time Add-on,Completed,Wire Transfer
TXN02403,CUST0296,1651.44,2023-01-18,Upgrade,Completed,Invoice
TXN02404,CUST0296,3929.61,2022-08-29,Upgrade,Completed,Invoice
TXN02405,CUST0296,9334.83,2022-10-11,Subscription,Completed,Credit Card
TXN02406,CUST0296,11406.04,2023-02-15,Subscription,Completed,Invoice
TXN02407,CUST0296,4834.54,2022-09-12,Upgrade,Completed,Wire Transfer
TXN02408,CUST0297,-3180.48,2024-10-06,Downgrade,Completed,Wire Transfer
TXN02409,CUST0297,13810.74,2025-03-12,One-time Add-on,Completed,Credit Card
TXN02410,CUST0297,-1857.06,2024-06-23,Downgrade,Completed,Wire Transfer
TXN02411,CUST0297,13257.56,2025-01-20,One-time Add-on,Completed,Credit Card
TXN02412,CUST0298,1798.56,2025-05-28,Upgrade,Completed,ACH
TXN02413,CUST0298,3570.07,2025-08-22,Upgrade,Completed,Credit Card
TXN02414,CUST0298,8379.72,2025-09-24,Subscription,Completed,Wire Transfer
TXN02415,CUST0298,10673.62,2025-08-03,Renewal,Completed,Wire Transfer
TXN02416,CUST0298,8262.68,2025-07-11,One-time Add-on,Completed,Credit Card
TXN02417,CUST0298,-1053.93,2025-10-22,Refund,Completed,Credit Card
TXN02418,CUST0298,9922.71,2025-05-19,Subscription,Completed,Invoice
TXN02419,CUST0299,2567.95,2025-05-14,One-time Add-on,Completed,Credit Card
TXN02420,CUST0299,-224.8,2025-07-30,Downgrade,Completed,Wire Transfer
TXN02421,CUST0299,2487.51,2025-08-13,Subscription,Completed,Credit Card
TXN02422,CUST0299,2383.06,2025-06-01,One-time Add-on,Completed,Wire Transfer
TXN02423,CUST0299,2124.47,2025-11-05,Subscription,Completed,Invoice
TXN02424,CUST0300,374.19,2025-09-26,Subscription,Completed,Credit Card
TXN02425,CUST0300,392.07,2022-12-17,One-time Add-on,Completed,Credit Card
TXN02426,CUST0300,528.09,2025-11-16,Renewal,Completed,Credit Card
TXN02427,CUST0300,-118.9,2024-03-01,Refund,Completed,Invoice
TXN02428,CUST0300,-101.8,2024-04-10,Refund,Failed,Credit Card
TXN02429,CUST0300,536.4,2025-02-14,Subscription,Completed,Invoice
TXN02430,CUST0300,519.62,2024-11-09,One-time Add-on,Completed,Credit Card
TXN02431,CUST0300,158.88,2023-03-23,Upgrade,Completed,Wire Transfer
TXN02432,CUST0300,426.6,2023-05-28,One-time Add-on,Completed,Invoice
TXN02433,CUST0300,481.37,2024-09-19,Subscription,Completed,Invoice
TXN02434,CUST0300,523.87,2023-11-20,Renewal,Completed,ACH
TXN02435,CUST0300,385.89,2025-08-18,Renewal,Completed,Wire Transfer
TXN02436,CUST0301,1273.29,2024-11-21,Subscription,Pending,Wire Transfer
TXN02437,CUST0301,1543.42,2023-04-11,One-time Add-on,Pending,Credit Card
TXN02438,CUST0301,-65.11,2024-08-08,Refund,Completed,ACH
TXN02439,CUST0301,-239.12,2025-04-22,Downgrade,Failed,Credit Card
TXN02440,CUST0301,-118.22,2025-06-16,Refund,Completed,Invoice
TXN02441,CUST0301,1791.57,2022-08-24,Subscription,Completed,Credit Card
TXN02442,CUST0301,1437.05,2025-06-18,Renewal,Completed,Credit Card
TXN02443,CUST0301,-134.65,2022-09-12,Downgrade,Completed,Wire Transfer
TXN02444,CUST0301,1797.01,2023-09-27,Subscription,Completed,Wire Transfer
TXN02445,CUST0302,528.36,2024-08-09,Subscription,Completed,ACH
TXN02446,CUST0302,395.47,2025-01-21,One-time Add-on,Completed,Invoice
TXN02447,CUST0302,495.87,2024-12-28,One-time Add-on,Completed,ACH
TXN02448,CUST0302,101.34,2025-07-21,Upgrade,Failed,Credit Card
TXN02449,CUST0302,214.98,2023-12-20,Upgrade,Completed,Invoice
TXN02450,CUST0302,102.85,2023-09-13,Upgrade,Completed,ACH
TXN02451,CUST0302,414.82,2024-11-23,Subscription,Completed,Credit Card
TXN02452,CUST0302,500.16,2022-11-29,Subscription,Completed,Credit Card
TXN02453,CUST0302,444.13,2022-11-17,One-time Add-on,Completed,Credit Card
TXN02454,CUST0303,5480.7,2025-07-16,One-time Add-on,Completed,Invoice
TXN02455,CUST0303,7052.1,2025-06-30,One-time Add-on,Completed,Invoice
TXN02456,CUST0303,-1679.26,2025-12-10,Downgrade,Completed,Invoice
TXN02457,CUST0303,5766.5,2025-04-06,One-time Add-on,Completed,Wire Transfer
TXN02458,CUST0303,-1313.76,2025-12-13,Downgrade,Completed,ACH
TXN02459,CUST0303,5282.67,2025-08-08,One-time Add-on,Completed,Wire Transfer
TXN02460,CUST0303,7014.35,2025-12-08,One-time Add-on,Completed,ACH
TXN02461,CUST0303,5488.68,2025-05-28,Subscription,Completed,ACH
TXN02462,CUST0304,1158.03,2025-12-27,Renewal,Completed,Credit Card
TXN02463,CUST0304,1126.08,2025-09-23,One-time Add-on,Failed,Invoice
TXN02464,CUST0304,-219.05,2025-07-20,Downgrade,Completed,Invoice
TXN02465,CUST0304,-258.35,2025-06-18,Refund,Completed,Wire Transfer
TXN02466,CUST0304,-157.53,2025-11-01,Refund,Completed,Wire Transfer
TXN02467,CUST0304,-333.97,2025-11-29,Refund,Completed,ACH
TXN02468,CUST0304,1108.39,2025-10-22,Renewal,Completed,Credit Card
TXN02469,CUST0304,1208.49,2025-08-22,Subscription,Failed,Credit Card
TXN02470,CUST0305,49.26,2025-08-03,Upgrade,Completed,ACH
TXN02471,CUST0305,486.25,2025-06-06,One-time Add-on,Completed,ACH
TXN02472,CUST0305,-95.22,2025-08-03,Refund,Completed,Invoice
TXN02473,CUST0305,115.61,2025-04-10,Upgrade,Completed,ACH
TXN02474,CUST0305,436.77,2023-03-28,One-time Add-on,Completed,ACH
TXN02475,CUST0305,407.16,2024-03-21,One-time Add-on,Completed,Credit Card
TXN02476,CUST0306,335.91,2023-09-19,Upgrade,Completed,Wire Transfer
TXN02477,CUST0306,453.65,2025-06-29,Upgrade,Completed,Credit Card
TXN02478,CUST0306,-308.22,2023-07-24,Downgrade,Completed,Invoice
TXN02479,CUST0306,-84.99,2024-10-30,Downgrade,Completed,Invoice
TXN02480,CUST0306,1074.56,2025-06-18,Renewal,Completed,Wire Transfer
TXN02481,CUST0306,1525.23,2022-10-13,Subscription,Completed,Credit Card
TXN02482,CUST0306,1187.43,2024-03-15,Subscription,Completed,Wire Transfer
TXN02483,CUST0306,-196.71,2022-12-11,Downgrade,Completed,ACH
TXN02484,CUST0307,-396.11,2025-07-08,Downgrade,Completed,Wire Transfer
TXN02485,CUST0307,-304.05,2025-05-15,Refund,Completed,Invoice
TXN02486,CUST0307,-382.63,2025-06-12,Downgrade,Completed,Credit Card
TXN02487,CUST0307,-519.91,2025-07-17,Downgrade,Completed,Invoice
TXN02488,CUST0307,1989.77,2025-07-11,Renewal,Completed,Credit Card
TXN02489,CUST0307,-443.06,2025-07-21,Downgrade,Completed,Invoice
TXN02490,CUST0307,2285.34,2025-08-13,Subscription,Completed,Credit Card
TXN02491,CUST0307,209.02,2025-07-24,Upgrade,Pending,Wire Transfer
TXN02492,CUST0307,1684.85,2025-04-25,Renewal,Completed,Credit Card
TXN02493,CUST0307,2264.05,2025-08-14,Renewal,Completed,ACH
TXN02494,CUST0307,893.47,2025-05-12,Upgrade,Completed,Invoice
TXN02495,CUST0308,-511.88,2023-03-13,Downgrade,Completed,ACH
TXN02496,CUST0308,10120.55,2023-04-28,Subscription,Completed,Credit Card
TXN02497,CUST0308,-1064.31,2023-12-24,Downgrade,Completed,Wire Transfer
TXN02498,CUST0308,-1690.73,2023-06-30,Downgrade,Completed,Wire Transfer
TXN02499,CUST0308,8516.53,2024-11-10,Subscription,Completed,Wire Transfer
TXN02500,CUST0308,3275.97,2024-06-21,Upgrade,Completed,ACH
TXN02501,CUST0308,1157.83,2025-12-30,Upgrade,Completed,Wire Transfer
TXN02502,CUST0308,11559.75,2025-08-12,Subscription,Completed,Wire Transfer
TXN02503,CUST0308,8695.85,2024-05-07,Subscription,Completed,Wire Transfer
TXN02504,CUST0308,-1629.13,2023-04-28,Downgrade,Completed,ACH
TXN02505,CUST0308,-3854.54,2025-05-07,Refund,Completed,ACH
TXN02506,CUST0308,7830.77,2023-10-19,Subscription,Completed,Credit Card
TXN02507,CUST0309,2306.13,2025-09-09,One-time Add-on,Completed,ACH
TXN02508,CUST0309,2390.36,2025-03-25,One-time Add-on,Completed,Wire Transfer
TXN02509,CUST0309,-501.83,2025-11-23,Downgrade,Completed,Invoice
TXN02510,CUST0309,-543.73,2025-03-11,Downgrade,Completed,ACH
TXN02511,CUST0309,1775.87,2025-01-09,One-time Add-on,Completed,Wire Transfer
TXN02512,CUST0309,1907.4,2025-06-09,Subscription,Completed,Invoice
TXN02513,CUST0309,2033.3,2025-11-25,Subscription,Completed,Invoice
TXN02514,CUST0309,-948.9,2025-06-06,Refund,Completed,Invoice
TXN02515,CUST0309,1959.75,2025-11-05,Subscription,Pending,ACH
TXN02516,CUST0309,2267.44,2025-06-07,One-time Add-on,Completed,Credit Card
TXN02517,CUST0309,1938.1,2025-05-17,Subscription,Completed,ACH
TXN02518,CUST0310,-2189.89,2024-03-23,Refund,Completed,Credit Card
TXN02519,CUST0310,-5400.89,2025-03-05,Refund,Completed,Wire Transfer
TXN02520,CUST0310,-3511.32,2025-12-29,Downgrade,Completed,Invoice
TXN02521,CUST0310,-496.36,2023-10-24,Refund,Completed,ACH
TXN02522,CUST0310,10567.35,2023-05-18,One-time Add-on,Completed,Invoice
TXN02523,CUST0310,12800.1,2023-03-11,One-time Add-on,Completed,Wire Transfer
TXN02524,CUST0311,2360.57,2025-08-16,One-time Add-on,Completed,Credit Card
TXN02525,CUST0311,1924.38,2025-10-21,Renewal,Pending,Wire Transfer
TXN02526,CUST0311,2670.4,2025-10-02,Subscription,Completed,ACH
TXN02527,CUST0311,2201.5,2025-09-14,One-time Add-on,Completed,Wire Transfer
TXN02528,CUST0311,812.84,2025-08-25,Upgrade,Completed,Wire Transfer
TXN02529,CUST0311,-709.11,2025-10-08,Refund,Completed,Credit Card
TXN02530,CUST0311,2066.15,2025-09-12,Subscription,Completed,Invoice
TXN02531,CUST0312,9638.52,2025-07-12,Subscription,Completed,Invoice
TXN02532,CUST0312,-1731.87,2025-07-19,Downgrade,Completed,ACH
TXN02533,CUST0312,10027.29,2024-05-13,One-time Add-on,Completed,Credit Card
TXN02534,CUST0312,-3227.88,2024-06-21,Refund,Failed,Invoice
TXN02535,CUST0313,-76.44,2024-08-13,Downgrade,Completed,Invoice
TXN02536,CUST0313,-94.63,2024-08-26,Downgrade,Completed,ACH
TXN02537,CUST0313,424.74,2024-02-18,One-time Add-on,Completed,Credit Card
TXN02538,CUST0313,-133.04,2025-06-14,Refund,Completed,Credit Card
TXN02539,CUST0313,-79.06,2024-05-09,Refund,Completed,ACH
TXN02540,CUST0313,444.3,2024-04-08,Subscription,Pending,Wire Transfer
TXN02541,CUST0313,-59.85,2025-05-09,Downgrade,Completed,Invoice
TXN02542,CUST0313,334.71,2024-10-30,Subscription,Completed,Wire Transfer
TXN02543,CUST0313,358.66,2025-10-04,One-time Add-on,Completed,Wire Transfer
TXN02544,CUST0313,71.3,2023-12-27,Upgrade,Completed,Invoice
TXN02545,CUST0313,-40.81,2024-11-24,Downgrade,Completed,Wire Transfer
TXN02546,CUST0313,-88.48,2023-10-04,Refund,Pending,Wire Transfer
TXN02547,CUST0314,12817.35,2025-12-10,Renewal,Completed,Credit Card
TXN02548,CUST0314,-1018.5,2025-04-03,Downgrade,Completed,Wire Transfer
TXN02549,CUST0314,12348.74,2025-01-14,One-time Add-on,Completed,Invoice
TXN02550,CUST0314,2857.79,2025-01-10,Upgrade,Failed,ACH
TXN02551,CUST0314,9934.68,2025-05-05,One-time Add-on,Completed,Wire Transfer
TXN02552,CUST0314,12438.99,2025-07-09,One-time Add-on,Completed,ACH
TXN02553,CUST0314,9418.45,2025-12-25,One-time Add-on,Completed,Wire Transfer
TXN02554,CUST0314,13198.95,2025-04-16,Subscription,Completed,Wire Transfer
TXN02555,CUST0314,10394.03,2025-04-26,One-time Add-on,Completed,Invoice
TXN02556,CUST0314,-1641.58,2025-11-10,Refund,Completed,Credit Card
TXN02557,CUST0315,-3628.69,2024-11-30,Refund,Completed,Credit Card
TXN02558,CUST0315,-2314.16,2024-05-16,Downgrade,Completed,ACH
TXN02559,CUST0315,-1965.83,2025-07-09,Refund,Completed,Credit Card
TXN02560,CUST0315,2132.55,2024-04-19,Upgrade,Completed,Wire Transfer
TXN02561,CUST0315,-890.68,2024-11-17,Downgrade,Completed,ACH
TXN02562,CUST0315,12646.16,2024-05-10,Renewal,Completed,ACH
TXN02563,CUST0315,-2687.32,2025-03-26,Downgrade,Pending,Credit Card
TXN02564,CUST0316,-607.59,2024-07-27,Downgrade,Completed,Wire Transfer
TXN02565,CUST0316,-1005.53,2023-01-08,Refund,Completed,Wire Transfer
TXN02566,CUST0316,2566.68,2022-09-02,Subscription,Completed,Invoice
TXN02567,CUST0316,2725.36,2025-08-19,One-time Add-on,Completed,Invoice
TXN02568,CUST0316,2408.35,2025-04-30,Subscription,Completed,Invoice
TXN02569,CUST0316,564.85,2022-03-21,Upgrade,Completed,Wire Transfer
TXN02570,CUST0316,2671.93,2024-06-08,Renewal,Pending,Invoice
TXN02571,CUST0317,151.95,2025-05-18,Upgrade,Completed,Invoice
TXN02572,CUST0317,333.1,2025-12-05,One-time Add-on,Completed,ACH
TXN02573,CUST0317,-77.24,2025-06-28,Downgrade,Completed,Wire Transfer
TXN02574,CUST0317,-120.89,2025-10-09,Refund,Failed,Wire Transfer
TXN02575,CUST0317,341.26,2025-09-13,Renewal,Completed,Credit Card
TXN02576,CUST0317,-101.58,2025-05-31,Refund,Completed,ACH
TXN02577,CUST0317,278.63,2025-04-22,Subscription,Completed,Wire Transfer
TXN02578,CUST0317,361.08,2025-08-14,One-time Add-on,Completed,ACH
TXN02579,CUST0317,-155.71,2025-06-25,Refund,Pending,Credit Card
TXN02580,CUST0317,43.54,2025-10-02,Upgrade,Completed,Wire Transfer
TXN02581,CUST0318,364.12,2025-01-12,One-time Add-on,Completed,ACH
TXN02582,CUST0318,377.31,2025-12-10,Subscription,Completed,Invoice
TXN02583,CUST0318,432.83,2025-07-11,One-time Add-on,Completed,ACH
TXN02584,CUST0318,-205.01,2025-09-07,Refund,Completed,Invoice
TXN02585,CUST0318,-94.93,2025-11-17,Downgrade,Completed,Invoice
TXN02586,CUST0318,-51.0,2025-03-12,Refund,Completed,ACH
TXN02587,CUST0318,75.85,2025-07-02,Upgrade,Pending,ACH
TXN02588,CUST0318,-135.04,2025-03-24,Refund,Completed,ACH
TXN02589,CUST0318,351.27,2025-04-02,Subscription,Completed,Credit Card
TXN02590,CUST0318,144.4,2025-11-11,Upgrade,Completed,Credit Card
TXN02591,CUST0318,370.84,2025-02-10,One-time Add-on,Completed,ACH
TXN02592,CUST0319,1830.74,2025-11-21,One-time Add-on,Completed,ACH
TXN02593,CUST0319,-280.58,2025-12-16,Downgrade,Completed,Invoice
TXN02594,CUST0319,2155.29,2025-02-17,Renewal,Completed,Wire Transfer
TXN02595,CUST0319,-905.58,2025-04-01,Refund,Completed,Wire Transfer
TXN02596,CUST0319,1768.1,2025-07-24,Renewal,Completed,Credit Card
TXN02597,CUST0319,1946.26,2025-05-04,Renewal,Completed,Invoice
TXN02598,CUST0319,-536.82,2025-06-02,Refund,Completed,Invoice
TXN02599,CUST0320,12969.1,2024-03-03,Renewal,Failed,Invoice
TXN02600,CUST0320,11723.27,2023-08-24,Subscription,Completed,Invoice
TXN02601,CUST0320,12669.03,2023-09-15,One-time Add-on,Failed,Credit Card
TXN02602,CUST0320,10365.32,2023-11-09,Renewal,Completed,ACH
TXN02603,CUST0321,10994.86,2024-10-20,Subscription,Completed,Credit Card
TXN02604,CUST0321,10272.0,2025-03-04,Renewal,Completed,ACH
TXN02605,CUST0321,-1860.86,2025-03-26,Refund,Failed,ACH
TXN02606,CUST0321,11827.24,2025-03-21,One-time Add-on,Completed,Credit Card
TXN02607,CUST0321,-3259.57,2025-09-10,Refund,Completed,Invoice
TXN02608,CUST0321,11298.37,2024-12-08,Renewal,Completed,Credit Card
TXN02609,CUST0321,2056.05,2025-12-03,Upgrade,Completed,Invoice
TXN02610,CUST0321,11640.47,2024-08-25,Renewal,Completed,Invoice
TXN02611,CUST0321,10344.05,2024-04-30,Renewal,Completed,ACH
TXN02612,CUST0321,1997.52,2024-06-23,Upgrade,Pending,Invoice
TXN02613,CUST0322,-180.76,2025-03-25,Refund,Completed,Wire Transfer
TXN02614,CUST0322,2861.97,2024-03-22,One-time Add-on,Pending,ACH
TXN02615,CUST0322,1966.73,2024-03-14,Renewal,Completed,Credit Card
TXN02616,CUST0322,627.56,2024-03-18,Upgrade,Completed,Credit Card
TXN02617,CUST0322,2107.53,2025-05-16,Renewal,Pending,Wire Transfer
TXN02618,CUST0322,2413.66,2025-12-20,One-time Add-on,Completed,Invoice
TXN02619,CUST0322,2430.12,2025-04-16,One-time Add-on,Completed,Wire Transfer
TXN02620,CUST0322,2611.85,2025-10-02,Renewal,Completed,Wire Transfer
TXN02621,CUST0322,2286.06,2025-09-15,One-time Add-on,Completed,Invoice
TXN02622,CUST0322,2135.39,2024-01-03,Subscription,Completed,Wire Transfer
TXN02623,CUST0322,-512.4,2024-06-30,Downgrade,Completed,Wire Transfer
TXN02624,CUST0322,-161.47,2024-02-22,Downgrade,Completed,ACH
TXN02625,CUST0323,9093.52,2024-09-01,Subscription,Completed,ACH
TXN02626,CUST0323,-147.09,2025-05-20,Refund,Completed,Invoice
TXN02627,CUST0323,-3556.46,2025-03-08,Refund,Completed,Credit Card
TXN02628,CUST0323,8431.22,2024-12-16,Subscription,Failed,Credit Card
TXN02629,CUST0323,-2447.9,2024-12-30,Refund,Completed,Credit Card
TXN02630,CUST0323,-508.06,2024-10-24,Downgrade,Completed,ACH
TXN02631,CUST0323,7059.66,2024-09-24,Renewal,Completed,Invoice
TXN02632,CUST0324,-71.8,2025-05-16,Refund,Completed,Credit Card
TXN02633,CUST0324,392.87,2024-11-18,Subscription,Completed,ACH
TXN02634,CUST0324,431.61,2024-10-11,Subscription,Completed,ACH
TXN02635,CUST0324,150.33,2025-09-25,Upgrade,Pending,Invoice
TXN02636,CUST0324,482.39,2025-01-25,Renewal,Completed,ACH
TXN02637,CUST0324,135.52,2024-10-08,Upgrade,Completed,Wire Transfer
TXN02638,CUST0324,332.0,2025-01-04,One-time Add-on,Completed,Wire Transfer
TXN02639,CUST0324,346.87,2025-10-22,One-time Add-on,Completed,Wire Transfer
TXN02640,CUST0324,344.64,2024-12-19,Subscription,Completed,Invoice
TXN02641,CUST0324,352.97,2025-08-06,One-time Add-on,Completed,Credit Card
TXN02642,CUST0325,336.33,2023-08-22,Renewal,Completed,Credit Card
TXN02643,CUST0325,-144.79,2023-12-21,Refund,Failed,Wire Transfer
TXN02644,CUST0325,364.07,2025-01-07,Subscription,Completed,Credit Card
TXN02645,CUST0325,-124.65,2024-02-02,Refund,Completed,ACH
TXN02646,CUST0325,359.65,2025-09-01,Subscription,Completed,Invoice
TXN02647,CUST0325,294.76,2023-07-20,Renewal,Completed,Wire Transfer
TXN02648,CUST0325,102.29,2025-12-19,Upgrade,Completed,ACH
TXN02649,CUST0325,292.68,2024-01-28,Subscription,Completed,ACH
TXN02650,CUST0325,387.34,2023-01-11,Renewal,Pending,Invoice
TXN02651,CUST0326,409.8,2024-01-17,One-time Add-on,Completed,Invoice
TXN02652,CUST0326,410.64,2023-12-05,Subscription,Completed,Invoice
TXN02653,CUST0326,-230.21,2024-07-18,Refund,Completed,Credit Card
TXN02654,CUST0326,403.74,2024-02-12,Renewal,Completed,Credit Card
TXN02655,CUST0326,96.87,2024-01-07,Upgrade,Completed,Credit Card
TXN02656,CUST0327,5690.11,2025-01-08,Subscription,Completed,Wire Transfer
TXN02657,CUST0327,-1208.41,2025-05-11,Downgrade,Completed,Invoice
TXN02658,CUST0327,-1727.88,2025-04-03,Downgrade,Completed,Credit Card
TXN02659,CUST0327,-1249.03,2025-04-05,Downgrade,Completed,Wire Transfer
TXN02660,CUST0327,1707.69,2025-04-06,Upgrade,Completed,ACH
TXN02661,CUST0327,-1646.53,2024-12-04,Downgrade,Completed,Wire Transfer
TXN02662,CUST0327,-320.48,2025-07-07,Downgrade,Completed,Credit Card
TXN02663,CUST0328,276.4,2025-07-03,One-time Add-on,Completed,Invoice
TXN02664,CUST0328,273.5,2024-10-27,Renewal,Completed,Credit Card
TXN02665,CUST0328,315.62,2024-08-21,Renewal,Completed,Credit Card
TXN02666,CUST0328,366.21,2024-09-19,Subscription,Completed,Invoice
TXN02667,CUST0328,337.62,2023-07-27,Renewal,Completed,Credit Card
TXN02668,CUST0329,-35.31,2024-07-15,Downgrade,Completed,Invoice
TXN02669,CUST0329,446.27,2025-08-20,Subscription,Completed,ACH
TXN02670,CUST0329,589.75,2025-04-19,Subscription,Completed,Wire Transfer
TXN02671,CUST0329,586.8,2025-05-18,One-time Add-on,Completed,ACH
TXN02672,CUST0329,419.99,2025-06-28,Renewal,Completed,Credit Card
TXN02673,CUST0329,-47.39,2025-12-13,Downgrade,Completed,Wire Transfer
TXN02674,CUST0329,-112.16,2025-08-14,Downgrade,Completed,Invoice
TXN02675,CUST0329,421.24,2024-06-13,Renewal,Completed,ACH
TXN02676,CUST0329,477.28,2024-12-05,One-time Add-on,Completed,Invoice
TXN02677,CUST0330,-57.58,2023-12-25,Downgrade,Completed,Wire Transfer
TXN02678,CUST0330,365.23,2024-02-01,Subscription,Completed,Invoice
TXN02679,CUST0330,297.67,2023-09-09,Subscription,Completed,Invoice
TXN02680,CUST0330,334.27,2023-12-22,Subscription,Completed,Credit Card
TXN02681,CUST0330,296.65,2023-09-22,Subscription,Completed,Invoice
TXN02682,CUST0330,41.57,2023-10-06,Upgrade,Completed,Wire Transfer
TXN02683,CUST0330,368.02,2024-02-01,Renewal,Pending,Credit Card
TXN02684,CUST0330,-162.25,2024-01-27,Refund,Completed,Wire Transfer
TXN02685,CUST0331,449.31,2024-09-08,Renewal,Completed,Wire Transfer
TXN02686,CUST0331,379.88,2023-11-20,Subscription,Completed,Credit Card
TXN02687,CUST0331,-183.26,2024-08-03,Refund,Completed,Invoice
TXN02688,CUST0331,-88.3,2025-11-20,Downgrade,Completed,ACH
TXN02689,CUST0332,-72.75,2025-03-31,Refund,Completed,Wire Transfer
TXN02690,CUST0332,-132.5,2023-05-11,Downgrade,Pending,ACH
TXN02691,CUST0332,-58.19,2023-12-30,Downgrade,Completed,Invoice
TXN02692,CUST0332,95.33,2025-12-26,Upgrade,Completed,Wire Transfer
TXN02693,CUST0332,423.01,2025-03-26,Renewal,Completed,Wire Transfer
TXN02694,CUST0332,573.16,2025-12-21,Subscription,Completed,Credit Card
TXN02695,CUST0332,-205.59,2023-02-28,Refund,Completed,Invoice
TXN02696,CUST0332,423.67,2023-07-26,Subscription,Completed,Invoice
TXN02697,CUST0332,402.88,2025-10-25,Renewal,Completed,ACH
TXN02698,CUST0332,-201.94,2022-12-09,Refund,Completed,Credit Card
TXN02699,CUST0332,427.66,2025-11-04,Subscription,Completed,Invoice
TXN02700,CUST0333,1821.49,2025-11-26,Subscription,Completed,Credit Card
TXN02701,CUST0333,2188.8,2025-06-09,One-time Add-on,Completed,Wire Transfer
TXN02702,CUST0333,-579.97,2025-12-28,Refund,Completed,Credit Card
TXN02703,CUST0333,-597.85,2024-12-02,Downgrade,Completed,ACH
TXN02704,CUST0333,2143.03,2023-11-03,Subscription,Pending,Wire Transfer
TXN02705,CUST0333,2393.2,2024-11-07,One-time Add-on,Completed,Invoice
TXN02706,CUST0334,-1476.11,2024-09-26,Downgrade,Completed,Credit Card
TXN02707,CUST0334,1647.7,2023-10-06,Upgrade,Completed,Wire Transfer
TXN02708,CUST0334,-289.56,2025-01-06,Refund,Completed,ACH
TXN02709,CUST0334,4348.41,2024-10-03,One-time Add-on,Completed,Credit Card
TXN02710,CUST0334,5236.33,2023-12-05,Renewal,Completed,Wire Transfer
TXN02711,CUST0334,5568.98,2024-02-26,One-time Add-on,Completed,ACH
TXN02712,CUST0334,-1973.11,2024-12-27,Refund,Completed,Invoice
TXN02713,CUST0334,4727.97,2025-06-21,Subscription,Completed,ACH
TXN02714,CUST0334,2408.1,2024-01-08,Upgrade,Completed,Invoice
TXN02715,CUST0334,1412.15,2024-01-03,Upgrade,Completed,ACH
TXN02716,CUST0334,-631.0,2024-03-09,Downgrade,Pending,ACH
TXN02717,CUST0334,-1014.9,2024-08-16,Refund,Completed,Invoice
TXN02718,CUST0335,1935.05,2023-11-08,Upgrade,Pending,Invoice
TXN02719,CUST0335,-805.09,2025-04-23,Refund,Completed,Invoice
TXN02720,CUST0335,5914.65,2024-11-15,Renewal,Pending,Invoice
TXN02721,CUST0335,1528.61,2023-06-01,Upgrade,Completed,Credit Card
TXN02722,CUST0335,4680.99,2024-08-02,Subscription,Completed,Invoice
TXN02723,CUST0335,6481.84,2023-09-28,Renewal,Completed,ACH
TXN02724,CUST0335,-1134.8,2025-08-28,Refund,Completed,ACH
TXN02725,CUST0335,6452.35,2023-05-06,One-time Add-on,Failed,ACH
TXN02726,CUST0335,5218.41,2024-02-02,One-time Add-on,Completed,ACH
TXN02727,CUST0335,6262.48,2025-01-23,Subscription,Completed,Wire Transfer
TXN02728,CUST0336,2870.84,2025-06-06,Renewal,Completed,Invoice
TXN02729,CUST0336,2327.81,2025-12-20,Subscription,Completed,Credit Card
TXN02730,CUST0336,310.88,2023-03-29,Upgrade,Failed,Credit Card
TXN02731,CUST0336,874.69,2024-02-18,Upgrade,Failed,ACH
TXN02732,CUST0336,-518.46,2023-11-20,Refund,Completed,Invoice
TXN02733,CUST0336,2247.96,2025-01-09,Subscription,Failed,Credit Card
TXN02734,CUST0336,774.01,2024-03-02,Upgrade,Completed,Wire Transfer
TXN02735,CUST0336,2265.8,2022-11-11,Renewal,Pending,Wire Transfer
TXN02736,CUST0336,2171.6,2025-07-08,Renewal,Completed,Invoice
TXN02737,CUST0336,-86.3,2024-07-10,Refund,Completed,Wire Transfer
TXN02738,CUST0337,6167.75,2024-09-05,One-time Add-on,Completed,Invoice
TXN02739,CUST0337,-1570.79,2025-09-12,Refund,Pending,Credit Card
TXN02740,CUST0337,5428.52,2025-09-21,One-time Add-on,Completed,Credit Card
TXN02741,CUST0337,7546.17,2025-05-28,One-time Add-on,Completed,Invoice
TXN02742,CUST0337,5476.21,2025-04-15,One-time Add-on,Completed,Invoice
TXN02743,CUST0337,-1143.78,2025-01-07,Downgrade,Failed,ACH
TXN02744,CUST0337,2227.15,2025-10-25,Upgrade,Pending,Invoice
TXN02745,CUST0337,2031.54,2025-12-19,Upgrade,Completed,ACH
TXN02746,CUST0338,477.08,2025-12-19,One-time Add-on,Pending,Invoice
TXN02747,CUST0338,183.51,2025-10-27,Upgrade,Completed,Wire Transfer
TXN02748,CUST0338,442.06,2025-03-09,One-time Add-on,Completed,Credit Card
TXN02749,CUST0338,510.97,2024-07-17,Subscription,Completed,ACH
TXN02750,CUST0338,-201.81,2024-05-24,Refund,Failed,ACH
TXN02751,CUST0338,-58.65,2025-04-20,Refund,Completed,Invoice
TXN02752,CUST0338,-107.86,2024-06-14,Downgrade,Completed,Invoice
TXN02753,CUST0338,-62.85,2024-10-24,Downgrade,Completed,ACH
TXN02754,CUST0338,504.24,2024-07-06,One-time Add-on,Completed,Credit Card
TXN02755,CUST0338,-25.38,2025-04-18,Downgrade,Completed,Wire Transfer
TXN02756,CUST0339,507.62,2025-06-07,One-time Add-on,Completed,Credit Card
TXN02757,CUST0339,-127.99,2025-06-05,Downgrade,Completed,Wire Transfer
TXN02758,CUST0339,415.99,2025-10-18,One-time Add-on,Completed,Credit Card
TXN02759,CUST0339,-49.35,2025-06-22,Downgrade,Completed,Wire Transfer
TXN02760,CUST0339,-113.74,2025-06-16,Downgrade,Completed,Invoice
TXN02761,CUST0339,494.16,2025-06-29,One-time Add-on,Completed,Wire Transfer
TXN02762,CUST0340,8469.49,2025-08-07,Renewal,Completed,Credit Card
TXN02763,CUST0340,6828.91,2025-11-19,Renewal,Completed,Wire Transfer
TXN02764,CUST0340,-1871.43,2025-11-09,Downgrade,Completed,ACH
TXN02765,CUST0340,2894.76,2025-11-16,Upgrade,Completed,Invoice
TXN02766,CUST0340,7942.61,2025-10-04,One-time Add-on,Completed,Credit Card
TXN02767,CUST0340,-3550.74,2025-04-20,Refund,Completed,ACH
TXN02768,CUST0340,6553.74,2025-06-15,Renewal,Completed,Invoice
TXN02769,CUST0340,-1701.41,2025-11-21,Downgrade,Completed,Invoice
TXN02770,CUST0340,2628.84,2025-06-23,Upgrade,Completed,Credit Card
TXN02771,CUST0341,133.47,2024-06-30,Upgrade,Completed,Wire Transfer
TXN02772,CUST0341,109.02,2024-08-11,Upgrade,Completed,Invoice
TXN02773,CUST0341,384.15,2024-06-15,Subscription,Failed,Credit Card
TXN02774,CUST0341,-68.61,2024-06-21,Downgrade,Failed,Invoice
TXN02775,CUST0341,296.11,2024-08-10,One-time Add-on,Completed,ACH
TXN02776,CUST0342,466.94,2025-03-10,Subscription,Completed,ACH
TXN02777,CUST0342,-98.83,2025-12-16,Downgrade,Completed,Invoice
TXN02778,CUST0342,434.99,2024-02-27,Renewal,Pending,Credit Card
TXN02779,CUST0342,358.65,2024-07-07,One-time Add-on,Completed,Invoice
TXN02780,CUST0342,387.14,2024-11-26,Renewal,Completed,Invoice
TXN02781,CUST0342,392.1,2025-06-09,Subscription,Completed,ACH
TXN02782,CUST0342,190.85,2024-12-23,Upgrade,Completed,ACH
TXN02783,CUST0342,-133.14,2024-04-16,Refund,Completed,Wire Transfer
TXN02784,CUST0342,166.79,2024-08-27,Upgrade,Failed,Wire Transfer
TXN02785,CUST0343,-5315.04,2023-08-06,Refund,Completed,Wire Transfer
TXN02786,CUST0343,-2654.3,2024-04-22,Refund,Completed,ACH
TXN02787,CUST0343,9499.62,2025-11-16,Subscription,Pending,ACH
TXN02788,CUST0343,-1365.13,2025-07-04,Downgrade,Completed,Invoice
TXN02789,CUST0344,-569.16,2025-11-11,Downgrade,Completed,ACH
TXN02790,CUST0344,-338.7,2025-07-28,Refund,Completed,ACH
TXN02791,CUST0344,1679.38,2025-12-01,Renewal,Completed,Invoice
TXN02792,CUST0344,2396.41,2025-06-20,Subscription,Completed,Credit Card
TXN02793,CUST0344,2316.57,2025-12-28,Subscription,Completed,Invoice
TXN02794,CUST0345,359.81,2025-06-19,Subscription,Completed,ACH
TXN02795,CUST0345,-80.67,2025-03-10,Downgrade,Completed,ACH
TXN02796,CUST0345,-131.5,2025-04-16,Refund,Completed,Wire Transfer
TXN02797,CUST0345,371.96,2025-05-24,Renewal,Completed,Wire Transfer
TXN02798,CUST0345,456.02,2025-03-07,Subscription,Completed,Credit Card
TXN02799,CUST0345,433.25,2025-05-10,Subscription,Completed,Invoice
TXN02800,CUST0345,121.94,2025-05-09,Upgrade,Completed,Invoice
TXN02801,CUST0346,1012.15,2023-01-13,Upgrade,Pending,Wire Transfer
TXN02802,CUST0346,1360.29,2023-07-15,Upgrade,Completed,ACH
TXN02803,CUST0346,1884.21,2025-01-25,Upgrade,Completed,ACH
TXN02804,CUST0346,-1979.15,2024-08-05,Refund,Completed,Wire Transfer
TXN02805,CUST0346,-1515.43,2023-06-03,Refund,Completed,Invoice
TXN02806,CUST0346,5342.95,2024-11-19,One-time Add-on,Completed,Invoice
TXN02807,CUST0346,5178.73,2025-07-23,One-time Add-on,Failed,ACH
TXN02808,CUST0346,4137.96,2025-12-10,One-time Add-on,Failed,Wire Transfer
TXN02809,CUST0346,5427.29,2024-10-07,One-time Add-on,Completed,Credit Card
TXN02810,CUST0347,-76.49,2024-09-19,Refund,Completed,Credit Card
TXN02811,CUST0347,-240.01,2022-09-13,Refund,Completed,Invoice
TXN02812,CUST0347,440.16,2023-08-13,Renewal,Pending,ACH
TXN02813,CUST0347,-44.0,2025-07-09,Downgrade,Completed,Credit Card
TXN02814,CUST0347,579.43,2023-01-17,Subscription,Completed,Invoice
TXN02815,CUST0347,-135.86,2022-05-14,Downgrade,Completed,ACH
TXN02816,CUST0347,556.45,2023-03-02,One-time Add-on,Pending,ACH
TXN02817,CUST0347,411.69,2023-02-20,Renewal,Completed,Credit Card
TXN02818,CUST0348,2586.2,2025-07-11,Renewal,Completed,Invoice
TXN02819,CUST0348,-324.18,2025-11-07,Downgrade,Completed,Credit Card
TXN02820,CUST0348,-688.05,2025-12-01,Refund,Completed,Invoice
TXN02821,CUST0348,1800.43,2025-09-29,Subscription,Completed,Wire Transfer
TXN02822,CUST0348,567.3,2025-06-20,Upgrade,Completed,Credit Card
TXN02823,CUST0348,2049.44,2025-07-14,One-time Add-on,Completed,ACH
TXN02824,CUST0349,14161.64,2025-01-27,One-time Add-on,Completed,Wire Transfer
TXN02825,CUST0349,13577.71,2024-11-02,One-time Add-on,Completed,Wire Transfer
TXN02826,CUST0349,11906.54,2024-10-27,One-time Add-on,Completed,Credit Card
TXN02827,CUST0349,11300.85,2024-04-18,Subscription,Completed,Credit Card
TXN02828,CUST0349,-3585.23,2024-11-21,Downgrade,Completed,Wire Transfer
TXN02829,CUST0350,340.05,2025-10-14,One-time Add-on,Completed,Wire Transfer
TXN02830,CUST0350,-55.93,2023-10-05,Refund,Completed,Invoice
TXN02831,CUST0350,48.89,2024-11-20,Upgrade,Completed,Invoice
TXN02832,CUST0350,159.72,2024-09-28,Upgrade,Completed,ACH
TXN02833,CUST0350,401.31,2024-06-29,Subscription,Completed,Credit Card
TXN02834,CUST0350,402.76,2024-10-27,One-time Add-on,Pending,Wire Transfer
TXN02835,CUST0350,352.95,2025-11-13,One-time Add-on,Completed,Credit Card
TXN02836,CUST0350,394.51,2024-09-25,One-time Add-on,Completed,ACH
TXN02837,CUST0350,305.98,2024-07-12,One-time Add-on,Completed,Invoice
TXN02838,CUST0351,2454.86,2025-04-10,One-time Add-on,Completed,ACH
TXN02839,CUST0351,2551.01,2025-07-11,One-time Add-on,Pending,Credit Card
TXN02840,CUST0351,2989.83,2025-09-29,One-time Add-on,Completed,Invoice
TXN02841,CUST0351,280.15,2023-07-03,Upgrade,Completed,Invoice
TXN02842,CUST0351,702.32,2024-02-09,Upgrade,Completed,Invoice
TXN02843,CUST0351,2688.56,2025-03-18,Subscription,Completed,Credit Card
TXN02844,CUST0352,-2100.3,2022-10-18,Downgrade,Completed,Wire Transfer
TXN02845,CUST0352,-2051.88,2024-08-07,Refund,Completed,ACH
TXN02846,CUST0352,7157.23,2024-03-08,Subscription,Completed,Credit Card
TXN02847,CUST0352,3681.69,2025-04-04,Upgrade,Pending,Invoice
TXN02848,CUST0352,2363.74,2024-01-29,Upgrade,Failed,Credit Card
TXN02849,CUST0353,-49.69,2024-09-12,Downgrade,Completed,ACH
TXN02850,CUST0353,102.88,2024-09-13,Upgrade,Completed,Credit Card
TXN02851,CUST0353,432.98,2023-08-09,One-time Add-on,Completed,ACH
TXN02852,CUST0353,422.54,2024-02-14,Subscription,Completed,ACH
TXN02853,CUST0353,69.17,2024-07-22,Upgrade,Completed,Invoice
TXN02854,CUST0353,419.16,2024-04-09,One-time Add-on,Completed,Wire Transfer
TXN02855,CUST0353,-105.87,2025-05-10,Refund,Pending,Credit Card
TXN02856,CUST0353,380.11,2025-08-23,One-time Add-on,Completed,Invoice
TXN02857,CUST0353,375.63,2025-09-02,Subscription,Completed,ACH
TXN02858,CUST0353,346.89,2023-05-05,One-time Add-on,Completed,Wire Transfer
TXN02859,CUST0353,439.03,2024-09-22,Subscription,Completed,Credit Card
TXN02860,CUST0354,-215.05,2025-11-10,Downgrade,Completed,Wire Transfer
TXN02861,CUST0354,984.65,2025-03-27,Upgrade,Completed,ACH
TXN02862,CUST0354,900.17,2024-06-20,Upgrade,Completed,ACH
TXN02863,CUST0354,2394.34,2025-07-01,Renewal,Completed,Wire Transfer
TXN02864,CUST0354,1713.17,2024-02-07,Subscription,Completed,ACH
TXN02865,CUST0355,-123.88,2024-12-11,Refund,Completed,Invoice
TXN02866,CUST0355,-121.71,2024-05-31,Downgrade,Completed,Wire Transfer
TXN02867,CUST0355,-28.35,2024-03-24,Downgrade,Completed,Credit Card
TXN02868,CUST0355,439.12,2024-06-19,Subscription,Failed,ACH
TXN02869,CUST0355,508.5,2025-07-05,Subscription,Completed,Wire Transfer
TXN02870,CUST0355,-29.94,2024-09-24,Downgrade,Pending,Wire Transfer
TXN02871,CUST0356,2313.17,2025-01-24,Subscription,Completed,Credit Card
TXN02872,CUST0356,-138.83,2023-12-03,Downgrade,Completed,Wire Transfer
TXN02873,CUST0356,1643.85,2025-09-26,Subscription,Completed,Credit Card
TXN02874,CUST0356,2283.97,2025-03-30,One-time Add-on,Completed,Wire Transfer
TXN02875,CUST0356,391.16,2025-10-15,Upgrade,Completed,Invoice
TXN02876,CUST0356,2095.46,2024-12-27,One-time Add-on,Completed,Invoice
TXN02877,CUST0356,2128.14,2024-10-17,Renewal,Completed,Invoice
TXN02878,CUST0357,-65.64,2025-05-08,Refund,Completed,ACH
TXN02879,CUST0357,510.46,2025-05-12,Renewal,Completed,Credit Card
TXN02880,CUST0357,-187.28,2025-04-25,Refund,Completed,Wire Transfer
TXN02881,CUST0357,428.02,2025-04-14,Renewal,Completed,Invoice
TXN02882,CUST0357,-82.51,2025-04-26,Refund,Completed,Wire Transfer
TXN02883,CUST0358,-44.39,2025-08-09,Downgrade,Completed,ACH
TXN02884,CUST0358,377.03,2025-07-17,Renewal,Completed,Wire Transfer
TXN02885,CUST0358,427.59,2025-10-25,Subscription,Completed,ACH
TXN02886,CUST0358,183.94,2025-04-20,Upgrade,Completed,Wire Transfer
TXN02887,CUST0358,163.57,2025-02-03,Upgrade,Completed,Wire Transfer
TXN02888,CUST0358,395.64,2025-09-25,Renewal,Completed,Credit Card
TXN02889,CUST0358,-109.71,2025-11-05,Downgrade,Completed,Invoice
TXN02890,CUST0359,9878.52,2022-11-08,One-time Add-on,Completed,Invoice
TXN02891,CUST0359,10847.13,2022-06-13,Renewal,Completed,Credit Card
TXN02892,CUST0359,10746.77,2023-01-22,Subscription,Completed,Wire Transfer
TXN02893,CUST0359,10546.04,2022-05-17,Subscription,Completed,Credit Card
TXN02894,CUST0359,8889.44,2023-02-28,One-time Add-on,Completed,Credit Card
TXN02895,CUST0359,-2587.75,2022-05-14,Downgrade,Pending,Credit Card
TXN02896,CUST0359,-150.01,2023-01-25,Refund,Completed,Wire Transfer
TXN02897,CUST0359,-2331.51,2023-03-19,Downgrade,Completed,ACH
TXN02898,CUST0359,-174.6,2022-06-18,Refund,Completed,Wire Transfer
TXN02899,CUST0360,2804.06,2023-06-02,Upgrade,Completed,ACH
TXN02900,CUST0360,7882.95,2022-12-23,Subscription,Completed,Wire Transfer
TXN02901,CUST0360,6968.06,2024-01-28,One-time Add-on,Failed,Credit Card
TXN02902,CUST0360,-1772.7,2023-03-13,Downgrade,Completed,Credit Card
TXN02903,CUST0360,1067.06,2023-02-01,Upgrade,Completed,ACH
TXN02904,CUST0360,-2551.78,2023-06-18,Refund,Completed,Invoice
TXN02905,CUST0360,6916.15,2023-11-12,One-time Add-on,Completed,Credit Card
TXN02906,CUST0361,-88.48,2022-10-26,Downgrade,Completed,Invoice
TXN02907,CUST0361,320.88,2022-12-29,One-time Add-on,Completed,Wire Transfer
TXN02908,CUST0361,456.14,2023-01-04,Subscription,Completed,Credit Card
TXN02909,CUST0361,466.96,2022-10-20,Subscription,Completed,ACH
TXN02910,CUST0361,-51.78,2022-11-21,Refund,Completed,Credit Card
TXN02911,CUST0361,93.66,2022-10-14,Upgrade,Pending,ACH
TXN02912,CUST0361,392.42,2022-12-07,Subscription,Completed,Wire Transfer
TXN02913,CUST0361,398.1,2022-10-22,Subscription,Completed,Credit Card
TXN02914,CUST0361,-99.08,2022-11-11,Refund,Completed,ACH
TXN02915,CUST0361,93.33,2022-12-22,Upgrade,Completed,Wire Transfer
TXN02916,CUST0361,366.43,2023-01-09,One-time Add-on,Completed,Invoice
TXN02917,CUST0362,5461.61,2025-05-02,Subscription,Completed,Credit Card
TXN02918,CUST0362,-1093.42,2025-04-24,Downgrade,Pending,Credit Card
TXN02919,CUST0362,5414.65,2025-05-22,One-time Add-on,Completed,Wire Transfer
TXN02920,CUST0362,-2544.39,2025-05-07,Refund,Failed,Wire Transfer
TXN02921,CUST0362,-2528.58,2025-06-18,Refund,Completed,ACH
TXN02922,CUST0363,9226.37,2023-02-25,One-time Add-on,Failed,ACH
TXN02923,CUST0363,8179.4,2022-10-01,Subscription,Completed,ACH
TXN02924,CUST0363,882.16,2023-03-11,Upgrade,Completed,Wire Transfer
TXN02925,CUST0363,8523.31,2022-09-26,Subscription,Failed,Wire Transfer
TXN02926,CUST0363,9909.93,2023-01-29,Renewal,Completed,Credit Card
TXN02927,CUST0363,7708.12,2023-05-14,One-time Add-on,Completed,ACH
TXN02928,CUST0363,9238.56,2023-08-25,One-time Add-on,Completed,ACH
TXN02929,CUST0363,3780.99,2023-02-25,Upgrade,Completed,Credit Card
TXN02930,CUST0364,-2119.16,2025-10-09,Downgrade,Completed,ACH
TXN02931,CUST0364,-3129.76,2022-03-13,Refund,Completed,Invoice
TXN02932,CUST0364,1608.87,2025-01-10,Upgrade,Completed,Credit Card
TXN02933,CUST0364,-1208.72,2022-08-30,Downgrade,Completed,ACH
TXN02934,CUST0365,-92.48,2025-04-16,Refund,Failed,Invoice
TXN02935,CUST0365,362.0,2025-06-09,One-time Add-on,Failed,Invoice
TXN02936,CUST0365,405.08,2025-05-29,One-time Add-on,Completed,Invoice
TXN02937,CUST0365,339.17,2025-05-17,Renewal,Completed,ACH
TXN02938,CUST0366,2599.48,2025-02-26,Renewal,Pending,ACH
TXN02939,CUST0366,561.02,2025-01-03,Upgrade,Completed,Wire Transfer
TXN02940,CUST0366,-633.02,2025-01-04,Downgrade,Completed,ACH
TXN02941,CUST0366,-182.68,2024-09-08,Downgrade,Completed,ACH
TXN02942,CUST0366,-885.84,2024-11-04,Refund,Completed,ACH
TXN02943,CUST0366,-1114.27,2024-12-27,Refund,Completed,ACH
TXN02944,CUST0366,1075.07,2024-09-25,Upgrade,Completed,Credit Card
TXN02945,CUST0366,2704.04,2025-01-19,One-time Add-on,Completed,Wire Transfer
TXN02946,CUST0366,2261.59,2025-01-30,Subscription,Completed,Invoice
TXN02947,CUST0366,2203.69,2024-11-01,One-time Add-on,Completed,Credit Card
TXN02948,CUST0367,-2826.99,2025-09-29,Refund,Failed,ACH
TXN02949,CUST0367,-614.06,2025-12-07,Refund,Completed,Credit Card
TXN02950,CUST0367,13285.83,2025-12-09,Subscription,Completed,ACH
TXN02951,CUST0367,13359.14,2025-08-14,One-time Add-on,Completed,ACH
TXN02952,CUST0367,14390.46,2025-01-15,One-time Add-on,Completed,ACH
TXN02953,CUST0367,11977.64,2025-08-29,One-time Add-on,Completed,Wire Transfer
TXN02954,CUST0367,5391.95,2025-05-30,Upgrade,Completed,ACH
TXN02955,CUST0367,-4564.99,2025-03-08,Refund,Completed,Credit Card
TXN02956,CUST0367,10693.5,2025-03-12,One-time Add-on,Completed,ACH
TXN02957,CUST0368,-718.98,2025-05-12,Refund,Completed,Credit Card
TXN02958,CUST0368,446.8,2025-07-24,Upgrade,Completed,ACH
TXN02959,CUST0368,-658.65,2025-05-10,Refund,Completed,Credit Card
TXN02960,CUST0368,501.34,2025-10-05,Upgrade,Completed,Credit Card
TXN02961,CUST0368,-493.83,2025-05-07,Refund,Completed,Credit Card
TXN02962,CUST0368,1379.91,2025-06-18,Subscription,Completed,ACH
TXN02963,CUST0368,1291.18,2025-06-24,Renewal,Completed,Wire Transfer
TXN02964,CUST0369,1798.37,2022-09-29,Renewal,Completed,ACH
TXN02965,CUST0369,1832.47,2024-12-26,Subscription,Pending,Invoice
TXN02966,CUST0369,-188.07,2023-08-03,Downgrade,Completed,Credit Card
TXN02967,CUST0369,-761.63,2024-02-05,Refund,Completed,Invoice
TXN02968,CUST0369,-263.29,2024-09-22,Downgrade,Pending,Credit Card
TXN02969,CUST0369,1685.68,2025-08-04,One-time Add-on,Completed,Credit Card
TXN02970,CUST0370,308.27,2025-01-10,Subscription,Pending,Credit Card
TXN02971,CUST0370,80.16,2024-08-31,Upgrade,Completed,ACH
TXN02972,CUST0370,-154.67,2024-12-25,Refund,Completed,Credit Card
TXN02973,CUST0370,362.69,2024-02-02,Renewal,Completed,Wire Transfer
TXN02974,CUST0370,304.62,2023-07-16,One-time Add-on,Completed,Credit Card
TXN02975,CUST0370,375.04,2025-08-06,Renewal,Completed,Credit Card
TXN02976,CUST0371,630.1,2023-02-17,Upgrade,Pending,Invoice
TXN02977,CUST0371,-692.95,2024-01-28,Downgrade,Completed,Credit Card
TXN02978,CUST0371,2594.36,2024-01-18,Renewal,Pending,Credit Card
TXN02979,CUST0371,2694.04,2024-07-28,One-time Add-on,Completed,Credit Card
TXN02980,CUST0371,2197.12,2023-10-28,One-time Add-on,Completed,Wire Transfer
TXN02981,CUST0371,-91.64,2023-10-25,Refund,Failed,Invoice
TXN02982,CUST0371,-402.37,2023-07-11,Refund,Completed,ACH
TXN02983,CUST0371,-326.52,2024-07-25,Downgrade,Completed,Invoice
TXN02984,CUST0371,-234.04,2023-06-11,Downgrade,Completed,Invoice
TXN02985,CUST0371,-649.73,2023-05-08,Downgrade,Completed,Wire Transfer
TXN02986,CUST0371,448.12,2023-05-21,Upgrade,Completed,ACH
TXN02987,CUST0371,-688.53,2023-12-08,Refund,Completed,ACH
TXN02988,CUST0372,6470.18,2025-12-10,One-time Add-on,Pending,Invoice
TXN02989,CUST0372,-1929.48,2023-08-09,Refund,Completed,ACH
TXN02990,CUST0372,-305.42,2024-10-19,Refund,Completed,Invoice
TXN02991,CUST0372,5402.01,2024-07-13,Renewal,Completed,ACH
TXN02992,CUST0372,-2964.38,2023-10-22,Refund,Failed,Invoice
TXN02993,CUST0373,-77.53,2024-05-13,Refund,Completed,ACH
TXN02994,CUST0373,506.53,2023-09-10,Upgrade,Pending,Credit Card
TXN02995,CUST0373,878.0,2023-09-01,Subscription,Completed,Invoice
TXN02996,CUST0373,1002.67,2024-08-03,Subscription,Completed,Wire Transfer
TXN02997,CUST0373,-236.6,2024-12-07,Refund,Completed,Wire Transfer
TXN02998,CUST0373,441.84,2025-02-11,Upgrade,Completed,Wire Transfer
TXN02999,CUST0374,224.08,2024-06-20,Upgrade,Completed,Invoice
TXN03000,CUST0374,-67.51,2024-09-01,Downgrade,Completed,Invoice
TXN03001,CUST0374,-47.02,2024-02-02,Downgrade,Completed,Credit Card
TXN03002,CUST0374,98.6,2024-05-28,Upgrade,Completed,Credit Card
TXN03003,CUST0374,216.39,2025-07-07,Upgrade,Pending,Wire Transfer
TXN03004,CUST0374,518.24,2025-05-02,Subscription,Completed,Invoice
TXN03005,CUST0374,427.72,2025-07-31,Renewal,Pending,Invoice
TXN03006,CUST0374,201.47,2025-01-08,Upgrade,Completed,ACH
TXN03007,CUST0374,-123.14,2023-12-12,Downgrade,Completed,ACH
TXN03008,CUST0375,1836.27,2023-06-18,Upgrade,Completed,Wire Transfer
TXN03009,CUST0375,-5074.14,2023-02-02,Refund,Completed,ACH
TXN03010,CUST0375,12512.68,2024-03-08,Renewal,Completed,Wire Transfer
TXN03011,CUST0375,1971.98,2024-07-27,Upgrade,Completed,Invoice
TXN03012,CUST0375,-1116.87,2025-12-21,Downgrade,Completed,ACH
TXN03013,CUST0375,-4810.77,2023-05-19,Refund,Completed,Credit Card
TXN03014,CUST0375,12006.35,2025-07-29,One-time Add-on,Pending,ACH
TXN03015,CUST0375,10076.49,2023-06-21,Subscription,Completed,Credit Card
TXN03016,CUST0375,2418.06,2025-12-01,Upgrade,Completed,Wire Transfer
TXN03017,CUST0376,6498.35,2024-11-27,One-time Add-on,Completed,Invoice
TXN03018,CUST0376,5800.8,2023-10-30,Subscription,Completed,ACH
TXN03019,CUST0376,-122.24,2025-07-05,Refund,Completed,Wire Transfer
TXN03020,CUST0376,5162.8,2025-10-09,Renewal,Completed,Invoice
TXN03021,CUST0376,5644.6,2024-01-24,One-time Add-on,Completed,Invoice
TXN03022,CUST0376,5733.0,2024-03-21,Renewal,Completed,Credit Card
TXN03023,CUST0377,495.7,2025-08-25,Renewal,Pending,Credit Card
TXN03024,CUST0377,101.39,2025-03-08,Upgrade,Completed,Credit Card
TXN03025,CUST0377,514.57,2025-03-14,Subscription,Completed,ACH
TXN03026,CUST0377,406.82,2025-04-30,Subscription,Completed,ACH
TXN03027,CUST0378,2187.53,2023-09-23,Subscription,Completed,Credit Card
TXN03028,CUST0378,-382.77,2023-09-09,Downgrade,Completed,Credit Card
TXN03029,CUST0378,2443.07,2023-09-27,Renewal,Completed,ACH
TXN03030,CUST0378,1970.52,2023-09-20,One-time Add-on,Completed,Invoice
TXN03031,CUST0378,-76.79,2023-09-07,Refund,Completed,Invoice
TXN03032,CUST0379,456.25,2025-09-02,Renewal,Failed,Wire Transfer
TXN03033,CUST0379,-84.06,2025-11-21,Refund,Completed,ACH
TXN03034,CUST0379,-160.74,2025-07-14,Refund,Completed,ACH
TXN03035,CUST0379,367.48,2025-12-02,One-time Add-on,Completed,ACH
TXN03036,CUST0379,102.96,2025-06-06,Upgrade,Completed,ACH
TXN03037,CUST0379,79.79,2025-12-23,Upgrade,Completed,Invoice
TXN03038,CUST0379,394.31,2025-06-28,One-time Add-on,Completed,Invoice
TXN03039,CUST0380,2943.47,2023-03-20,One-time Add-on,Completed,ACH
TXN03040,CUST0380,2470.43,2025-02-13,One-time Add-on,Pending,ACH
TXN03041,CUST0380,-147.47,2024-01-23,Downgrade,Completed,Credit Card
TXN03042,CUST0380,-185.3,2023-10-25,Downgrade,Completed,ACH
TXN03043,CUST0380,-156.34,2023-12-19,Refund,Completed,Invoice
TXN03044,CUST0381,540.83,2025-05-16,Upgrade,Completed,Wire Transfer
TXN03045,CUST0381,200.19,2024-11-10,Upgrade,Completed,ACH
TXN03046,CUST0381,1551.17,2023-03-27,Renewal,Pending,Credit Card
TXN03047,CUST0381,1447.18,2025-12-08,Subscription,Completed,ACH
TXN03048,CUST0381,1571.19,2024-04-26,One-time Add-on,Completed,ACH
TXN03049,CUST0381,1144.68,2025-12-01,Renewal,Pending,Invoice
TXN03050,CUST0381,-125.78,2022-09-13,Downgrade,Pending,Wire Transfer
TXN03051,CUST0381,476.07,2023-07-25,Upgrade,Pending,ACH
TXN03052,CUST0382,1985.56,2024-10-22,Subscription,Completed,Credit Card
TXN03053,CUST0382,-384.09,2024-11-19,Downgrade,Completed,Credit Card
TXN03054,CUST0382,1728.58,2024-10-13,Subscription,Completed,Wire Transfer
TXN03055,CUST0382,-510.19,2024-06-18,Refund,Completed,Credit Card
TXN03056,CUST0382,-162.78,2024-09-27,Downgrade,Completed,Wire Transfer
TXN03057,CUST0382,-186.57,2025-12-25,Downgrade,Completed,Invoice
TXN03058,CUST0382,442.39,2025-12-18,Upgrade,Completed,Wire Transfer
TXN03059,CUST0382,1642.32,2025-06-16,Subscription,Completed,Credit Card
TXN03060,CUST0382,-590.49,2024-08-11,Refund,Completed,Invoice
TXN03061,CUST0382,1444.79,2024-11-15,Subscription,Completed,Wire Transfer
TXN03062,CUST0382,-204.99,2025-01-17,Downgrade,Completed,Credit Card
TXN03063,CUST0383,11467.42,2023-06-21,Renewal,Completed,Invoice
TXN03064,CUST0383,9118.4,2023-05-22,Renewal,Completed,ACH
TXN03065,CUST0383,1853.28,2023-04-09,Upgrade,Failed,Credit Card
TXN03066,CUST0383,12688.74,2023-04-16,One-time Add-on,Completed,ACH
TXN03067,CUST0383,-542.36,2023-07-09,Refund,Completed,ACH
TXN03068,CUST0383,12179.84,2023-06-19,Renewal,Completed,Invoice
TXN03069,CUST0383,11359.41,2023-06-05,One-time Add-on,Completed,Credit Card
TXN03070,CUST0383,10952.38,2023-06-18,One-time Add-on,Completed,Invoice
TXN03071,CUST0383,-1193.15,2023-06-08,Downgrade,Completed,ACH
TXN03072,CUST0383,-2356.93,2023-04-23,Downgrade,Completed,Credit Card
TXN03073,CUST0384,-382.85,2024-03-22,Refund,Completed,Invoice
TXN03074,CUST0384,1214.21,2024-05-01,One-time Add-on,Completed,ACH
TXN03075,CUST0384,-379.9,2024-04-28,Refund,Pending,Wire Transfer
TXN03076,CUST0384,1305.64,2024-03-04,Subscription,Completed,Invoice
TXN03077,CUST0384,219.92,2024-03-21,Upgrade,Pending,Wire Transfer
TXN03078,CUST0384,1065.88,2024-03-02,Renewal,Completed,Credit Card
TXN03079,CUST0384,1179.9,2024-04-23,Subscription,Completed,Wire Transfer
TXN03080,CUST0384,-148.08,2024-04-10,Downgrade,Completed,Invoice
TXN03081,CUST0384,366.18,2024-05-20,Upgrade,Completed,Credit Card
TXN03082,CUST0384,-366.27,2024-02-25,Downgrade,Completed,Wire Transfer
TXN03083,CUST0384,1337.13,2024-03-18,One-time Add-on,Completed,Invoice
TXN03084,CUST0385,-2407.97,2025-05-20,Downgrade,Pending,Credit Card
TXN03085,CUST0385,11589.34,2024-07-11,Renewal,Completed,Credit Card
TXN03086,CUST0385,1374.92,2023-08-13,Upgrade,Completed,Wire Transfer
TXN03087,CUST0385,-1378.49,2023-12-09,Refund,Completed,Invoice
TXN03088,CUST0385,11788.36,2023-09-13,One-time Add-on,Completed,Invoice
TXN03089,CUST0385,10249.78,2024-08-24,Subscription,Completed,Wire Transfer
TXN03090,CUST0385,13096.7,2022-12-11,One-time Add-on,Completed,ACH
TXN03091,CUST0385,-2284.08,2022-06-14,Refund,Completed,Credit Card
TXN03092,CUST0386,54.86,2025-08-15,Upgrade,Completed,Invoice
TXN03093,CUST0386,-78.98,2025-09-07,Refund,Completed,Credit Card
TXN03094,CUST0386,348.86,2025-07-18,One-time Add-on,Completed,Wire Transfer
TXN03095,CUST0386,-52.24,2025-12-18,Downgrade,Completed,Invoice
TXN03096,CUST0386,186.22,2025-06-14,Upgrade,Completed,Wire Transfer
TXN03097,CUST0386,146.1,2025-06-01,Upgrade,Completed,Wire Transfer
TXN03098,CUST0387,372.65,2025-04-24,One-time Add-on,Completed,ACH
TXN03099,CUST0387,105.42,2024-12-04,Upgrade,Completed,Wire Transfer
TXN03100,CUST0387,34.0,2025-05-08,Upgrade,Completed,ACH
TXN03101,CUST0387,260.62,2024-08-11,Renewal,Completed,Invoice
TXN03102,CUST0387,346.56,2024-07-24,One-time Add-on,Completed,ACH
TXN03103,CUST0388,10330.27,2024-10-21,One-time Add-on,Pending,Credit Card
TXN03104,CUST0388,8414.22,2024-09-25,Renewal,Completed,Invoice
TXN03105,CUST0388,10764.8,2024-09-18,Subscription,Completed,Invoice
TXN03106,CUST0388,-1317.02,2024-09-12,Downgrade,Pending,Wire Transfer
TXN03107,CUST0388,3521.09,2024-09-22,Upgrade,Completed,Wire Transfer
TXN03108,CUST0388,-2500.81,2024-10-01,Downgrade,Completed,ACH
TXN03109,CUST0388,8040.43,2024-09-12,Renewal,Completed,Invoice
TXN03110,CUST0388,-2822.17,2024-09-29,Downgrade,Completed,ACH
TXN03111,CUST0388,11291.54,2024-10-16,Subscription,Completed,Wire Transfer
TXN03112,CUST0388,11114.84,2024-09-16,Renewal,Completed,Invoice
TXN03113,CUST0388,-2660.73,2024-10-01,Downgrade,Completed,Invoice
TXN03114,CUST0388,3329.31,2024-09-22,Upgrade,Completed,Invoice
TXN03115,CUST0389,-662.89,2025-04-14,Downgrade,Completed,ACH
TXN03116,CUST0389,865.84,2023-12-03,Upgrade,Completed,ACH
TXN03117,CUST0389,-404.2,2024-06-15,Refund,Completed,Credit Card
TXN03118,CUST0389,2658.29,2023-12-07,Renewal,Completed,Credit Card
TXN03119,CUST0390,2039.12,2024-03-04,Renewal,Completed,ACH
TXN03120,CUST0390,2043.23,2024-01-31,Renewal,Completed,ACH
TXN03121,CUST0390,-237.33,2024-02-29,Downgrade,Completed,Wire Transfer
TXN03122,CUST0390,-551.98,2024-02-25,Refund,Completed,Invoice
TXN03123,CUST0390,1892.2,2024-04-05,Subscription,Completed,Wire Transfer
TXN03124,CUST0390,2662.69,2024-02-14,One-time Add-on,Completed,Credit Card
TXN03125,CUST0390,-149.86,2024-02-15,Refund,Completed,Invoice
TXN03126,CUST0391,460.04,2025-04-06,Subscription,Completed,Credit Card
TXN03127,CUST0391,530.13,2025-04-08,Renewal,Completed,ACH
TXN03128,CUST0391,223.37,2025-05-08,Upgrade,Completed,Wire Transfer
TXN03129,CUST0391,-62.77,2025-04-24,Downgrade,Completed,Wire Transfer
TXN03130,CUST0391,410.64,2025-03-21,Renewal,Completed,ACH
TXN03131,CUST0391,374.87,2025-05-19,Renewal,Completed,Wire Transfer
TXN03132,CUST0391,558.12,2025-04-21,One-time Add-on,Completed,Credit Card
TXN03133,CUST0391,414.08,2025-03-30,Subscription,Completed,Invoice
TXN03134,CUST0391,510.09,2025-04-26,Subscription,Completed,Invoice
TXN03135,CUST0391,220.68,2025-04-28,Upgrade,Completed,Invoice
TXN03136,CUST0391,-94.41,2025-03-19,Downgrade,Completed,Wire Transfer
TXN03137,CUST0392,4999.62,2024-04-30,Renewal,Completed,Credit Card
TXN03138,CUST0392,6387.23,2024-05-22,Renewal,Completed,Wire Transfer
TXN03139,CUST0392,4905.24,2025-07-15,Renewal,Completed,ACH
TXN03140,CUST0392,5575.06,2024-04-19,Renewal,Completed,Credit Card
TXN03141,CUST0392,-1258.82,2024-06-04,Downgrade,Pending,ACH
TXN03142,CUST0392,6323.24,2024-12-27,Subscription,Completed,Invoice
TXN03143,CUST0392,-2428.57,2024-11-23,Refund,Completed,Credit Card
TXN03144,CUST0393,169.5,2025-03-21,Upgrade,Completed,ACH
TXN03145,CUST0393,376.32,2023-12-03,Subscription,Completed,ACH
TXN03146,CUST0393,-34.9,2025-06-14,Downgrade,Completed,ACH
TXN03147,CUST0393,452.95,2024-05-06,One-time Add-on,Completed,ACH
TXN03148,CUST0393,321.72,2024-03-20,One-time Add-on,Pending,Wire Transfer
TXN03149,CUST0393,-94.45,2024-08-08,Downgrade,Completed,Wire Transfer
TXN03150,CUST0393,-158.8,2025-04-14,Refund,Pending,Invoice
TXN03151,CUST0393,-77.6,2023-11-03,Refund,Completed,Credit Card
TXN03152,CUST0393,335.9,2023-06-27,Subscription,Completed,Credit Card
TXN03153,CUST0393,387.61,2023-02-10,One-time Add-on,Completed,ACH
TXN03154,CUST0393,-131.33,2024-05-20,Refund,Completed,Credit Card
TXN03155,CUST0394,369.96,2024-11-01,Subscription,Completed,Credit Card
TXN03156,CUST0394,335.76,2024-12-16,Renewal,Completed,Wire Transfer
TXN03157,CUST0394,55.33,2025-01-01,Upgrade,Completed,Credit Card
TXN03158,CUST0394,280.76,2024-11-11,Subscription,Completed,Invoice
TXN03159,CUST0394,-78.39,2024-10-15,Refund,Completed,Invoice
TXN03160,CUST0395,1054.34,2024-07-21,Subscription,Completed,ACH
TXN03161,CUST0395,-105.0,2024-07-08,Downgrade,Completed,Wire Transfer
TXN03162,CUST0395,-244.42,2024-11-08,Refund,Pending,ACH
TXN03163,CUST0395,-324.25,2024-06-10,Refund,Completed,Wire Transfer
TXN03164,CUST0395,309.43,2024-08-24,Upgrade,Pending,Credit Card
TXN03165,CUST0395,1268.68,2024-08-27,One-time Add-on,Completed,Wire Transfer
TXN03166,CUST0396,-20.79,2024-12-26,Downgrade,Completed,Wire Transfer
TXN03167,CUST0396,-102.22,2025-12-12,Refund,Completed,Wire Transfer
TXN03168,CUST0396,416.71,2024-06-05,One-time Add-on,Completed,Invoice
TXN03169,CUST0396,131.65,2025-08-14,Upgrade,Pending,Invoice
TXN03170,CUST0397,-1083.83,2025-10-26,Refund,Pending,Wire Transfer
TXN03171,CUST0397,9057.02,2025-07-06,Renewal,Completed,Invoice
TXN03172,CUST0397,4172.25,2025-08-05,Upgrade,Completed,Wire Transfer
TXN03173,CUST0397,8056.8,2025-09-22,Renewal,Completed,Invoice
TXN03174,CUST0397,8321.07,2025-06-02,One-time Add-on,Completed,ACH
TXN03175,CUST0397,-1872.93,2024-12-20,Refund,Completed,ACH
TXN03176,CUST0397,9128.23,2025-02-21,One-time Add-on,Completed,Invoice
TXN03177,CUST0397,8592.3,2025-03-27,Subscription,Completed,Invoice
TXN03178,CUST0397,-1109.07,2025-04-04,Downgrade,Completed,ACH
TXN03179,CUST0397,-929.36,2025-11-01,Downgrade,Completed,Wire Transfer
TXN03180,CUST0398,-59.36,2022-10-21,Downgrade,Completed,Wire Transfer
TXN03181,CUST0398,435.62,2025-06-13,Subscription,Completed,Credit Card
TXN03182,CUST0398,448.39,2023-08-28,Renewal,Completed,Credit Card
TXN03183,CUST0398,135.63,2022-10-23,Upgrade,Completed,ACH
TXN03184,CUST0398,464.04,2023-06-12,Subscription,Completed,ACH
TXN03185,CUST0398,457.98,2023-02-04,Renewal,Completed,Wire Transfer
TXN03186,CUST0399,-400.36,2025-05-13,Refund,Completed,Invoice
TXN03187,CUST0399,-364.43,2025-12-20,Downgrade,Failed,Wire Transfer
TXN03188,CUST0399,2190.06,2025-03-21,Subscription,Completed,Wire Transfer
TXN03189,CUST0399,2010.69,2025-07-29,One-time Add-on,Completed,Wire Transfer
TXN03190,CUST0399,-50.9,2025-05-24,Refund,Completed,ACH
TXN03191,CUST0399,-318.1,2025-11-29,Downgrade,Completed,ACH
TXN03192,CUST0399,1844.31,2025-08-24,One-time Add-on,Completed,Invoice
TXN03193,CUST0399,947.58,2025-10-08,Upgrade,Completed,Wire Transfer
TXN03194,CUST0399,1929.94,2025-05-16,One-time Add-on,Completed,Wire Transfer
TXN03195,CUST0399,2068.76,2025-06-17,Subscription,Completed,Invoice
TXN03196,CUST0399,1644.46,2025-05-30,Renewal,Completed,Wire Transfer
TXN03197,CUST0399,1810.26,2025-04-18,Subscription,Completed,ACH
TXN03198,CUST0400,-117.54,2024-08-24,Refund,Completed,Credit Card
TXN03199,CUST0400,-100.47,2024-02-10,Downgrade,Completed,Invoice
TXN03200,CUST0400,392.39,2025-07-04,One-time Add-on,Completed,Credit Card
TXN03201,CUST0400,380.23,2025-09-07,Renewal,Completed,Credit Card
TXN03202,CUST0400,434.91,2024-01-07,Renewal,Completed,Credit Card
TXN03203,CUST0401,302.4,2025-09-05,Subscription,Completed,ACH
TXN03204,CUST0401,372.32,2025-10-17,Renewal,Completed,Invoice
TXN03205,CUST0401,293.82,2024-03-24,Subscription,Completed,Wire Transfer
TXN03206,CUST0401,332.87,2025-12-20,Renewal,Pending,ACH
TXN03207,CUST0401,-50.25,2025-03-29,Refund,Completed,ACH
TXN03208,CUST0401,318.32,2024-11-13,One-time Add-on,Completed,Credit Card
TXN03209,CUST0402,-257.47,2025-08-07,Downgrade,Completed,Invoice
TXN03210,CUST0402,1603.94,2025-07-23,Renewal,Completed,ACH
TXN03211,CUST0402,1623.68,2025-09-28,One-time Add-on,Completed,ACH
TXN03212,CUST0402,-213.1,2024-12-08,Downgrade,Completed,Wire Transfer
TXN03213,CUST0403,2459.1,2025-10-12,One-time Add-on,Completed,Invoice
TXN03214,CUST0403,-345.52,2025-02-21,Downgrade,Completed,Wire Transfer
TXN03215,CUST0403,1689.03,2025-12-25,Subscription,Completed,ACH
TXN03216,CUST0403,2356.16,2025-10-28,One-time Add-on,Completed,ACH
TXN03217,CUST0403,1816.95,2025-11-25,One-time Add-on,Completed,ACH
TXN03218,CUST0404,-106.63,2025-03-14,Downgrade,Completed,Credit Card
TXN03219,CUST0404,-59.77,2025-09-05,Downgrade,Pending,Credit Card
TXN03220,CUST0404,-78.85,2025-07-04,Downgrade,Completed,Credit Card
TXN03221,CUST0404,-178.43,2025-07-13,Refund,Completed,ACH
TXN03222,CUST0404,-209.59,2024-12-12,Refund,Completed,Credit Card
TXN03223,CUST0404,90.54,2025-11-08,Upgrade,Completed,ACH
TXN03224,CUST0404,445.01,2025-08-05,One-time Add-on,Completed,Invoice
TXN03225,CUST0404,-69.65,2025-08-23,Refund,Failed,Invoice
TXN03226,CUST0404,481.18,2025-10-01,One-time Add-on,Completed,Wire Transfer
TXN03227,CUST0405,-32.99,2025-01-08,Downgrade,Completed,ACH
TXN03228,CUST0405,-50.32,2025-01-18,Downgrade,Completed,Invoice
TXN03229,CUST0405,-84.06,2024-12-06,Downgrade,Completed,Wire Transfer
TXN03230,CUST0405,298.43,2024-12-17,Subscription,Completed,Wire Transfer
TXN03231,CUST0405,361.9,2024-12-27,One-time Add-on,Pending,ACH
TXN03232,CUST0405,66.08,2024-10-18,Upgrade,Completed,Invoice
TXN03233,CUST0405,-51.12,2024-12-30,Refund,Completed,Wire Transfer
TXN03234,CUST0405,399.37,2024-08-26,One-time Add-on,Completed,Wire Transfer
TXN03235,CUST0405,-29.89,2024-12-30,Downgrade,Completed,Invoice
TXN03236,CUST0406,-84.23,2023-07-14,Downgrade,Completed,Credit Card
TXN03237,CUST0406,444.5,2024-12-06,Subscription,Completed,Wire Transfer
TXN03238,CUST0406,-133.48,2025-04-12,Refund,Completed,Wire Transfer
TXN03239,CUST0406,56.63,2024-06-29,Upgrade,Completed,Wire Transfer
TXN03240,CUST0406,-72.04,2023-09-03,Downgrade,Completed,Invoice
TXN03241,CUST0406,-107.55,2024-10-23,Refund,Completed,Credit Card
TXN03242,CUST0406,178.69,2024-06-03,Upgrade,Completed,Wire Transfer
TXN03243,CUST0406,45.24,2024-03-02,Upgrade,Completed,Invoice
TXN03244,CUST0407,7972.88,2024-05-22,Renewal,Pending,Credit Card
TXN03245,CUST0407,-798.74,2024-02-28,Downgrade,Completed,Invoice
TXN03246,CUST0407,3021.92,2024-06-28,Upgrade,Pending,Credit Card
TXN03247,CUST0407,8546.09,2024-09-10,Renewal,Completed,Wire Transfer
TXN03248,CUST0408,376.44,2023-07-22,Renewal,Completed,ACH
TXN03249,CUST0408,-199.0,2025-09-18,Refund,Completed,Wire Transfer
TXN03250,CUST0408,480.03,2025-02-17,One-time Add-on,Completed,Invoice
TXN03251,CUST0408,-234.25,2023-12-31,Refund,Completed,Invoice
TXN03252,CUST0408,379.08,2025-09-09,Renewal,Pending,Invoice
TXN03253,CUST0408,219.25,2025-06-22,Upgrade,Completed,ACH
TXN03254,CUST0408,-113.88,2023-05-24,Refund,Completed,Invoice
TXN03255,CUST0408,543.54,2023-07-20,One-time Add-on,Completed,Wire Transfer
TXN03256,CUST0408,379.59,2025-01-26,Renewal,Failed,Wire Transfer
TXN03257,CUST0408,65.31,2024-05-07,Upgrade,Completed,ACH
TXN03258,CUST0408,-138.63,2025-07-30,Downgrade,Completed,Wire Transfer
TXN03259,CUST0408,-90.49,2024-06-22,Downgrade,Completed,Invoice
TXN03260,CUST0409,5013.61,2023-05-28,One-time Add-on,Completed,Credit Card
TXN03261,CUST0409,5335.9,2022-11-30,Subscription,Completed,Wire Transfer
TXN03262,CUST0409,4524.48,2023-06-06,Subscription,Pending,Wire Transfer
TXN03263,CUST0409,5275.93,2024-02-26,Renewal,Pending,Invoice
TXN03264,CUST0410,-2216.58,2024-04-23,Refund,Completed,Invoice
TXN03265,CUST0410,2113.2,2025-11-02,Upgrade,Pending,Invoice
TXN03266,CUST0410,10783.3,2023-12-10,Renewal,Pending,Invoice
TXN03267,CUST0410,-1072.71,2025-12-27,Downgrade,Pending,ACH
TXN03268,CUST0410,10824.33,2024-01-22,Renewal,Completed,ACH
TXN03269,CUST0410,-4140.75,2024-02-23,Refund,Completed,Credit Card
TXN03270,CUST0410,-1615.15,2024-04-07,Downgrade,Pending,Wire Transfer
TXN03271,CUST0410,4761.61,2025-01-22,Upgrade,Completed,ACH
TXN03272,CUST0410,-1675.5,2025-03-24,Downgrade,Completed,ACH
TXN03273,CUST0410,11780.26,2025-01-15,Renewal,Completed,Credit Card
TXN03274,CUST0410,2969.93,2023-12-05,Upgrade,Completed,Credit Card
TXN03275,CUST0411,322.72,2025-11-26,One-time Add-on,Completed,Invoice
TXN03276,CUST0411,-77.02,2025-02-05,Refund,Completed,Credit Card
TXN03277,CUST0411,-42.85,2025-12-04,Downgrade,Completed,ACH
TXN03278,CUST0411,-68.14,2025-10-22,Downgrade,Completed,Wire Transfer
TXN03279,CUST0411,-129.75,2025-09-02,Refund,Completed,Wire Transfer
TXN03280,CUST0411,151.03,2025-09-12,Upgrade,Completed,Wire Transfer
TXN03281,CUST0412,10864.1,2025-07-17,One-time Add-on,Completed,Wire Transfer
TXN03282,CUST0412,-4379.48,2025-07-06,Refund,Completed,Credit Card
TXN03283,CUST0412,3009.57,2025-10-07,Upgrade,Completed,Invoice
TXN03284,CUST0412,9510.03,2025-06-18,Subscription,Completed,Credit Card
TXN03285,CUST0412,3457.53,2025-09-01,Upgrade,Completed,Invoice
TXN03286,CUST0412,2937.77,2025-08-18,Upgrade,Completed,ACH
TXN03287,CUST0413,1801.19,2025-09-19,Renewal,Completed,Wire Transfer
TXN03288,CUST0413,-156.34,2023-11-13,Downgrade,Completed,Invoice
TXN03289,CUST0413,422.85,2024-02-11,Upgrade,Pending,ACH
TXN03290,CUST0413,377.37,2023-08-28,Upgrade,Completed,Credit Card
TXN03291,CUST0413,1665.76,2024-03-05,Renewal,Completed,Credit Card
TXN03292,CUST0413,2107.57,2025-10-05,Subscription,Completed,ACH
TXN03293,CUST0413,1970.07,2024-10-01,Subscription,Completed,ACH
TXN03294,CUST0413,1621.47,2025-10-30,One-time Add-on,Completed,Invoice
TXN03295,CUST0413,-194.18,2025-01-28,Downgrade,Completed,Invoice
TXN03296,CUST0414,-304.5,2024-09-04,Refund,Completed,Invoice
TXN03297,CUST0414,2168.56,2025-09-24,Upgrade,Completed,ACH
TXN03298,CUST0414,-970.63,2024-09-16,Refund,Completed,Credit Card
TXN03299,CUST0414,8444.25,2024-01-28,One-time Add-on,Completed,Invoice
TXN03300,CUST0414,-798.47,2025-09-18,Downgrade,Completed,Invoice
TXN03301,CUST0414,9006.3,2025-03-08,Subscription,Completed,Invoice
TXN03302,CUST0415,-316.7,2025-07-09,Downgrade,Completed,Wire Transfer
TXN03303,CUST0415,1807.37,2023-06-16,Renewal,Completed,Wire Transfer
TXN03304,CUST0415,-647.74,2024-04-22,Refund,Completed,Wire Transfer
TXN03305,CUST0415,1662.13,2022-06-29,One-time Add-on,Completed,Credit Card
TXN03306,CUST0415,1315.7,2022-05-28,Subscription,Completed,Wire Transfer
TXN03307,CUST0415,1655.64,2024-11-20,Renewal,Completed,ACH
TXN03308,CUST0416,12199.71,2024-06-20,Subscription,Completed,Invoice
TXN03309,CUST0416,10333.11,2025-11-14,One-time Add-on,Completed,Wire Transfer
TXN03310,CUST0416,4448.67,2025-02-07,Upgrade,Completed,Wire Transfer
TXN03311,CUST0416,-3487.69,2025-09-30,Refund,Completed,Wire Transfer
TXN03312,CUST0416,11553.55,2025-03-28,Renewal,Completed,Invoice
TXN03313,CUST0416,-4018.14,2024-12-06,Refund,Completed,ACH
TXN03314,CUST0416,-671.29,2025-06-18,Refund,Completed,ACH
TXN03315,CUST0416,11012.5,2024-05-30,Subscription,Completed,Credit Card
TXN03316,CUST0416,3513.45,2024-05-24,Upgrade,Completed,Invoice
TXN03317,CUST0417,460.19,2024-09-29,Subscription,Completed,Wire Transfer
TXN03318,CUST0417,166.84,2024-03-08,Upgrade,Completed,ACH
TXN03319,CUST0417,-94.41,2024-08-22,Downgrade,Completed,Invoice
TXN03320,CUST0417,327.58,2024-11-30,Subscription,Completed,Credit Card
TXN03321,CUST0417,393.6,2024-01-14,One-time Add-on,Completed,Credit Card
TXN03322,CUST0418,12495.99,2025-12-23,Renewal,Failed,Credit Card
TXN03323,CUST0418,3957.14,2025-02-16,Upgrade,Pending,Credit Card
TXN03324,CUST0418,-5070.75,2025-12-18,Refund,Completed,Invoice
TXN03325,CUST0418,9801.38,2025-09-02,One-time Add-on,Completed,Invoice
TXN03326,CUST0418,10571.0,2025-07-18,One-time Add-on,Completed,Wire Transfer
TXN03327,CUST0419,-452.32,2024-06-01,Refund,Completed,Invoice
TXN03328,CUST0419,-303.88,2022-09-23,Refund,Completed,Invoice
TXN03329,CUST0419,-643.54,2022-10-09,Refund,Completed,ACH
TXN03330,CUST0419,1362.79,2025-12-09,Subscription,Pending,ACH
TXN03331,CUST0419,-214.95,2025-11-16,Downgrade,Completed,Wire Transfer
TXN03332,CUST0420,514.74,2024-06-24,Renewal,Completed,Credit Card
TXN03333,CUST0420,203.43,2025-08-17,Upgrade,Completed,Credit Card
TXN03334,CUST0420,109.19,2024-04-04,Upgrade,Completed,Wire Transfer
TXN03335,CUST0420,-135.87,2024-09-25,Refund,Completed,Wire Transfer
TXN03336,CUST0420,-47.92,2025-08-17,Downgrade,Completed,ACH
TXN03337,CUST0420,419.02,2025-05-16,Subscription,Completed,Invoice
TXN03338,CUST0420,417.5,2025-09-24,Renewal,Completed,Credit Card
TXN03339,CUST0420,-112.18,2024-02-28,Refund,Completed,Invoice
TXN03340,CUST0420,166.86,2024-05-23,Upgrade,Completed,ACH
TXN03341,CUST0421,-93.76,2025-08-30,Downgrade,Completed,Invoice
TXN03342,CUST0421,346.52,2025-12-27,Renewal,Completed,Credit Card
TXN03343,CUST0421,-45.04,2025-05-02,Downgrade,Completed,Credit Card
TXN03344,CUST0421,427.95,2025-05-19,One-time Add-on,Completed,ACH
TXN03345,CUST0421,419.76,2025-10-31,Subscription,Completed,Invoice
TXN03346,CUST0422,1403.94,2025-04-16,Subscription,Completed,ACH
TXN03347,CUST0422,1424.67,2025-11-30,Subscription,Completed,Credit Card
TXN03348,CUST0422,1219.3,2025-04-21,Subscription,Completed,Invoice
TXN03349,CUST0422,-673.23,2024-10-21,Refund,Completed,Wire Transfer
TXN03350,CUST0422,175.47,2025-04-15,Upgrade,Completed,Credit Card
TXN03351,CUST0422,1599.37,2023-03-15,Renewal,Completed,ACH
TXN03352,CUST0422,1203.31,2025-09-28,Renewal,Completed,Invoice
TXN03353,CUST0422,-125.2,2024-02-29,Downgrade,Completed,Credit Card
TXN03354,CUST0422,-231.15,2024-06-20,Refund,Completed,Credit Card
TXN03355,CUST0422,1336.11,2025-12-16,One-time Add-on,Completed,ACH
TXN03356,CUST0423,504.9,2025-04-03,One-time Add-on,Completed,Invoice
TXN03357,CUST0423,-182.8,2024-05-27,Refund,Pending,Credit Card
TXN03358,CUST0423,452.26,2023-12-02,Renewal,Completed,Wire Transfer
TXN03359,CUST0423,-108.89,2025-10-19,Downgrade,Completed,Wire Transfer
TXN03360,CUST0424,-232.89,2025-11-16,Refund,Completed,Wire Transfer
TXN03361,CUST0424,-738.56,2025-06-06,Refund,Completed,Invoice
TXN03362,CUST0424,-191.31,2024-11-06,Downgrade,Completed,Invoice
TXN03363,CUST0424,1944.67,2025-10-21,One-time Add-on,Failed,Credit Card
TXN03364,CUST0424,-426.71,2025-09-26,Downgrade,Completed,Credit Card
TXN03365,CUST0425,494.71,2025-01-11,Renewal,Completed,Credit Card
TXN03366,CUST0425,-48.4,2025-01-24,Downgrade,Completed,Wire Transfer
TXN03367,CUST0425,521.76,2025-01-24,Renewal,Completed,Wire Transfer
TXN03368,CUST0425,-25.53,2025-01-22,Downgrade,Completed,ACH
TXN03369,CUST0425,384.3,2024-12-23,One-time Add-on,Pending,Wire Transfer
TXN03370,CUST0425,539.63,2025-01-04,One-time Add-on,Completed,Credit Card
TXN03371,CUST0425,406.31,2025-01-03,One-time Add-on,Completed,Wire Transfer
TXN03372,CUST0426,946.84,2022-08-02,Upgrade,Completed,ACH
TXN03373,CUST0426,6062.16,2022-11-04,One-time Add-on,Completed,Invoice
TXN03374,CUST0426,5980.15,2024-12-14,Renewal,Completed,Credit Card
TXN03375,CUST0426,8065.43,2022-06-23,Subscription,Completed,Wire Transfer
TXN03376,CUST0426,6599.13,2022-12-04,One-time Add-on,Completed,ACH
TXN03377,CUST0426,-326.59,2025-06-15,Refund,Completed,Wire Transfer
TXN03378,CUST0427,10113.53,2024-11-01,Renewal,Completed,Invoice
TXN03379,CUST0427,10038.3,2024-07-05,One-time Add-on,Completed,ACH
TXN03380,CUST0427,4101.63,2025-07-11,Upgrade,Completed,ACH
TXN03381,CUST0427,8725.7,2024-12-11,Renewal,Failed,Wire Transfer
TXN03382,CUST0427,8418.39,2024-11-01,Renewal,Completed,ACH
TXN03383,CUST0428,290.62,2022-10-22,Subscription,Completed,Credit Card
TXN03384,CUST0428,317.86,2022-09-28,Renewal,Completed,Credit Card
TXN03385,CUST0428,-35.77,2022-11-09,Downgrade,Completed,ACH
TXN03386,CUST0428,-55.89,2022-10-30,Downgrade,Completed,Credit Card
TXN03387,CUST0428,280.13,2022-10-05,Subscription,Completed,ACH
TXN03388,CUST0428,-79.4,2022-10-21,Downgrade,Completed,Wire Transfer
TXN03389,CUST0429,2134.57,2024-07-03,One-time Add-on,Completed,Invoice
TXN03390,CUST0429,1911.15,2024-11-16,One-time Add-on,Completed,Invoice
TXN03391,CUST0429,1928.13,2023-07-29,Renewal,Completed,Credit Card
TXN03392,CUST0429,-214.93,2022-05-10,Downgrade,Completed,ACH
TXN03393,CUST0429,-493.72,2022-05-27,Refund,Completed,Credit Card
TXN03394,CUST0429,2324.29,2023-05-10,One-time Add-on,Completed,Invoice
TXN03395,CUST0429,-433.16,2022-08-19,Refund,Completed,Credit Card
TXN03396,CUST0430,5236.85,2023-09-10,Upgrade,Completed,Wire Transfer
TXN03397,CUST0430,14019.91,2024-07-21,Subscription,Completed,ACH
TXN03398,CUST0430,11566.22,2025-05-03,Subscription,Completed,Wire Transfer
TXN03399,CUST0430,11253.46,2023-12-27,Renewal,Failed,ACH
TXN03400,CUST0431,3108.38,2023-09-14,Upgrade,Pending,ACH
TXN03401,CUST0431,1107.13,2023-05-17,Upgrade,Completed,Credit Card
TXN03402,CUST0431,1210.64,2023-04-06,Upgrade,Pending,Wire Transfer
TXN03403,CUST0431,8296.89,2023-02-02,Renewal,Pending,Credit Card
TXN03404,CUST0431,1558.9,2024-06-29,Upgrade,Completed,Invoice
TXN03405,CUST0431,-1434.06,2023-05-13,Downgrade,Completed,ACH
TXN03406,CUST0431,-2214.55,2024-01-14,Refund,Completed,ACH
TXN03407,CUST0432,-686.38,2025-05-28,Downgrade,Completed,Wire Transfer
TXN03408,CUST0432,11696.77,2025-11-22,Subscription,Completed,Wire Transfer
TXN03409,CUST0432,-1799.5,2024-09-13,Refund,Completed,Credit Card
TXN03410,CUST0432,8392.71,2024-11-28,Subscription,Completed,Credit Card
TXN03411,CUST0432,10164.76,2024-07-23,One-time Add-on,Completed,ACH
TXN03412,CUST0432,11343.68,2025-03-06,One-time Add-on,Failed,Wire Transfer
TXN03413,CUST0433,341.16,2024-11-30,Upgrade,Completed,Invoice
TXN03414,CUST0433,1152.99,2023-04-22,Renewal,Failed,Credit Card
TXN03415,CUST0433,1062.02,2025-05-26,One-time Add-on,Completed,Credit Card
TXN03416,CUST0433,-173.44,2025-06-17,Refund,Completed,Credit Card
TXN03417,CUST0433,1203.66,2025-10-05,Subscription,Completed,ACH
TXN03418,CUST0433,-146.48,2023-01-28,Downgrade,Completed,ACH
TXN03419,CUST0433,1386.22,2024-10-18,One-time Add-on,Completed,ACH
TXN03420,CUST0433,1066.4,2024-06-03,Renewal,Completed,Invoice
TXN03421,CUST0433,-334.79,2024-02-10,Downgrade,Completed,ACH
TXN03422,CUST0433,1204.69,2023-04-03,Renewal,Completed,Wire Transfer
TXN03423,CUST0433,-113.34,2024-02-18,Downgrade,Completed,Credit Card
TXN03424,CUST0433,1403.03,2023-07-16,Subscription,Completed,Invoice
TXN03425,CUST0434,3816.26,2022-12-09,Upgrade,Completed,ACH
TXN03426,CUST0434,6823.47,2023-07-06,Subscription,Completed,Invoice
TXN03427,CUST0434,3290.22,2023-08-06,Upgrade,Failed,Invoice
TXN03428,CUST0434,6989.9,2023-07-28,One-time Add-on,Completed,Credit Card
TXN03429,CUST0434,1222.06,2023-03-29,Upgrade,Completed,Credit Card
TXN03430,CUST0434,-1588.61,2023-02-27,Downgrade,Completed,ACH
TXN03431,CUST0435,-99.83,2023-04-12,Refund,Pending,Invoice
TXN03432,CUST0435,288.07,2025-12-18,Subscription,Completed,Wire Transfer
TXN03433,CUST0435,360.53,2024-03-07,One-time Add-on,Pending,Invoice
TXN03434,CUST0435,77.02,2025-03-11,Upgrade,Completed,Credit Card
TXN03435,CUST0435,303.37,2025-11-05,One-time Add-on,Completed,ACH
TXN03436,CUST0435,348.63,2024-12-07,Subscription,Completed,ACH
TXN03437,CUST0435,353.36,2024-12-30,Subscription,Completed,Credit Card
TXN03438,CUST0436,-3278.35,2023-09-11,Refund,Completed,Wire Transfer
TXN03439,CUST0436,9240.76,2024-05-11,One-time Add-on,Completed,Wire Transfer
TXN03440,CUST0436,9446.12,2023-11-09,Subscription,Completed,Credit Card
TXN03441,CUST0436,1956.67,2023-08-18,Upgrade,Completed,Wire Transfer
TXN03442,CUST0436,-620.21,2024-08-04,Downgrade,Completed,Wire Transfer
TXN03443,CUST0436,12472.94,2024-03-25,One-time Add-on,Completed,Invoice
TXN03444,CUST0436,-939.25,2024-08-24,Downgrade,Completed,Credit Card
TXN03445,CUST0436,9782.19,2024-12-23,Renewal,Completed,Credit Card
TXN03446,CUST0436,11677.98,2025-09-15,Renewal,Completed,Credit Card
TXN03447,CUST0437,338.43,2023-10-31,Renewal,Completed,Wire Transfer
TXN03448,CUST0437,377.77,2022-12-26,Renewal,Completed,Credit Card
TXN03449,CUST0437,95.79,2025-12-15,Upgrade,Completed,Wire Transfer
TXN03450,CUST0437,314.82,2024-10-19,Renewal,Completed,Wire Transfer
TXN03451,CUST0437,-40.79,2024-01-22,Downgrade,Pending,ACH
TXN03452,CUST0437,-17.34,2024-11-28,Downgrade,Completed,ACH
TXN03453,CUST0437,376.43,2023-07-05,One-time Add-on,Completed,Wire Transfer
TXN03454,CUST0437,269.99,2023-07-31,One-time Add-on,Completed,Credit Card
TXN03455,CUST0437,-156.69,2023-12-20,Refund,Completed,Credit Card
TXN03456,CUST0437,-144.84,2024-08-02,Refund,Completed,Credit Card
TXN03457,CUST0437,-63.92,2023-04-27,Downgrade,Completed,Wire Transfer
TXN03458,CUST0437,-17.82,2025-05-15,Downgrade,Completed,ACH
TXN03459,CUST0438,-33.64,2023-10-05,Downgrade,Completed,ACH
TXN03460,CUST0438,482.13,2024-01-30,Renewal,Failed,Invoice
TXN03461,CUST0438,63.76,2023-05-05,Upgrade,Completed,Wire Transfer
TXN03462,CUST0438,-119.13,2025-12-10,Refund,Completed,Invoice
TXN03463,CUST0438,89.07,2025-05-25,Upgrade,Completed,Wire Transfer
TXN03464,CUST0438,-108.6,2024-09-15,Downgrade,Failed,Wire Transfer
TXN03465,CUST0438,559.24,2023-12-14,Renewal,Completed,ACH
TXN03466,CUST0438,-120.31,2024-08-21,Downgrade,Completed,Credit Card
TXN03467,CUST0438,376.8,2024-10-27,Renewal,Completed,ACH
TXN03468,CUST0438,-122.67,2024-09-09,Downgrade,Completed,Wire Transfer
TXN03469,CUST0438,467.74,2025-04-27,Subscription,Completed,ACH
TXN03470,CUST0438,189.05,2023-11-15,Upgrade,Completed,ACH
TXN03471,CUST0439,2127.47,2023-12-18,Renewal,Failed,Invoice
TXN03472,CUST0439,-501.82,2024-03-18,Downgrade,Completed,Wire Transfer
TXN03473,CUST0439,-640.17,2024-01-02,Downgrade,Completed,Wire Transfer
TXN03474,CUST0439,2558.51,2023-02-18,One-time Add-on,Pending,Invoice
TXN03475,CUST0439,2169.91,2024-03-21,One-time Add-on,Completed,Wire Transfer
TXN03476,CUST0439,2037.92,2024-02-18,One-time Add-on,Completed,Credit Card
TXN03477,CUST0439,2290.92,2023-12-15,Renewal,Completed,Wire Transfer
TXN03478,CUST0439,2143.95,2023-01-17,Subscription,Pending,Wire Transfer
TXN03479,CUST0439,2206.68,2023-09-23,One-time Add-on,Completed,ACH
TXN03480,CUST0439,2055.47,2023-03-15,Renewal,Completed,ACH
TXN03481,CUST0439,2050.17,2023-06-16,Subscription,Completed,Invoice
TXN03482,CUST0440,10399.62,2022-12-27,Subscription,Completed,Invoice
TXN03483,CUST0440,13240.0,2023-01-09,One-time Add-on,Completed,Wire Transfer
TXN03484,CUST0440,13469.19,2023-01-09,One-time Add-on,Completed,Invoice
TXN03485,CUST0440,-1706.81,2023-03-02,Refund,Completed,Credit Card
TXN03486,CUST0440,12912.78,2022-12-23,Subscription,Completed,ACH
TXN03487,CUST0440,10058.7,2023-02-15,One-time Add-on,Completed,ACH
TXN03488,CUST0440,-2621.63,2022-12-08,Refund,Completed,Wire Transfer
TXN03489,CUST0440,13485.14,2023-03-04,One-time Add-on,Completed,ACH
TXN03490,CUST0440,12169.3,2022-12-16,One-time Add-on,Completed,Invoice
TXN03491,CUST0440,14472.09,2023-02-14,Subscription,Completed,Credit Card
TXN03492,CUST0440,13618.61,2023-01-21,Subscription,Failed,ACH
TXN03493,CUST0440,13611.94,2022-12-19,Renewal,Completed,ACH
TXN03494,CUST0441,-246.04,2024-07-28,Refund,Completed,Credit Card
TXN03495,CUST0441,-138.18,2025-06-13,Downgrade,Completed,Invoice
TXN03496,CUST0441,2199.47,2024-06-18,Renewal,Completed,Invoice
TXN03497,CUST0441,1940.43,2024-07-13,Subscription,Completed,ACH
TXN03498,CUST0441,2155.46,2024-08-08,One-time Add-on,Completed,Credit Card
TXN03499,CUST0441,2473.37,2024-07-27,Subscription,Completed,Credit Card
TXN03500,CUST0441,1029.83,2024-10-01,Upgrade,Completed,Credit Card
TXN03501,CUST0441,2422.83,2024-10-17,Subscription,Completed,Credit Card
TXN03502,CUST0442,-132.0,2025-04-09,Refund,Completed,Credit Card
TXN03503,CUST0442,-161.99,2025-05-10,Refund,Pending,ACH
TXN03504,CUST0442,147.76,2025-04-08,Upgrade,Completed,Credit Card
TXN03505,CUST0442,357.38,2025-03-29,One-time Add-on,Completed,Wire Transfer
TXN03506,CUST0442,-118.98,2025-04-30,Refund,Completed,Wire Transfer
TXN03507,CUST0442,415.98,2025-05-19,Subscription,Completed,Invoice
TXN03508,CUST0442,369.94,2024-12-22,Renewal,Completed,Credit Card
TXN03509,CUST0442,-111.03,2024-10-01,Downgrade,Completed,Invoice
TXN03510,CUST0442,-50.51,2025-02-06,Refund,Completed,Invoice
TXN03511,CUST0442,429.65,2025-02-26,Subscription,Completed,Invoice
TXN03512,CUST0442,-22.5,2024-10-23,Downgrade,Completed,Credit Card
TXN03513,CUST0443,8696.2,2025-02-27,Renewal,Completed,Invoice
TXN03514,CUST0443,-1296.75,2025-04-17,Downgrade,Completed,ACH
TXN03515,CUST0443,3268.12,2025-08-15,Upgrade,Completed,Invoice
TXN03516,CUST0443,8713.97,2025-09-22,Subscription,Completed,Wire Transfer
TXN03517,CUST0443,8035.01,2025-09-16,Subscription,Completed,Wire Transfer
TXN03518,CUST0443,-2004.31,2025-06-08,Downgrade,Completed,Credit Card
TXN03519,CUST0443,-1002.16,2025-03-06,Refund,Completed,ACH
TXN03520,CUST0443,8643.86,2025-02-17,Renewal,Failed,ACH
TXN03521,CUST0443,-1474.56,2025-02-10,Downgrade,Completed,Invoice
TXN03522,CUST0443,-2879.57,2025-10-14,Refund,Completed,Invoice
TXN03523,CUST0443,-1627.26,2025-04-21,Downgrade,Completed,Invoice
TXN03524,CUST0444,-1882.1,2025-06-28,Downgrade,Completed,Wire Transfer
TXN03525,CUST0444,-4317.6,2025-09-17,Refund,Pending,Credit Card
TXN03526,CUST0444,10050.05,2025-07-31,Subscription,Completed,Wire Transfer
TXN03527,CUST0444,-626.11,2025-07-08,Downgrade,Completed,Credit Card
TXN03528,CUST0444,8684.15,2025-07-17,Renewal,Failed,Wire Transfer
TXN03529,CUST0444,4035.5,2025-07-10,Upgrade,Completed,Credit Card
TXN03530,CUST0444,10527.25,2025-09-07,One-time Add-on,Completed,Wire Transfer
TXN03531,CUST0444,2767.6,2025-08-28,Upgrade,Completed,Credit Card
TXN03532,CUST0444,10060.3,2025-07-28,Subscription,Completed,Credit Card
TXN03533,CUST0445,9935.82,2025-08-28,Renewal,Completed,Credit Card
TXN03534,CUST0445,-2790.24,2025-09-13,Downgrade,Completed,Invoice
TXN03535,CUST0445,3176.01,2025-12-04,Upgrade,Completed,ACH
TXN03536,CUST0445,13895.16,2025-11-26,One-time Add-on,Completed,Credit Card
TXN03537,CUST0446,158.1,2023-11-12,Upgrade,Completed,Wire Transfer
TXN03538,CUST0446,-170.04,2025-04-02,Downgrade,Failed,Invoice
TXN03539,CUST0446,1649.99,2025-04-09,One-time Add-on,Completed,Credit Card
TXN03540,CUST0446,-165.3,2024-10-01,Downgrade,Completed,Credit Card
TXN03541,CUST0446,1640.04,2024-03-28,One-time Add-on,Pending,Invoice
TXN03542,CUST0447,6852.74,2024-06-13,Subscription,Completed,Invoice
TXN03543,CUST0447,7518.69,2024-01-11,Subscription,Completed,Invoice
TXN03544,CUST0447,-230.82,2024-07-07,Refund,Completed,Invoice
TXN03545,CUST0447,8780.66,2023-07-18,Renewal,Completed,Wire Transfer
TXN03546,CUST0447,2200.12,2024-06-02,Upgrade,Completed,Wire Transfer
TXN03547,CUST0447,2160.69,2024-05-26,Upgrade,Completed,ACH
TXN03548,CUST0447,1010.44,2023-05-15,Upgrade,Completed,Invoice
TXN03549,CUST0447,9077.89,2023-08-09,Subscription,Completed,Wire Transfer
TXN03550,CUST0447,3226.33,2023-11-09,Upgrade,Completed,ACH
TXN03551,CUST0448,-111.72,2023-01-12,Refund,Completed,Wire Transfer
TXN03552,CUST0448,2142.33,2022-07-13,Renewal,Completed,Invoice
TXN03553,CUST0448,2405.21,2022-07-07,Subscription,Completed,Wire Transfer
TXN03554,CUST0448,-461.33,2023-02-02,Downgrade,Completed,ACH
TXN03555,CUST0448,1974.89,2022-11-21,Renewal,Completed,Invoice
TXN03556,CUST0448,2034.58,2023-01-22,One-time Add-on,Completed,Invoice
TXN03557,CUST0448,2130.57,2022-05-12,One-time Add-on,Completed,Credit Card
TXN03558,CUST0448,-332.67,2022-09-23,Downgrade,Completed,Invoice
TXN03559,CUST0448,-467.4,2023-01-06,Downgrade,Completed,Credit Card
TXN03560,CUST0448,-258.27,2023-04-22,Refund,Completed,Invoice
TXN03561,CUST0448,-471.86,2022-10-07,Downgrade,Completed,ACH
TXN03562,CUST0449,-105.43,2025-11-03,Downgrade,Completed,Credit Card
TXN03563,CUST0449,-174.02,2025-10-03,Refund,Completed,Invoice
TXN03564,CUST0449,-91.77,2025-11-19,Refund,Completed,Wire Transfer
TXN03565,CUST0449,413.4,2025-09-23,Renewal,Completed,Credit Card
TXN03566,CUST0449,538.51,2025-12-13,One-time Add-on,Completed,ACH
TXN03567,CUST0449,471.58,2025-10-20,Renewal,Completed,Wire Transfer
TXN03568,CUST0449,-71.93,2025-11-20,Downgrade,Completed,Credit Card
TXN03569,CUST0450,-751.18,2023-10-15,Refund,Completed,Invoice
TXN03570,CUST0450,-556.13,2023-05-31,Refund,Completed,Invoice
TXN03571,CUST0450,-412.22,2024-08-25,Refund,Completed,Invoice
TXN03572,CUST0450,2314.55,2025-08-19,Subscription,Completed,ACH
TXN03573,CUST0450,2021.93,2025-07-31,One-time Add-on,Completed,Invoice
TXN03574,CUST0450,-531.05,2023-11-03,Downgrade,Completed,ACH
TXN03575,CUST0450,2421.45,2023-10-03,Subscription,Completed,ACH
TXN03576,CUST0450,1884.8,2024-08-07,Subscription,Completed,Invoice
TXN03577,CUST0450,806.43,2025-07-30,Upgrade,Completed,Credit Card
TXN03578,CUST0451,-188.93,2024-05-03,Downgrade,Completed,ACH
TXN03579,CUST0451,1967.76,2025-10-07,One-time Add-on,Completed,Invoice
TXN03580,CUST0451,1852.23,2025-08-27,One-time Add-on,Completed,Credit Card
TXN03581,CUST0451,1665.72,2025-03-25,One-time Add-on,Completed,ACH
TXN03582,CUST0451,2404.57,2024-07-24,Subscription,Completed,Credit Card
TXN03583,CUST0451,360.36,2024-04-21,Upgrade,Completed,Invoice
TXN03584,CUST0451,2009.53,2024-04-03,Subscription,Completed,Credit Card
TXN03585,CUST0451,-561.81,2025-04-20,Downgrade,Completed,ACH
TXN03586,CUST0451,-582.71,2024-04-06,Downgrade,Completed,Credit Card
TXN03587,CUST0451,-60.64,2024-12-30,Refund,Completed,ACH
TXN03588,CUST0451,2002.04,2024-08-15,Renewal,Completed,Wire Transfer
TXN03589,CUST0452,8161.52,2022-11-10,One-time Add-on,Completed,Invoice
TXN03590,CUST0452,8362.49,2022-09-15,One-time Add-on,Completed,ACH
TXN03591,CUST0452,9321.43,2022-12-26,Subscription,Pending,Credit Card
TXN03592,CUST0452,-2193.33,2023-02-11,Downgrade,Completed,Credit Card
TXN03593,CUST0452,3177.38,2022-09-15,Upgrade,Completed,Wire Transfer
TXN03594,CUST0452,-2788.9,2022-09-02,Refund,Completed,ACH
TXN03595,CUST0452,-2065.99,2022-09-07,Downgrade,Failed,Invoice
TXN03596,CUST0452,10500.39,2022-09-21,One-time Add-on,Completed,Credit Card
TXN03597,CUST0453,691.2,2023-05-13,Upgrade,Completed,Invoice
TXN03598,CUST0453,2168.44,2023-02-19,Renewal,Completed,Invoice
TXN03599,CUST0453,-350.54,2023-08-10,Refund,Completed,ACH
TXN03600,CUST0453,-325.67,2023-10-30,Refund,Failed,Invoice
TXN03601,CUST0453,2105.98,2023-06-04,One-time Add-on,Completed,Credit Card
TXN03602,CUST0453,-50.52,2023-09-08,Refund,Completed,Invoice
TXN03603,CUST0453,1852.99,2023-06-23,Subscription,Completed,Wire Transfer
TXN03604,CUST0453,-501.08,2024-02-09,Downgrade,Completed,Credit Card
TXN03605,CUST0453,2041.77,2023-10-26,Subscription,Pending,ACH
TXN03606,CUST0453,1659.33,2023-11-20,Subscription,Completed,Wire Transfer
TXN03607,CUST0454,393.77,2025-06-19,One-time Add-on,Completed,Credit Card
TXN03608,CUST0454,561.58,2025-06-16,Renewal,Completed,ACH
TXN03609,CUST0454,421.04,2025-06-22,Renewal,Pending,ACH
TXN03610,CUST0454,395.36,2025-07-20,Subscription,Completed,Wire Transfer
TXN03611,CUST0454,409.46,2025-07-17,Subscription,Pending,ACH
TXN03612,CUST0454,112.09,2025-07-15,Upgrade,Completed,Credit Card
TXN03613,CUST0454,-94.55,2025-06-16,Downgrade,Completed,Wire Transfer
TXN03614,CUST0454,424.98,2025-06-12,One-time Add-on,Completed,ACH
TXN03615,CUST0455,962.92,2023-12-04,Renewal,Completed,Invoice
TXN03616,CUST0455,1130.94,2023-01-05,Subscription,Completed,ACH
TXN03617,CUST0455,1138.9,2022-12-16,Renewal,Completed,Wire Transfer
TXN03618,CUST0455,1158.23,2022-10-12,Renewal,Completed,Wire Transfer
TXN03619,CUST0455,-128.97,2025-08-17,Downgrade,Completed,ACH
TXN03620,CUST0455,861.78,2022-08-03,Subscription,Failed,Invoice
TXN03621,CUST0456,-1588.01,2022-12-06,Downgrade,Completed,Wire Transfer
TXN03622,CUST0456,11192.53,2023-03-02,Subscription,Completed,Wire Transfer
TXN03623,CUST0456,9882.98,2024-07-07,Subscription,Pending,Wire Transfer
TXN03624,CUST0456,9958.46,2024-06-18,Subscription,Completed,Invoice
TXN03625,CUST0456,-1141.27,2022-12-06,Refund,Completed,ACH
TXN03626,CUST0456,11337.87,2023-11-04,Renewal,Completed,Wire Transfer
TXN03627,CUST0456,1544.8,2024-01-17,Upgrade,Completed,Invoice
TXN03628,CUST0457,1885.56,2025-09-07,Subscription,Completed,Credit Card
TXN03629,CUST0457,-130.35,2025-11-06,Downgrade,Completed,ACH
TXN03630,CUST0457,1673.26,2025-06-07,Subscription,Completed,Wire Transfer
TXN03631,CUST0457,1477.63,2025-08-20,Renewal,Completed,Credit Card
TXN03632,CUST0457,612.46,2025-06-17,Upgrade,Completed,Wire Transfer
TXN03633,CUST0457,223.93,2025-06-03,Upgrade,Completed,ACH
TXN03634,CUST0457,1718.01,2025-06-26,One-time Add-on,Completed,Credit Card
TXN03635,CUST0457,-278.67,2025-10-11,Downgrade,Completed,ACH
TXN03636,CUST0458,388.55,2025-09-14,One-time Add-on,Completed,Wire Transfer
TXN03637,CUST0458,281.34,2025-12-24,Renewal,Completed,ACH
TXN03638,CUST0458,114.75,2025-11-15,Upgrade,Completed,Credit Card
TXN03639,CUST0458,357.47,2025-10-16,Renewal,Failed,Wire Transfer
TXN03640,CUST0458,324.43,2025-12-01,One-time Add-on,Completed,Invoice
TXN03641,CUST0458,-84.07,2025-10-27,Downgrade,Completed,ACH
TXN03642,CUST0458,360.29,2025-12-29,Renewal,Completed,Invoice
TXN03643,CUST0458,308.08,2025-08-16,Subscription,Completed,Credit Card
TXN03644,CUST0459,-2495.74,2025-07-31,Downgrade,Completed,Invoice
TXN03645,CUST0459,12564.27,2025-06-27,Subscription,Completed,Wire Transfer
TXN03646,CUST0459,9551.92,2025-11-03,One-time Add-on,Completed,ACH
TXN03647,CUST0459,-2409.7,2025-07-21,Refund,Completed,ACH
TXN03648,CUST0459,8793.23,2025-09-02,Renewal,Completed,Invoice
TXN03649,CUST0459,11584.04,2025-10-11,Renewal,Completed,Wire Transfer
TXN03650,CUST0460,-4468.09,2024-03-18,Refund,Completed,Credit Card
TXN03651,CUST0460,10425.92,2025-03-12,Renewal,Completed,Wire Transfer
TXN03652,CUST0460,10335.48,2023-01-17,Subscription,Completed,Invoice
TXN03653,CUST0460,2844.58,2023-12-10,Upgrade,Completed,ACH
TXN03654,CUST0460,10795.84,2024-05-29,Renewal,Completed,ACH
TXN03655,CUST0460,11921.63,2023-11-28,Renewal,Completed,ACH
TXN03656,CUST0460,10630.05,2023-01-23,Subscription,Completed,Invoice
TXN03657,CUST0460,-2289.02,2023-12-14,Refund,Completed,Invoice
TXN03658,CUST0461,807.75,2025-01-27,Upgrade,Completed,Wire Transfer
TXN03659,CUST0461,1637.27,2025-07-18,Renewal,Completed,Wire Transfer
TXN03660,CUST0461,2035.94,2024-06-13,Subscription,Completed,Credit Card
TXN03661,CUST0461,1663.12,2024-07-29,One-time Add-on,Completed,ACH
TXN03662,CUST0462,1039.05,2022-10-01,Renewal,Completed,Invoice
TXN03663,CUST0462,1435.87,2022-05-19,Subscription,Completed,Credit Card
TXN03664,CUST0462,1177.98,2022-10-20,Subscription,Completed,ACH
TXN03665,CUST0462,-261.37,2022-08-22,Downgrade,Completed,Wire Transfer
TXN03666,CUST0462,1423.13,2022-08-06,Subscription,Completed,Credit Card
TXN03667,CUST0462,-325.64,2022-08-25,Downgrade,Completed,ACH
TXN03668,CUST0462,1320.79,2022-10-24,One-time Add-on,Completed,Credit Card
TXN03669,CUST0462,232.82,2022-09-19,Upgrade,Completed,Wire Transfer
TXN03670,CUST0462,1190.07,2022-08-12,Subscription,Completed,ACH
TXN03671,CUST0462,-112.17,2022-06-22,Refund,Failed,ACH
TXN03672,CUST0462,979.64,2022-08-09,Subscription,Pending,Wire Transfer
TXN03673,CUST0462,-102.03,2022-07-07,Refund,Completed,ACH
TXN03674,CUST0463,-59.99,2023-12-07,Downgrade,Pending,Wire Transfer
TXN03675,CUST0463,-83.14,2023-12-25,Refund,Completed,Invoice
TXN03676,CUST0463,412.99,2024-09-28,One-time Add-on,Pending,Credit Card
TXN03677,CUST0463,-85.13,2024-11-02,Refund,Completed,Wire Transfer
TXN03678,CUST0463,520.12,2024-02-28,One-time Add-on,Completed,Invoice
TXN03679,CUST0463,-57.68,2023-11-07,Downgrade,Completed,Invoice
TXN03680,CUST0463,495.85,2023-09-17,Subscription,Completed,ACH
TXN03681,CUST0464,-1129.86,2025-07-26,Refund,Pending,Wire Transfer
TXN03682,CUST0464,11656.95,2025-12-06,Renewal,Completed,Wire Transfer
TXN03683,CUST0464,-1097.08,2025-04-03,Downgrade,Completed,Invoice
TXN03684,CUST0464,11922.42,2025-08-13,Renewal,Completed,Wire Transfer
TXN03685,CUST0464,13161.25,2025-10-10,One-time Add-on,Completed,Wire Transfer
TXN03686,CUST0464,11296.69,2025-07-23,One-time Add-on,Completed,ACH
TXN03687,CUST0465,1326.01,2025-04-27,One-time Add-on,Completed,ACH
TXN03688,CUST0465,1580.9,2024-04-22,One-time Add-on,Completed,Credit Card
TXN03689,CUST0465,1935.14,2025-08-01,Subscription,Completed,Wire Transfer
TXN03690,CUST0465,1867.04,2024-05-22,One-time Add-on,Completed,Wire Transfer
TXN03691,CUST0465,-768.96,2025-02-07,Refund,Completed,Invoice
TXN03692,CUST0465,314.67,2025-10-15,Upgrade,Completed,Credit Card
TXN03693,CUST0465,1676.82,2025-12-28,Subscription,Completed,Credit Card
TXN03694,CUST0465,-375.6,2024-06-27,Refund,Completed,Invoice
TXN03695,CUST0465,1489.78,2025-10-26,Subscription,Completed,Wire Transfer
TXN03696,CUST0465,1595.94,2024-07-11,Renewal,Completed,Invoice
TXN03697,CUST0466,-125.53,2025-08-01,Downgrade,Failed,Wire Transfer
TXN03698,CUST0466,220.65,2025-03-24,Upgrade,Completed,ACH
TXN03699,CUST0466,-114.91,2025-12-19,Downgrade,Completed,Credit Card
TXN03700,CUST0466,-106.61,2025-02-03,Refund,Completed,Wire Transfer
TXN03701,CUST0466,-166.09,2025-07-06,Refund,Completed,Credit Card
TXN03702,CUST0467,-470.1,2022-09-25,Downgrade,Completed,Credit Card
TXN03703,CUST0467,1543.84,2022-06-04,One-time Add-on,Completed,Invoice
TXN03704,CUST0467,1595.34,2022-11-15,One-time Add-on,Completed,ACH
TXN03705,CUST0467,-398.36,2022-09-03,Downgrade,Completed,Wire Transfer
TXN03706,CUST0467,1809.94,2022-06-11,Renewal,Completed,Invoice
TXN03707,CUST0467,1502.09,2022-10-31,One-time Add-on,Completed,Invoice
TXN03708,CUST0468,267.9,2024-05-12,Renewal,Completed,Credit Card
TXN03709,CUST0468,289.2,2024-03-13,Renewal,Completed,Invoice
TXN03710,CUST0468,-92.01,2024-09-03,Downgrade,Completed,Credit Card
TXN03711,CUST0468,367.1,2024-04-16,Subscription,Completed,Invoice
TXN03712,CUST0468,331.51,2023-11-22,Renewal,Completed,Credit Card
TXN03713,CUST0468,-78.78,2023-12-22,Downgrade,Completed,ACH
TXN03714,CUST0468,-144.0,2023-11-09,Refund,Completed,Invoice
TXN03715,CUST0468,-18.55,2024-10-24,Downgrade,Completed,Wire Transfer
TXN03716,CUST0468,376.74,2024-08-14,Subscription,Completed,ACH
TXN03717,CUST0468,356.95,2023-08-17,Subscription,Completed,Invoice
TXN03718,CUST0468,-138.41,2024-07-02,Refund,Completed,Invoice
TXN03719,CUST0469,-798.38,2025-06-21,Downgrade,Completed,Credit Card
TXN03720,CUST0469,5194.4,2025-12-26,Subscription,Completed,Credit Card
TXN03721,CUST0469,6364.85,2025-10-13,Renewal,Completed,ACH
TXN03722,CUST0469,6139.53,2025-12-27,One-time Add-on,Completed,ACH
TXN03723,CUST0469,5539.59,2025-10-17,Subscription,Completed,Wire Transfer
TXN03724,CUST0469,5995.33,2025-12-27,Renewal,Completed,Credit Card
TXN03725,CUST0469,-2475.88,2025-10-09,Refund,Completed,Invoice
TXN03726,CUST0469,4892.1,2025-08-31,One-time Add-on,Completed,Wire Transfer
TXN03727,CUST0469,4770.65,2025-07-24,Subscription,Completed,ACH
TXN03728,CUST0469,-2095.62,2025-07-06,Refund,Pending,Wire Transfer
TXN03729,CUST0469,-1645.74,2025-12-06,Refund,Completed,Wire Transfer
TXN03730,CUST0470,-383.19,2025-05-18,Downgrade,Completed,ACH
TXN03731,CUST0470,6326.09,2023-05-22,One-time Add-on,Completed,ACH
TXN03732,CUST0470,1374.62,2023-01-16,Upgrade,Completed,ACH
TXN03733,CUST0470,6924.72,2024-07-21,Renewal,Completed,Wire Transfer
TXN03734,CUST0470,7292.3,2024-05-28,Subscription,Completed,Credit Card
TXN03735,CUST0470,-1843.78,2025-08-23,Refund,Completed,Credit Card
TXN03736,CUST0470,-1304.85,2025-03-13,Refund,Completed,ACH
TXN03737,CUST0470,3063.12,2023-09-02,Upgrade,Completed,Credit Card
TXN03738,CUST0470,-1437.05,2023-08-10,Downgrade,Completed,ACH
TXN03739,CUST0471,827.48,2024-03-21,Upgrade,Pending,Credit Card
TXN03740,CUST0471,-523.19,2024-04-12,Downgrade,Completed,ACH
TXN03741,CUST0471,-1262.22,2025-02-11,Refund,Completed,Credit Card
TXN03742,CUST0471,8269.7,2024-07-12,Subscription,Completed,Credit Card
TXN03743,CUST0471,7904.23,2025-03-26,Renewal,Completed,Invoice
TXN03744,CUST0471,8724.14,2025-07-02,Renewal,Completed,Wire Transfer
TXN03745,CUST0471,3297.99,2025-06-08,Upgrade,Completed,Credit Card
TXN03746,CUST0471,8280.11,2025-03-29,Renewal,Completed,Wire Transfer
TXN03747,CUST0471,8692.23,2025-07-17,Renewal,Completed,Wire Transfer
TXN03748,CUST0471,7959.64,2024-03-16,Subscription,Completed,Credit Card
TXN03749,CUST0471,9491.74,2025-12-22,One-time Add-on,Completed,Credit Card
TXN03750,CUST0471,-1246.59,2024-06-09,Downgrade,Completed,Credit Card
TXN03751,CUST0472,7883.26,2025-05-02,Subscription,Completed,Credit Card
TXN03752,CUST0472,-867.95,2025-05-23,Downgrade,Pending,Wire Transfer
TXN03753,CUST0472,1648.16,2025-07-16,Upgrade,Completed,Invoice
TXN03754,CUST0472,-1150.63,2025-05-28,Refund,Failed,Invoice
TXN03755,CUST0472,7666.96,2025-02-26,Subscription,Completed,Wire Transfer
TXN03756,CUST0472,1450.97,2025-05-07,Upgrade,Completed,ACH
TXN03757,CUST0472,7103.63,2025-09-19,One-time Add-on,Completed,ACH
TXN03758,CUST0472,-1241.01,2025-06-17,Downgrade,Completed,Wire Transfer
TXN03759,CUST0472,-1330.83,2025-12-11,Downgrade,Completed,Credit Card
TXN03760,CUST0472,8364.03,2025-06-30,One-time Add-on,Completed,Credit Card
TXN03761,CUST0472,1732.41,2025-05-01,Upgrade,Completed,Wire Transfer
TXN03762,CUST0472,2128.59,2025-03-16,Upgrade,Completed,Invoice
TXN03763,CUST0473,518.28,2025-10-16,Subscription,Completed,Wire Transfer
TXN03764,CUST0473,178.46,2025-12-26,Upgrade,Failed,Invoice
TXN03765,CUST0473,209.31,2025-12-06,Upgrade,Pending,ACH
TXN03766,CUST0473,215.82,2025-07-10,Upgrade,Completed,Invoice
TXN03767,CUST0473,454.84,2025-08-12,One-time Add-on,Pending,Invoice
TXN03768,CUST0473,575.7,2025-09-23,Renewal,Failed,ACH
TXN03769,CUST0473,457.09,2025-09-27,Subscription,Completed,Invoice
TXN03770,CUST0473,398.07,2025-08-21,One-time Add-on,Completed,Wire Transfer
TXN03771,CUST0474,1521.45,2024-01-28,Renewal,Pending,ACH
TXN03772,CUST0474,-133.03,2025-01-21,Downgrade,Failed,ACH
TXN03773,CUST0474,-213.45,2023-08-14,Downgrade,Completed,Invoice
TXN03774,CUST0474,1211.81,2024-09-23,Renewal,Completed,ACH
TXN03775,CUST0474,1284.59,2024-04-12,Renewal,Completed,Invoice
TXN03776,CUST0474,1392.06,2024-09-15,One-time Add-on,Completed,Invoice
TXN03777,CUST0474,645.65,2024-02-10,Upgrade,Completed,Wire Transfer
TXN03778,CUST0474,1248.16,2023-12-05,Renewal,Completed,Wire Transfer
TXN03779,CUST0474,1288.33,2024-04-11,Subscription,Completed,ACH
TXN03780,CUST0474,1655.71,2023-10-28,Renewal,Completed,Credit Card
TXN03781,CUST0474,1267.42,2023-08-07,Subscription,Completed,Invoice
TXN03782,CUST0475,1160.34,2023-11-26,One-time Add-on,Pending,Wire Transfer
TXN03783,CUST0475,1222.67,2024-05-08,Subscription,Completed,Credit Card
TXN03784,CUST0475,156.82,2024-04-19,Upgrade,Completed,Invoice
TXN03785,CUST0475,1235.63,2024-11-18,Renewal,Completed,Invoice
TXN03786,CUST0475,1103.72,2023-10-28,Subscription,Completed,Wire Transfer
TXN03787,CUST0475,174.53,2025-03-25,Upgrade,Completed,ACH
TXN03788,CUST0475,992.16,2024-09-28,Subscription,Failed,ACH
TXN03789,CUST0475,929.62,2023-05-23,One-time Add-on,Completed,ACH
TXN03790,CUST0475,1248.98,2023-04-03,One-time Add-on,Failed,Invoice
TXN03791,CUST0475,1253.58,2023-08-27,One-time Add-on,Completed,Invoice
TXN03792,CUST0476,-210.21,2023-05-16,Refund,Completed,ACH
TXN03793,CUST0476,419.95,2023-03-16,Subscription,Completed,Credit Card
TXN03794,CUST0476,408.86,2025-09-11,One-time Add-on,Completed,Invoice
TXN03795,CUST0476,-37.45,2025-01-18,Downgrade,Completed,Wire Transfer
TXN03796,CUST0476,84.52,2023-03-21,Upgrade,Pending,Invoice
TXN03797,CUST0476,460.18,2024-08-16,Subscription,Completed,Credit Card
TXN03798,CUST0477,-3616.34,2025-10-16,Refund,Completed,Credit Card
TXN03799,CUST0477,11611.32,2024-06-23,Subscription,Completed,ACH
TXN03800,CUST0477,-3461.31,2024-08-24,Downgrade,Completed,ACH
TXN03801,CUST0477,12827.1,2025-08-13,Subscription,Completed,ACH
TXN03802,CUST0477,12536.1,2024-07-26,Renewal,Completed,Credit Card
TXN03803,CUST0477,11555.86,2024-12-30,One-time Add-on,Completed,Credit Card
TXN03804,CUST0477,4566.76,2024-12-21,Upgrade,Completed,Wire Transfer
TXN03805,CUST0478,-37.69,2025-10-13,Downgrade,Completed,Wire Transfer
TXN03806,CUST0478,-17.48,2024-10-17,Downgrade,Completed,Invoice
TXN03807,CUST0478,343.87,2025-11-02,Renewal,Completed,Credit Card
TXN03808,CUST0478,333.63,2025-12-31,Subscription,Completed,Wire Transfer
TXN03809,CUST0478,256.72,2023-08-17,One-time Add-on,Completed,Credit Card
TXN03810,CUST0478,-108.48,2025-12-26,Refund,Completed,Wire Transfer
TXN03811,CUST0478,-69.33,2023-08-30,Downgrade,Failed,ACH
TXN03812,CUST0478,321.39,2025-10-31,One-time Add-on,Completed,Wire Transfer
TXN03813,CUST0479,192.4,2024-10-22,Upgrade,Completed,Wire Transfer
TXN03814,CUST0479,1571.34,2025-09-11,Subscription,Completed,Credit Card
TXN03815,CUST0479,767.6,2024-07-14,Upgrade,Completed,Wire Transfer
TXN03816,CUST0479,-338.15,2025-05-14,Refund,Completed,Credit Card
TXN03817,CUST0479,1773.96,2025-05-20,Subscription,Completed,Credit Card
TXN03818,CUST0479,175.15,2024-05-29,Upgrade,Completed,Credit Card
TXN03819,CUST0479,765.98,2025-02-20,Upgrade,Completed,Wire Transfer
TXN03820,CUST0479,1745.54,2024-04-26,Renewal,Completed,ACH
TXN03821,CUST0479,1879.64,2024-10-07,Subscription,Completed,ACH
TXN03822,CUST0479,-248.7,2025-12-01,Downgrade,Completed,Credit Card
TXN03823,CUST0480,209.85,2025-08-23,Upgrade,Completed,Invoice
TXN03824,CUST0480,158.17,2025-10-06,Upgrade,Completed,Credit Card
TXN03825,CUST0480,-82.63,2025-09-29,Downgrade,Completed,Invoice
TXN03826,CUST0480,469.65,2025-07-05,Renewal,Completed,Invoice
TXN03827,CUST0480,-126.57,2025-06-25,Refund,Completed,ACH
TXN03828,CUST0480,421.84,2025-10-15,Renewal,Completed,ACH
TXN03829,CUST0480,469.08,2025-04-28,Renewal,Completed,Wire Transfer
TXN03830,CUST0481,2528.04,2025-02-06,One-time Add-on,Completed,Invoice
TXN03831,CUST0481,2184.21,2025-01-21,Subscription,Failed,Invoice
TXN03832,CUST0481,1890.09,2023-10-23,One-time Add-on,Failed,Credit Card
TXN03833,CUST0481,-689.54,2025-05-15,Refund,Completed,Wire Transfer
TXN03834,CUST0482,356.96,2023-03-17,Subscription,Completed,ACH
TXN03835,CUST0482,-30.45,2024-12-13,Downgrade,Completed,Wire Transfer
TXN03836,CUST0482,131.59,2025-11-13,Upgrade,Completed,Invoice
TXN03837,CUST0482,431.35,2024-02-12,Renewal,Completed,Invoice
TXN03838,CUST0482,201.9,2022-12-12,Upgrade,Completed,ACH
TXN03839,CUST0482,375.43,2023-08-03,Subscription,Completed,Invoice
TXN03840,CUST0482,-68.7,2022-10-21,Downgrade,Completed,Wire Transfer
TXN03841,CUST0483,-4237.54,2025-06-09,Refund,Completed,ACH
TXN03842,CUST0483,10062.54,2025-11-20,Renewal,Completed,Wire Transfer
TXN03843,CUST0483,-490.38,2025-03-09,Refund,Completed,Wire Transfer
TXN03844,CUST0483,10993.22,2024-10-10,One-time Add-on,Completed,Invoice
TXN03845,CUST0483,-1004.69,2025-03-06,Downgrade,Completed,ACH
TXN03846,CUST0483,-4601.7,2025-01-03,Refund,Completed,Credit Card
TXN03847,CUST0483,14398.75,2025-02-10,Renewal,Completed,Invoice
TXN03848,CUST0483,-3256.34,2024-04-19,Refund,Completed,Wire Transfer
TXN03849,CUST0484,-419.68,2025-11-06,Downgrade,Pending,Invoice
TXN03850,CUST0484,3841.47,2025-02-19,Upgrade,Completed,ACH
TXN03851,CUST0484,-1214.21,2025-02-16,Downgrade,Completed,Credit Card
TXN03852,CUST0484,6942.81,2025-08-03,Subscription,Completed,Credit Card
TXN03853,CUST0484,-1776.82,2025-12-23,Refund,Completed,Credit Card
TXN03854,CUST0484,8434.16,2025-01-31,Renewal,Completed,ACH
TXN03855,CUST0484,-1005.16,2025-02-25,Refund,Completed,Wire Transfer
TXN03856,CUST0484,8504.81,2025-04-05,Subscription,Completed,ACH
TXN03857,CUST0484,2668.6,2025-09-18,Upgrade,Completed,Wire Transfer
TXN03858,CUST0484,8394.5,2025-05-24,Subscription,Completed,Invoice
TXN03859,CUST0484,8553.63,2025-02-16,Subscription,Completed,Credit Card
TXN03860,CUST0485,-323.45,2025-03-05,Downgrade,Completed,Invoice
TXN03861,CUST0485,859.6,2025-03-14,Upgrade,Completed,Wire Transfer
TXN03862,CUST0485,2783.49,2025-02-03,One-time Add-on,Completed,Wire Transfer
TXN03863,CUST0485,2793.7,2025-02-18,One-time Add-on,Completed,Wire Transfer
TXN03864,CUST0485,448.04,2025-03-13,Upgrade,Completed,Credit Card
TXN03865,CUST0485,1999.84,2025-02-03,One-time Add-on,Completed,Invoice
TXN03866,CUST0486,3684.04,2025-12-17,Upgrade,Completed,Wire Transfer
TXN03867,CUST0486,-3487.05,2025-07-17,Downgrade,Completed,ACH
TXN03868,CUST0486,-2223.47,2025-11-30,Refund,Completed,Invoice
TXN03869,CUST0486,4487.68,2025-02-24,Upgrade,Completed,ACH
TXN03870,CUST0486,13286.38,2025-08-26,Subscription,Completed,Wire Transfer
TXN03871,CUST0486,-680.91,2025-11-02,Downgrade,Completed,Invoice
TXN03872,CUST0486,13035.44,2025-12-22,Renewal,Pending,Invoice
TXN03873,CUST0486,10383.56,2025-02-06,Renewal,Completed,Credit Card
TXN03874,CUST0486,11179.68,2025-08-04,One-time Add-on,Completed,ACH
TXN03875,CUST0487,-123.34,2025-05-08,Downgrade,Completed,Credit Card
TXN03876,CUST0487,-289.14,2025-11-06,Downgrade,Completed,Credit Card
TXN03877,CUST0487,1118.81,2025-09-28,One-time Add-on,Completed,ACH
TXN03878,CUST0487,253.2,2025-07-04,Upgrade,Completed,Wire Transfer
TXN03879,CUST0488,5035.84,2025-07-25,One-time Add-on,Completed,Wire Transfer
TXN03880,CUST0488,4661.77,2025-02-18,Renewal,Completed,Invoice
TXN03881,CUST0488,2162.26,2023-05-23,Upgrade,Completed,Credit Card
TXN03882,CUST0488,-1617.81,2025-04-25,Downgrade,Pending,Invoice
TXN03883,CUST0488,-736.5,2024-04-15,Downgrade,Pending,ACH
TXN03884,CUST0488,2141.81,2024-03-05,Upgrade,Completed,Invoice
TXN03885,CUST0488,6568.59,2025-04-21,One-time Add-on,Completed,Invoice
TXN03886,CUST0488,6603.54,2023-05-12,Renewal,Failed,Invoice
TXN03887,CUST0489,8764.55,2025-04-18,One-time Add-on,Completed,Credit Card
TXN03888,CUST0489,8372.17,2025-12-17,Renewal,Completed,Invoice
TXN03889,CUST0489,8577.5,2025-11-09,Renewal,Completed,ACH
TXN03890,CUST0489,10779.4,2025-11-04,Renewal,Completed,Invoice
TXN03891,CUST0489,1121.68,2025-07-30,Upgrade,Completed,ACH
TXN03892,CUST0489,10690.23,2025-08-15,Renewal,Completed,Invoice
TXN03893,CUST0489,11063.11,2025-09-12,One-time Add-on,Completed,Wire Transfer
TXN03894,CUST0489,-1628.34,2025-05-27,Downgrade,Completed,ACH
TXN03895,CUST0489,-2610.21,2025-06-26,Refund,Completed,ACH
TXN03896,CUST0489,8659.85,2025-03-27,Renewal,Completed,Credit Card
TXN03897,CUST0489,-4795.86,2025-07-10,Refund,Completed,ACH
TXN03898,CUST0490,9951.98,2024-12-08,One-time Add-on,Completed,Wire Transfer
TXN03899,CUST0490,-431.87,2025-10-31,Refund,Completed,ACH
TXN03900,CUST0490,-2663.9,2024-06-21,Refund,Completed,Credit Card
TXN03901,CUST0490,4105.18,2025-05-14,Upgrade,Completed,Invoice
TXN03902,CUST0490,-1429.13,2024-08-09,Downgrade,Completed,Credit Card
TXN03903,CUST0490,12923.73,2025-01-04,One-time Add-on,Completed,Credit Card
TXN03904,CUST0490,5391.87,2025-07-19,Upgrade,Completed,ACH
TXN03905,CUST0491,-497.15,2025-11-18,Downgrade,Completed,ACH
TXN03906,CUST0491,-270.64,2024-01-27,Downgrade,Completed,ACH
TXN03907,CUST0491,-452.89,2023-12-04,Downgrade,Completed,Credit Card
TXN03908,CUST0491,-470.35,2024-10-29,Downgrade,Completed,Credit Card
TXN03909,CUST0491,-84.79,2025-12-17,Downgrade,Completed,Credit Card
TXN03910,CUST0491,-415.75,2024-05-18,Downgrade,Completed,Wire Transfer
TXN03911,CUST0492,7348.79,2025-12-04,One-time Add-on,Completed,Wire Transfer
TXN03912,CUST0492,-2716.13,2022-11-26,Refund,Completed,Wire Transfer
TXN03913,CUST0492,7615.97,2022-09-23,Renewal,Completed,Invoice
TXN03914,CUST0492,1987.8,2025-01-30,Upgrade,Completed,Invoice
TXN03915,CUST0492,2152.94,2023-03-15,Upgrade,Completed,Invoice
TXN03916,CUST0492,7471.32,2023-04-29,Subscription,Completed,Invoice
TXN03917,CUST0493,-4047.23,2025-05-25,Refund,Completed,Invoice
TXN03918,CUST0493,-1913.61,2025-05-09,Downgrade,Completed,Invoice
TXN03919,CUST0493,2785.19,2025-05-10,Upgrade,Completed,ACH
TXN03920,CUST0493,9641.92,2025-04-29,One-time Add-on,Failed,Invoice
TXN03921,CUST0493,8925.88,2025-05-29,One-time Add-on,Completed,Credit Card
TXN03922,CUST0493,9604.29,2025-05-09,One-time Add-on,Completed,Credit Card
TXN03923,CUST0493,-2574.32,2025-05-30,Refund,Completed,Wire Transfer
TXN03924,CUST0494,126.12,2025-09-06,Upgrade,Completed,ACH
TXN03925,CUST0494,-90.72,2023-08-27,Downgrade,Completed,ACH
TXN03926,CUST0494,408.68,2023-08-11,Renewal,Failed,Wire Transfer
TXN03927,CUST0494,-28.04,2025-10-03,Downgrade,Completed,Credit Card
TXN03928,CUST0495,8313.27,2025-02-23,One-time Add-on,Pending,ACH
TXN03929,CUST0495,7280.68,2024-12-05,Subscription,Completed,Invoice
TXN03930,CUST0495,-3189.37,2025-06-13,Refund,Pending,ACH
TXN03931,CUST0495,10232.56,2024-08-10,Renewal,Failed,Wire Transfer
TXN03932,CUST0495,1535.36,2025-08-14,Upgrade,Pending,ACH
TXN03933,CUST0496,-312.32,2025-09-24,Refund,Completed,Invoice
TXN03934,CUST0496,1373.67,2025-04-06,One-time Add-on,Completed,ACH
TXN03935,CUST0496,-224.62,2025-06-17,Downgrade,Completed,Invoice
TXN03936,CUST0496,449.22,2025-04-03,Upgrade,Failed,Wire Transfer
TXN03937,CUST0496,-223.48,2025-04-08,Downgrade,Completed,Credit Card
TXN03938,CUST0496,-461.52,2025-06-15,Refund,Completed,Wire Transfer
TXN03939,CUST0496,355.28,2025-09-26,Upgrade,Failed,Wire Transfer
TXN03940,CUST0496,1363.12,2025-09-21,Subscription,Completed,Invoice
TXN03941,CUST0496,1123.62,2025-10-18,One-time Add-on,Completed,Invoice
TXN03942,CUST0497,404.62,2024-04-01,One-time Add-on,Completed,Invoice
TXN03943,CUST0497,432.33,2023-07-07,Renewal,Completed,Credit Card
TXN03944,CUST0497,436.34,2024-02-07,Renewal,Completed,ACH
TXN03945,CUST0497,436.61,2023-04-23,Subscription,Completed,Wire Transfer
TXN03946,CUST0497,-99.78,2024-04-29,Downgrade,Completed,Wire Transfer
TXN03947,CUST0497,-97.65,2023-10-06,Downgrade,Completed,Invoice
TXN03948,CUST0497,180.81,2023-10-02,Upgrade,Completed,Invoice
TXN03949,CUST0498,2142.79,2022-07-17,Renewal,Completed,Credit Card
TXN03950,CUST0498,2267.91,2022-04-13,Subscription,Completed,Invoice
TXN03951,CUST0498,2177.39,2023-10-01,Renewal,Completed,Credit Card
TXN03952,CUST0498,-328.4,2023-06-04,Downgrade,Completed,ACH
TXN03953,CUST0498,1056.37,2022-10-02,Upgrade,Completed,Invoice
TXN03954,CUST0498,2037.26,2023-02-03,Subscription,Completed,ACH
TXN03955,CUST0498,2287.03,2022-10-29,One-time Add-on,Completed,Invoice
TXN03956,CUST0498,2637.7,2022-04-23,One-time Add-on,Completed,Invoice
TXN03957,CUST0498,-122.28,2022-05-18,Refund,Completed,ACH
TXN03958,CUST0499,2595.22,2024-01-08,Subscription,Completed,Wire Transfer
TXN03959,CUST0499,2262.74,2023-11-28,Renewal,Completed,ACH
TXN03960,CUST0499,-407.96,2023-08-09,Refund,Completed,ACH
TXN03961,CUST0499,2500.63,2023-07-25,One-time Add-on,Completed,Credit Card
TXN03962,CUST0499,826.66,2024-01-27,Upgrade,Completed,Invoice
TXN03963,CUST0499,2542.78,2025-04-07,Subscription,Completed,Invoice
TXN03964,CUST0499,2591.38,2025-11-28,One-time Add-on,Completed,Wire Transfer
TXN03965,CUST0499,2301.05,2024-06-02,Renewal,Completed,Wire Transfer
TXN03966,CUST0499,2044.46,2024-07-26,One-time Add-on,Completed,Wire Transfer
TXN03967,CUST0499,-227.74,2023-08-06,Downgrade,Completed,Invoice
TXN03968,CUST0500,8340.22,2024-02-02,One-time Add-on,Completed,Wire Transfer
TXN03969,CUST0500,-2258.83,2024-08-24,Refund,Completed,Wire Transfer
TXN03970,CUST0500,8100.66,2025-02-23,Subscription,Completed,Credit Card
TXN03971,CUST0500,-3445.68,2023-08-23,Refund,Completed,Wire Transfer
TXN03972,CUST0500,7434.28,2024-01-03,Renewal,Completed,Credit Card
TXN03973,CUST0500,8328.34,2025-06-30,Renewal,Completed,ACH
TXN03974,CUST0500,6395.69,2024-03-07,One-time Add-on,Completed,Credit Card
TXN03975,CUST0500,7977.58,2024-07-24,Renewal,Completed,ACH
TXN03976,CUST0500,7696.32,2023-07-09,One-time Add-on,Completed,Invoice
TXN03977,CUST0500,6834.4,2024-01-19,One-time Add-on,Completed,Wire Transfer
TXN03978,CUST0500,7450.08,2025-12-05,Subscription,Completed,Invoice
